"V1","V2","V3","V4","V5"
0.387129118200392,0.782342465099646,0.261658917836106,0.4350904306923,0.0622831032087561
0.689013245981187,0.441762978822226,0.409786879738156,0.970352462134378,0.845285394141683
0.361372190061957,0.0575491736817639,0.651804149178763,0.342586233695864,0.650057353224838
0.691389872226864,0.986268037609989,0.493330467301715,0.155907360008266,0.364785912533989
0.799462316324934,0.625420216907514,0.732390743077868,0.785725684764092,0.349538744980237
0.155588973546401,0.0385732780850958,0.0883621057400806,0.940712228707263,0.981681409728481
0.336437336169183,0.974126219429309,0.235704949134097,0.0171553577837114,0.164244012004929
0.794570486526936,0.186798751208698,0.907142811345086,0.421033397882449,0.0724773731490131
0.427643971750513,0.171516032511136,0.791045762756056,0.4358016439127,0.465390147903236
0.249653852777556,0.364218096743571,0.0528569268503504,0.30634662120643,0.766097482788609
0.960146057419479,0.506864544615382,0.980574622018954,0.713463363632924,0.0512009223748464
0.816721807233989,0.744089607411297,0.614550011336231,0.992842736661216,0.868822291929973
0.0441725407727063,0.0550665777700488,0.692217920770777,0.0605402193296487,0.685360127215972
0.64612872316502,0.604647951578954,0.60315326857173,0.588821561578561,0.348594779527048
0.383093322627246,0.579986821074272,0.0588032066128474,0.18374678683702,0.516138938808581
0.190367400180548,0.723384531243937,0.262029299550973,0.219282847636773,0.0626739382569212
0.276401632931083,0.866265889402712,0.108697577692837,0.0955960206432532,0.0956901454192121
0.673896047053859,0.307965716609033,0.663872664240276,0.543551620111338,0.487482953438303
0.00750370300374925,0.0499304168915842,0.683525260931473,0.0278490669327705,0.728173664858332
0.094498191261664,0.354116281116148,0.330399461380522,0.284031696270187,0.943211696547223
0.584859373513609,0.884912234352669,0.479665177552066,0.240996160093306,0.354069127730327
0.164552993141115,0.0892146874975879,0.582297595839791,0.383077119902165,0.697888719529146
0.32934103324078,0.0813955777848605,0.570191499269748,0.62287213844917,0.668625137623167
0.445470740320161,0.395041596697411,0.0281996323318854,0.189504504926558,0.500667619839078
0.39679478155449,0.522190466843313,0.505320413406593,0.315964199727482,0.856279797182651
0.399266358930618,0.445651200396242,0.721061354525634,0.379494567035787,0.00636040125391446
0.930445381673053,0.0842594303248916,0.977424458490997,0.377613582774048,0.0540645483124536
0.407006672816351,0.806488529226044,0.276977231944954,0.238462825026569,0.334142769541359
0.8108221499715,0.446896919776918,0.621322426756551,0.946384680821197,0.255047944461694
0.647293494315818,0.625110349064926,0.396196289630793,0.885078585400164,0.573018851835513
0.35759048582986,0.678870528732659,0.204726975492023,0.324256459616873,0.258345888199983
0.58456353074871,0.153400000039255,0.87013368520849,0.424745093175959,0.279678071412491
0.330294186482206,0.184552567574428,0.834015899500831,0.527164580247783,0.441430316277547
0.978633538819849,0.864540731039597,0.951164829466891,0.963616960337474,0.955634241952794
0.417996837990358,0.653964897530386,0.403289511535114,0.246236971226328,0.0648387333203573
0.355568633647636,0.68579194493941,0.331304362938763,0.209569997553118,0.190872225182829
0.395763523876667,0.694395821337821,0.196714148725418,0.343782641934783,0.289216641773237
0.477233878802508,0.341099991783267,0.889795162345255,0.573700669244883,0.529880550602684
0.904648695606738,0.854331795853795,0.846237615446363,0.903561277653373,0.729835538921179
0.415971865877509,0.945490548183443,0.294999588647257,0.0856446276125916,0.166144434857415
0.600587200140581,0.672600458463421,0.481009108885587,0.869510040492799,0.622000975505216
0.946070508332923,0.827730541612254,0.905855384545339,0.933543208533661,0.909670599125093
0.342234378214926,0.380374917323934,0.481664812827829,0.500484490421057,0.538816997403046
0.402485154336318,0.329228137474274,0.002819487413877,0.0311748202158408,0.82934000363457
0.214946376392618,0.444176868739305,0.0670826505154167,0.216763824379061,0.809932579839369
0.518243680242449,0.306075276486808,0.524563822269536,0.549045768028109,0.660281568678329
0.824324594577774,0.522866257437272,0.833765345931816,0.761593993149706,0.856598020909587
0.554132933728397,0.028206149378093,0.651907647796904,0.202062905984932,0.650817296205787
0.478817884111777,0.837778235465521,0.293614119393307,0.285970457377639,0.298083545378176
0.247283480595797,0.417744684702484,0.350078811333211,0.678144267324109,0.33778507556417
0.549518026178703,0.941002863663016,0.345824568364485,0.304606559322438,0.297916163894115
0.00590237323194742,0.835514779522782,0.080649809934712,0.0511722562495079,0.0159513512335252
0.363656297791749,0.191942735546036,0.633434654063548,0.245483713931566,0.357239756820491
0.891500415513292,0.0391581224685069,0.954344677318686,0.254331527345569,0.106802935799351
0.478358829859644,0.40525841715862,0.584917398683559,0.602589662706382,0.872704027715372
0.728227105922997,0.00137359448126517,0.0179512304091385,0.991940647972034,0.975018282508245
0.588649933459237,0.0834199671226088,0.867538296938279,0.331549728795625,0.315229098283453
0.70975689147599,0.325694220518926,0.80692269918515,0.54444928791057,0.179360359936254
0.320597606012598,0.853768150525866,0.167820903479441,0.154299105612409,0.064945630118018
0.338126658229157,0.592440763575723,0.198700277669073,0.390029464687898,0.507017817959422
0.516445639776066,0.81697500179871,0.452736776883193,0.136290352186199,0.355759851023322
0.703747752122581,0.526985264761606,0.541525540028644,0.857893099398037,0.763909386791056
0.185348348226398,0.622429664450465,0.0492977875349893,0.127100693779258,0.1259394735971
0.395999129163101,0.82531720525003,0.158477135574929,0.203603716936976,0.17873209938989
0.911789884557948,0.451409020781284,0.844999170241886,0.802893121799859,0.687627203733427
0.123475332511589,0.0635829281818587,0.163590607575637,0.773805297256735,0.967509964160854
0.108224267372862,0.129021985834697,0.217171373892349,0.872564182492114,0.917067447531736
0.376172369113192,0.3526157567685,0.883465605408374,0.509990311311265,0.477386547630886
0.00485064275562763,0.917175023379968,0.0487430613795162,0.0158280156167077,0.02082027491997
0.876063936855644,0.542533501196885,0.861200204973854,0.767776619788099,0.621193938452052
0.592565656406805,0.64336062016082,0.485971587052245,0.669478749747063,0.623913646821165
0.103320964844897,0.224573045124998,0.0450188932785935,0.292062042700945,0.991599991888506
0.416213356424123,0.279627037903992,0.313912400682037,0.308851286660102,0.838250405766303
0.750576601363719,0.646395038318587,0.705130829654668,0.740774045965948,0.639074943464948
0.232588692102581,0.031491777714109,0.123537928588761,0.888777175016338,0.974092470278265
0.0872174957767129,0.16149475707789,0.338540407579434,0.796610252354592,0.850935330410721
0.592818924691528,0.874669983546482,0.516552011094609,0.131614380992429,0.331361751974327
0.340653652092442,0.044071455282392,0.193718880294576,0.958143507609822,0.929346859426005
0.811610174365342,0.425574726279592,0.767850229238783,0.72819904735921,0.336726044042734
0.524638924282044,0.523907311930088,0.369499098933691,0.524716815403979,0.657512345089344
0.430836049374193,0.370508254593005,0.397316682662991,0.400170143820252,0.747325274540344
0.615580704296008,0.673635063081747,0.553564695278112,0.620253674386679,0.474140901962528
0.269014001591131,0.871473584527848,0.00904981213007916,0.0119398612168574,0.0590470466122497
0.330017136409879,0.44677631687955,0.428858196338293,0.359870053111516,0.441330412722891
0.746033942326903,0.554223131359322,0.68633446668227,0.69598156687105,0.483112771966262
0.184380125952885,0.14962073075003,0.242776370558002,0.609171426494923,0.918951275671134
0.75017441320233,0.759553189884173,0.693013631469703,0.649700816672231,0.481029986316571
0.26272001885809,0.236021273740334,0.327347631322441,0.564494330581185,0.818486355565256
0.581973016727716,0.160815757146338,0.84188599670306,0.41811496666867,0.415558870328823
0.0515883800107986,0.214430932275718,0.388697274580303,0.174671074259877,0.928461817995412
0.0692544649355114,0.201072610361734,0.775038959394652,0.222365151242568,0.546076677885139
0.282929341541603,0.342580781813012,0.737079821203361,0.176814521121724,0.556236531148897
0.119982668897137,0.600978984701214,0.128029106017671,0.201611335586151,0.366080891661113
0.164320655399933,0.0536369207256939,0.00719836451365202,0.61410956017127,0.99373591991025
0.0546187318395823,0.393975036364282,0.162481371760778,0.34973433809841,0.914060319686541
0.825365846510977,0.138912271679146,0.909817538274051,0.468897509859078,0.216747848229716
0.992700441740453,0.766755520511651,0.980574548989948,0.9534597980424,0.996302089566598
0.516746343579143,0.935232036950765,0.424999038519765,0.0474620804209043,0.271596409118501
0.632864696672186,0.390406290563988,0.833912588354395,0.564148772840794,0.577292454749113
0.361567624844611,0.0507937073416542,0.973152777735823,0.251529063972931,0.0608727333892602
0.117804710986093,0.356976805691374,0.185013590412823,0.33068866309027,0.965921541064745
0.368037641979754,0.423021718481323,0.0664700014410886,0.19362360213894,0.87435091813677
0.183063031639904,0.731546135648387,0.0137066322460855,0.0287355637408202,0.186482380871894
0.316157245542854,0.561133953422541,0.059287017467591,0.211636845946118,0.0780022950784769
0.649730733828619,0.894709038169822,0.537632596389639,0.307733427877072,0.397514197422424
0.617866078857332,0.615050056221662,0.471681541073902,0.760652675332802,0.717638355650706
0.572988749714568,0.908211079338798,0.446259852351725,0.171900642116624,0.310519204911543
0.989255107939243,0.720530458173016,0.985010368305238,0.884856521573948,0.778230783733306
0.869579385500401,0.745145164517453,0.826772622480844,0.765597142324173,0.5282570522686
0.733613153919578,0.592167157185031,0.589918195488906,0.947099318369037,0.888535055128159
0.6681450875476,0.698880004492821,0.546253431632379,0.718990288783714,0.276205295493128
0.677203257568181,0.716802583337994,0.572888616629718,0.886912471511997,0.738635911169695
0.675807480234653,0.240406414697645,0.833320113800657,0.425421332274939,0.379962490551407
0.885229285806417,0.647558418655535,0.933820819408907,0.678256100181888,0.00517195151769556
0.518374933162704,0.904127315763617,0.482257517718096,0.205224039566858,0.213945996161783
0.615745683433488,0.0585638831544202,0.0652328288964248,0.849496147646688,0.957249040337047
0.860999266151339,0.726070436736336,0.842393391897628,0.749656706897322,0.488492884061998
0.541391773149371,0.154414531687507,0.776872375739734,0.377562102574604,0.362886872171657
0.00615870044566691,0.645788859081222,0.0850496258010591,0.0829598357184348,0.827264885156183
0.131152021232992,0.553981294302503,0.36321042105887,0.609192308593294,0.0237570656172466
0.956388254649937,0.0523549432691652,0.983717896648746,0.319381048922054,0.0473503641842399
0.482974322279915,0.798263881617459,0.380957373658519,0.0934932784345148,0.297040386038134
0.892428648192436,0.344881319877459,0.952005467696816,0.623313298059909,0.362354749609949
0.976205778075382,0.573213333642343,0.974298172071004,0.805840484153994,0.571150376781588
0.269204396987334,0.295451769110514,0.197952956164646,0.635494764632261,0.826878758933162
0.330703518353403,0.0594792693445925,0.845634485345478,0.221513760817351,0.414863279176643
0.156370386946946,0.516627270757454,0.143791649829892,0.14492761211123,0.977905958920019
0.515913700219244,0.614620056148851,0.398396476598643,0.368969915922608,0.823108971322654
0.00641116453334689,0.622081802954199,0.0481298942189354,0.0783147813653862,0.499140625266591
0.784050671616569,0.969284152757609,0.653914848401263,0.415568168489851,0.424978406605078
0.616039637476206,0.389633763435995,0.251712661405147,0.788642266024097,0.0877722754667047
0.826449786312878,0.310314005851978,0.913526902244833,0.576998863908505,0.205120902828639
0.271244258154184,0.610805809119483,0.0510109055796067,0.127665660635088,0.427437103789998
0.22286595357582,0.674699482595315,0.0715100446530257,0.120085209214294,0.311977512697922
0.871820190222934,0.813219240197213,0.811303104069993,0.830371396182479,0.637966498761671
0.137493792222813,0.0179759218881372,0.643026642607706,0.455900327411239,0.694410551252076
0.230201301397756,0.743268273450667,0.206926711236413,0.220120370269304,0.143073723040288
0.371359589276835,0.485128350934247,0.123996333990802,0.402409438993871,0.363183843350271
0.0423218673095107,0.429726319533074,0.130269192101759,0.281791644600648,0.9102305911656
0.190944847417995,0.529650144133484,0.179365466124552,0.34500583056089,0.322220949019538
0.566396469483152,0.370081482018577,0.935236377025435,0.564124937653832,0.118255546753062
0.905070308363065,0.385408758680569,0.94257430924629,0.676538119900145,0.737492110958556
0.681540722958744,0.856125243910355,0.544754971975719,0.606919375681529,0.456540845305426
0.783056790474802,0.53116701010731,0.775062456535617,0.708208818387472,0.510526532161748
0.858862326247618,0.469639039278263,0.910413879914508,0.680187445734349,0.475218625942944
0.32171935075894,0.204533410636941,0.24345743623179,0.514889457016352,0.848461178335128
0.817343972390518,0.792015478567919,0.712567999333946,0.81295277908827,0.59611338013201
0.520095256855711,0.546346799033927,0.633349979912528,0.490952216079913,0.337818347936263
0.0472801688592881,0.21229831626988,0.0770497984472701,0.506243305636209,0.98703102194122
0.259521429659799,0.109840446122689,0.597603247220578,0.0680786066199246,0.721667202509707
0.908319104462862,0.13460607509478,0.62564170919414,0.924062187407473,0.600975768786157
0.344050011131912,0.635450898000272,0.253451971190701,0.555732410514991,0.0693937769683544
0.67248305445537,0.479244831454707,0.769211510983312,0.432247419550662,0.116907006799011
0.504636671859771,0.245177571399836,0.0573908965989386,0.346319513212202,0.910993911296828
0.543120509246364,0.396646339242579,0.44407006202564,0.810913754707723,0.344784393993905
0.682758455164731,0.498722445539897,0.00450256856783188,0.0415279609183513,0.0355428084440064
0.673923660535365,0.368166340311291,0.808619560960977,0.490783074871469,0.159081669262378
0.628196013625711,0.351926565897884,0.699184397820142,0.638975782014424,0.447576159582241
0.292197068221867,0.775198358605849,0.260155077011055,0.167982268764255,0.212994388683001
0.186949287075549,0.654025552532403,0.23734662927119,0.224608261765631,0.164185098226881
0.456690979888663,0.152388766378863,0.42629683053082,0.487624919417031,0.733671131107258
0.421337788691744,0.00556976979714818,0.221100375445776,0.995949000773594,0.936448146676412
0.559972343966365,0.622276567941299,0.379446146243211,0.665001766235957,0.748422859382117
0.68953816127032,0.687786702095764,0.519068755170667,0.92907277134146,0.331847833673237
0.310206749476492,0.683170718868496,0.127061840935504,0.22862801701299,0.340895093366271
0.0446185567416251,0.412705908325734,0.206837253569315,0.136083627346493,0.998869454924716
0.69076236593537,0.269513426203048,0.393316887054513,0.745034672667573,0.629075693286723
0.445667801890522,0.391390104283346,0.120668642355108,0.412197905348999,0.66890126283397
0.891428065486252,0.595257413428044,0.814224796752774,0.879311821522107,0.914329573774012
0.682890023803338,0.578069845709251,0.494870340867401,0.951674692845446,0.439624774706317
0.352921079844236,0.666473141900497,0.556499629696232,0.157358081776305,0.202731137309456
0.00510332733392715,0.786863857734716,0.112229677791315,0.0694618723556793,0.0242166382668074
0.891711418284103,0.633957934071077,0.811985951338059,0.889929508580003,0.685081071482273
0.965219266945496,0.621537255559815,0.958683805817053,0.831265872027461,0.742358730203705
0.190183717524633,0.917200186726404,0.0744002181115834,0.0501068376043308,0.0389433919044677
0.458879549754784,0.579822089552181,0.39491192769064,0.338883868548049,0.841683165141148
0.328784877900034,0.20194505629479,0.864088276179456,0.501467849828168,0.330513723223703
0.148260374320671,0.150749989814358,0.328712690338579,0.680045508619495,0.86782732696156
0.754895261721686,0.351229805877665,0.694963459243832,0.747649392129825,0.439385697041871
0.279296018416062,0.205597442371072,0.606499321400593,0.278928102063648,0.694343069830211
0.0712350266985595,0.481540390726877,0.16374932696804,0.245476713857504,0.859842719422886
0.872920525027439,0.852414350520121,0.782230830408784,0.930423881993841,0.765083955862792
0.21953807095997,0.697426940576406,0.24266395797465,0.340152321232284,0.00253715386497788
0.233501626178622,0.403105544595746,0.36116297869008,0.214203325809053,0.841922999505186
0.851155851501971,0.985795584070729,0.683489043662246,0.939069804745377,0.580185831728159
0.613961502211168,0.681464496970875,0.408962698424788,0.744715784620631,0.802329040976474
0.488506972789764,0.558932524494594,0.636301476274709,0.284979040520899,0.506935777695617
0.660194892901927,0.607647369004553,0.461582575467756,0.859376493742871,0.531362266890937
0.580627604853362,0.146435852366267,0.599917600980993,0.50265116294757,0.551282369851833
0.208709750091657,0.441520139138447,0.282324000509313,0.474812187237899,0.807983844570117
0.331751333083957,0.490645688405493,0.404494883223274,0.386859138209677,0.575557233620202
0.155476153595373,0.661580409068847,0.106368279040374,0.155383105249504,0.450191211100901
0.332960192346945,0.603077770123491,0.599428228389571,0.22187819410117,0.735764376848238
0.438647862290964,0.336606695636874,0.687860668921391,0.407141478100385,0.395262104779249
0.879167477134615,0.630761027132394,0.853880448592775,0.817669633240441,0.849207694845973
0.067510177148506,0.967230796901276,0.0382178587358741,0.0103239401585044,0.0241114777454641
0.0924072498455644,0.935091780236689,0.0650749031270103,0.027390347445133,0.0283644481387455
0.679278073366731,0.29832330471254,0.0233082681656102,0.152995070809312,0.858846160379471
0.944892320781946,0.311272222344996,0.988967346306331,0.606587722963486,0.169062817149097
0.292023821501061,0.0360713478585239,0.930469519846825,0.174840182638161,0.285824366932502
0.908854856155813,0.966184103192063,0.803042512055675,0.965497606650016,0.702874973212602
0.905232059769332,0.834219809476053,0.870794790749183,0.824880599320408,0.537106685020262
0.0949792354367673,0.0266368401062209,0.987218917042567,0.156412516610518,0.154611192847369
0.505591656081378,0.185178567044204,0.00364451594746723,0.111261257377092,0.933552007569233
0.511847925838083,0.701038071623771,0.368802590933426,0.555461281337619,0.406318332272349
0.432926589623094,0.941731304657878,0.235595631564342,0.0968061993135151,0.194850818807026
0.833940211450681,0.869390194158768,0.739439272723529,0.918589776871902,0.675313373358222
0.0150285679847002,0.157393923698692,0.616687009128591,0.222575145927229,0.716785335534951
0.872960150940344,0.772228503163205,0.811449916869004,0.869947493838994,0.731565557915019
0.906397628597915,0.531971251504729,0.829942165130441,0.860567609274394,0.879049200651934
0.956407067365944,0.871592995681567,0.894520899656454,0.977859894450421,0.991212127759354
0.00925270514562726,0.952014702634187,0.0245486830611258,0.00723385082013559,0.0137170828238595
0.133750778157264,0.164335197390756,0.246213198839905,0.965720587511208,0.854009332979331
0.563521648291498,0.43332503552665,0.344754481833907,0.574280660775159,0.829158548178384
0.319021404255182,0.721269381552702,0.33816416879237,0.201480505566621,0.398450272361515
0.419432779308408,0.0149545836902689,0.628344706105208,0.0312683114942609,0.720239908288931
0.0245509990490973,0.0423613760794979,0.976833874733816,0.179821187509455,0.203947703033919
0.211396351922303,0.217534875351703,0.608643575196706,0.463076128057934,0.598413291532779
0.491130389040336,0.0615009745524731,0.801753312922251,0.34048285885852,0.513384305435466
0.421261518495157,0.681578980846098,0.360762478786189,0.363000917987783,0.312321498495294
0.408764567226171,0.605847163678845,0.219105603251048,0.41185264364503,0.392657594202319
0.769504512194544,0.435668983642245,0.817348193992142,0.719634453864926,0.673796821996802
0.214301897911355,0.521859195752768,0.131600341414143,0.276162713177268,0.683073913882254
0.477005639811978,0.870389688672731,0.325067657464007,0.243833801526781,0.27135499016731
0.650350269163027,0.758972967829322,0.606833386429329,0.4108558117786,0.370871824357891
0.116691289003938,0.13295729944366,0.779015707489628,0.172388928708022,0.385863542702282
0.42444147891365,0.817738897312665,0.409950641009985,0.135694626102767,0.271763662953163
0.950819113990292,0.331407257559476,0.911619354008737,0.701796114118292,0.381690341659123
0.0794469227548689,0.372745793109061,0.137304016091347,0.30675773060524,0.937823541258695
0.779612201498821,0.231475507054711,0.955497028299674,0.511924223955739,0.154816971305991
0.726141197606921,0.998168163438095,0.473823988691678,0.0608709268325811,0.373164836695651
0.661735080415383,0.52006152246031,0.733392070597493,0.654130839416687,0.472128368128324
0.87654513772577,0.100962418568088,0.822838639228651,0.412374584037641,0.341883827670245
0.150803005089983,0.393964942457387,0.0580852917603136,0.272748292489408,0.778192650730489
0.33598374016583,0.174252196768066,0.835563624714281,0.389778797978547,0.42251521217986
0.588197155855596,0.434065999899758,0.68522380499354,0.575939407556937,0.485348029382294
0.674782915506512,0.591736243659398,0.683476757635275,0.475270703824244,0.122878962691175
0.548620689660311,0.888738038804149,0.455183302902632,0.134953121603871,0.289258927834453
0.770367364631966,0.038602339773206,0.554510719516699,0.663962246924722,0.719695873121964
0.637463354039937,0.283451233321102,0.190744450686906,0.557782531792482,0.666668424295494
0.270763141335919,0.22225435191649,0.847928068563167,0.34158532633938,0.245847603742732
0.508892969228327,0.383506253740052,0.555945045684754,0.524911731174056,0.174364604317816
0.381080179940909,0.483189423190197,0.573163090263242,0.169646808862187,0.252880591171561
0.251155914738774,0.699240159679903,0.0506028950713333,0.0808937354351557,0.642637765005929
0.273232948966324,0.444030116283102,0.252486679988742,0.519275970600045,0.548247545870254
0.052503600018099,0.748410005558981,0.0409087277677064,0.0550544220009909,0.0807814800355118
0.10990971699357,0.359745599591406,0.685814366248744,0.275741416233053,0.637981970416149
0.632897117175162,0.996352776448475,0.345924023516797,0.125230629577453,0.351227214414394
0.575407475698739,0.824273397302022,0.442520463087017,0.533842187430932,0.401177005987847
0.596337333787233,0.347171165019972,0.779383318984676,0.588276195931337,0.311095916404156
0.0524515439756215,0.511965496145422,0.387838456182593,0.0837066507627587,0.990291590191191
0.504420726792887,0.532257522427244,0.544757944992419,0.830922535582576,0.179085727053462
0.766188600333408,0.841201012459351,0.677494735582045,0.787093285438374,0.540853874204913
0.926713440334424,0.0457069364201743,0.775445931718896,0.440523412424535,0.462871990079293
0.243149847025052,0.955940174433636,0.156419592102634,0.031985513649946,0.116949453629786
0.888370128814131,0.625632468756521,0.844903783046072,0.842310714259389,0.677825132937869
0.945558317238465,0.162353396211984,0.852173361314574,0.563913474440306,0.172837760153925
0.630327543709427,0.763721674651606,0.514686419446227,0.690012037716115,0.649408795143245
0.201956578996032,0.752842375222826,0.0845042601886071,0.109483358865606,0.250683628575644
0.0631311503238976,0.74721643832163,0.00745562480621587,0.0147990066614633,0.0292795722198207
0.0825592486653477,0.100822239444824,0.720828323502466,0.168493630411488,0.627108889253577
0.0414636542554945,0.667456873779884,0.032093559973542,0.0586707003262799,0.16519490358769
0.476828191662207,0.176301691011759,0.259989914022978,0.395927826652971,0.882583793514641
0.421235081739724,0.669524151977384,0.234262952597262,0.397994253301723,0.244048541673692
0.648210139013827,0.00296909527969547,0.895735360645899,0.0635257911982741,0.34925102131092
0.0193184812087566,0.721940611983882,0.0672019058214947,0.0691078291873845,0.151973840751452
0.218181107891724,0.701371606235625,0.0873982955773134,0.148840947868413,0.153490206372226
0.720476232469082,0.258990823669592,0.674431456648812,0.70315571789422,0.445708616782213
0.633119520964101,0.974752321635606,0.41320273903842,0.265433994570379,0.30864670642768
0.894683330319822,0.478988673916319,0.841976862895787,0.762326647279287,0.200057474052301
0.330489067127928,0.253609662846429,0.273974200231431,0.74281343059375,0.7427289855259
0.643552514258772,0.820974561880575,0.447290206779938,0.855300891779189,0.506755247042747
0.364570399746299,0.268768489098875,0.229611818105934,0.580823315543826,0.840373956627445
0.145762599539012,0.0949726441467647,0.198799362382422,0.708115496077108,0.944882990064798
0.834947323193774,0.946368125296431,0.698323461815049,0.929377401968932,0.604137664806331
0.916491729672998,0.629199045739369,0.882519323096572,0.833716207116065,0.787389086472103
0.632905991980806,0.798355635808548,0.553048082107457,0.234702609020041,0.405995183769846
0.679990682983771,0.553300614497857,0.688008330229049,0.710043342787431,0.322291372198379
0.603690960211679,0.0352594607102219,0.15397622204997,0.982228769108381,0.922607311775209
0.817979254061356,0.777178967691725,0.740918297100852,0.85822806558253,0.725977781781694
0.303323149681091,0.0525123993575107,0.397623382362564,0.956132656731111,0.818980618991191
0.00991158350370824,0.354393408779288,0.470902683366353,0.0327921213739915,0.968440490512876
0.678481701761484,0.35222824421362,0.759343499696093,0.609735036656164,0.687084044358926
0.72538626845926,0.643983869551448,0.637914148520665,0.845907247646893,0.760642837703926
0.721112376078963,0.461144051310839,0.71775772915911,0.768131775167336,0.917449147294974
0.91600290639326,0.913315944751957,0.825861867961146,0.969383875433952,0.815068992233137
0.69574609072879,0.255868300882867,0.946381417664606,0.506814112777606,0.232492916897172
0.485817844513804,0.0176151646592189,0.733338965693317,0.201495158242813,0.588541959965369
0.437378303147852,0.438547107885825,0.455158251380002,0.702456512092394,0.184786142228404
0.47680828999728,0.886764675757149,0.324647943005048,0.187647359120529,0.280916444171453
0.0995371413882822,0.09723019626108,0.763697983143687,0.170315599757653,0.554688497068128
0.958731823367998,0.401289342000382,0.961316466131408,0.70167573378723,0.308532086521154
0.595315433107316,0.991111254290445,0.342432098156207,0.0544344994092123,0.305882473447127
0.478548888349906,0.62991741890437,0.366698346660284,0.478234597478836,0.696047137287678
0.189250756986439,0.463385132636176,0.0611067619670186,0.289586435995744,0.111651926214108
0.783721845829859,0.812787943490548,0.703223739444101,0.735953713267855,0.544849602709292
0.192123971413821,0.68502809011261,0.0213134663289095,0.0563904181337499,0.0349695004115347
0.367151808692142,0.278004230727674,0.287105658240792,0.643371338588251,0.737249759986298
0.72554201236926,0.760155028343434,0.588252586417484,0.908752995511594,0.675677261577221
0.131097990320995,0.562824445398292,0.149934112874223,0.187840353862679,0.922646025806898
0.312771746190265,0.925420357001713,0.0351852942274662,0.0295363076861625,0.0846927219245117
0.159730295650661,0.193294348224299,0.398975431227295,0.542688140434398,0.767160940828035
0.81208420637995,0.614306846429827,0.770299121033355,0.806850458643879,0.592978958709864
0.316762812202796,0.705941804189933,0.156519952291384,0.229739942118863,0.363571873254841
0.0547170955687761,0.234537751966855,0.10477894864721,0.594081883951965,0.964805557421641
0.230898255016655,0.703276585816639,0.312911445533271,0.237282772998176,0.137648314848775
0.00762651208788157,0.954373239452252,0.00324210502938643,0.00113616382996846,0.0101697894569952
0.529298545094207,0.615918786119437,0.497728119724402,0.437305112493292,0.40223177158623
0.540235728491098,0.666766691982048,0.507023363653821,0.586412143349888,0.70199890047661
0.162691220873967,0.66529828318744,0.0310860921330798,0.0744429906161698,0.188884928968037
0.575315723195672,0.219931984931463,0.552376791517999,0.47556655257529,0.45986611788976
0.604673700174317,0.0976125287415925,0.804771583181901,0.221183694581665,0.331765791546786
0.0233379644341767,0.851945857022656,0.00818770835667842,0.00780386455813669,0.0297082466713618
0.726130871102214,0.542200971074635,0.571412393981708,0.943080201022077,0.169306593976216
0.0906640298198909,0.729793328995584,0.0547336539778943,0.0674711259202993,0.154911728022853
0.451080192113295,0.981505681964336,0.228694339649951,0.0611303824239242,0.18117386373342
0.183271126821637,0.668341718992451,0.0805052642678325,0.160168263928045,0.0617038223135751
0.634880163706839,0.134337999596028,0.707599748058066,0.432451364367121,0.436106390174245
0.824335678480566,0.165665088774404,0.814184441192092,0.552972733932947,0.324079286801862
0.227351850131527,0.446153592230985,0.085506909510964,0.28843122703468,0.727938991476549
0.694518940756097,0.686533536965726,0.560049602081187,0.847005777152146,0.910531130997697
0.334814173169434,0.314321425597882,0.49266191193981,0.746784204866616,0.645875485701254
0.263335557421669,0.546009929006686,0.085375742703677,0.254251889402006,0.131208886072272
0.114852720405906,0.226132213807432,0.663371759076132,0.210675802981396,0.512988785892958
0.331548117334023,0.394499302346958,0.535957883118499,0.547354554388742,0.476210128428647
0.883996451739222,0.753286538500106,0.847890697903246,0.837237022120541,0.717463304434204
0.95787945878692,0.244675109483069,0.919614289570548,0.601252304512259,0.0113734814513009
0.0338253306690603,0.119049360364443,0.521353207435686,0.24172497349704,0.808959667134332
0.548654201673344,0.877830442768754,0.413407548892097,0.181175989919081,0.280894189578248
0.108495511347428,0.142990095104324,0.534160593642881,0.266876804132021,0.743135540891672
0.112403049599379,0.863093421939993,0.013370704603901,0.0139849753667696,0.0295569447043817
0.852057306561619,0.712889839865966,0.794416929746975,0.872983040647178,0.833824920206098
0.13518298487179,0.699432901135879,0.109927737173267,0.162132776329335,0.0252214020874817
0.62409910839051,0.0155398429196794,0.660592559858481,0.340089869546684,0.667031584511278
0.892766875680536,0.371544982568594,0.835488724982471,0.704263722668241,0.198792295501335
0.160523115890101,0.812220648833318,0.0449629826352111,0.0506845830578323,0.0326258131826762
0.273357579251751,0.347066169750178,0.347264132358929,0.493971787324309,0.708043629972963
0.640412010485306,0.884784515743377,0.502387211167619,0.552397193627942,0.398731800058158
0.917306008283049,0.618908646953059,0.917576785867528,0.775909434835675,0.560313574416796
0.410800997866318,0.457225351332454,0.192417130827767,0.509046440995155,0.227885013940977
0.556675156811252,0.948531782574719,0.343450079351256,0.217450253843957,0.268613905209349
0.847221158444881,0.273782431409927,0.711955288474859,0.714652655158868,0.339103644218994
0.33058061520569,0.973623132536886,0.0733505393100393,0.0294771174052933,0.0959531404369045
0.561916881706566,0.428685255843448,0.325639773573157,0.622794808670547,0.905163992516464
0.0653513069264591,0.56044013806968,0.234260203243263,0.269212907459639,0.482900165108731
0.512568325269967,0.540128076943802,0.378807134002914,0.63652489119125,0.844108533317922
0.0602267626672983,0.105351213511312,0.479460224009165,0.366224818338752,0.824665098363766
0.9881997841876,0.6153592337796,0.988192716570799,0.837666796566366,0.74695125411381
0.485034418990836,0.251912655396154,0.367728484768287,0.441826986250177,0.823335792025318
0.751088009215891,0.0217097487475257,0.684459925271811,0.263460186732123,0.605222522077383
0.109244497027248,0.170595188130392,0.0440163959258779,0.339122473220537,0.992848341964418
0.771425770130008,0.62067735355231,0.694902038152516,0.846472105963392,0.830165720632067
0.263609529240057,0.325345814489992,0.0960297519049701,0.360839175777853,0.891694921563612
0.723608147352934,0.384490881318925,0.662363333620725,0.741890208493255,0.273206049896544
0.211258596740663,0.258914972568164,0.178074443624348,0.595052737152293,0.942648157622898
0.870416361140087,0.0674532315752003,0.701983407899768,0.560437584268388,0.540610415948322
0.449676535790786,0.222248933598166,0.716482530734058,0.448088273360336,0.404790966509609
0.226151805836707,0.557207059144275,0.156360467225172,0.303370381732199,0.760192400164669
0.624203868675977,0.8477985796344,0.530407600378216,0.291686079595851,0.389610301033827
0.417177819414064,0.108953478251351,0.502624203490632,0.784731082891938,0.699529211997287
0.296654102159664,0.0684645446890499,0.873558173728603,0.219170157883205,0.401134390413063
0.294434303883463,0.466224179399433,0.157763926725052,0.353507618923016,0.286412389628822
0.446379077620804,0.24724356646766,0.344517225540484,0.716957040060644,0.649174154415959
0.428597253514454,0.113838310266146,0.408857601298045,0.229202439061772,0.811966180190211
0.238549236441031,0.134754851431353,0.381624296555873,0.319677977732878,0.837236377730733
0.149094347143546,0.543905512517085,0.0701459998645379,0.19384769644966,0.338869190629339
0.512206211220473,0.197978180280188,0.00747471708811659,0.16011213783172,0.930709197273245
0.671629132237285,0.69099587193341,0.508336823465019,0.933482296053756,0.657392330031144
0.852785262046382,0.84741043674876,0.797240759568795,0.801282119878864,0.560420567315305
0.659920656355098,0.390341291291406,0.381445785850257,0.867314631373997,0.344947025907459
0.949414028320462,0.449598811654141,0.938912225978086,0.757830823244603,0.796066581649939
0.453974065603688,0.181602740398375,0.188058305512128,0.436472986419562,0.898942817788338
0.921302787261084,0.837182537099579,0.894520178117138,0.841946525333241,0.51513301228988
0.63497542287223,0.178363948740298,0.589919713012133,0.556121400114239,0.496787681273418
0.539365989156067,0.0803591155272443,0.0453363889830379,0.857645636883558,0.953697361022932
0.233365409076214,0.929697492247215,0.201436524060806,0.0504869290465327,0.152538566588191
0.0732348926831037,0.880965411983198,0.0710407312384236,0.044628430389484,0.0104432164516766
0.648246994474903,0.689158826105995,0.605549924129985,0.658844838308538,0.533200717385625
0.591290118638426,0.506107387627708,0.480775838440926,0.704086748149426,0.950089308520546
0.279051217716187,0.164933029125677,0.0742921447301609,0.554840412411208,0.965634083520854
0.368655801517889,0.116157148295315,0.81512916794021,0.419387322332415,0.42140492532053
0.989197594579309,0.952228630863829,0.970397239195181,0.982027187850897,0.868781239114469
0.109038294991478,0.251739893021295,0.215997048405952,0.802616772989533,0.857944972492987
0.801321943989024,0.300130992865888,0.852325643410985,0.617577221311705,0.256928271992365
0.87968069803901,0.997447504050797,0.65706248755567,0.999444804969135,0.744987668731483
0.454651229083538,0.898528055200586,0.293741329285397,0.143987221295795,0.23309695450007
0.431994817452505,0.753776270983508,0.340746594595941,0.262036248210076,0.261031823087251
0.847308341646567,0.957193845330039,0.679567607234895,0.982148634170687,0.663751165411668
0.943131874315441,0.408832323126262,0.942852753412689,0.717716466649252,0.609334440930979
0.543299195589498,0.417103210551431,0.453349886317454,0.721612140892064,0.505598748481134
0.787481213221326,0.469998309767107,0.921998699379734,0.625722803662134,0.1871060274716
0.740610514767468,0.139396892016521,0.664118038345709,0.641450158591579,0.549033239105484
0.21927312319167,0.987589113152353,0.181441878345718,0.0113820406490917,0.0951887722767424
0.454991006059572,0.870712242525769,0.307856312132181,0.199085670937959,0.204525313427439
0.193360326113179,0.452293316164287,0.0394387144308346,0.154693047864174,0.754772195854457
0.511650980683044,0.697288750525331,0.327734637271832,0.754352840841689,0.771883219393203
0.792460675816983,0.844170666561695,0.686751058116748,0.810418321542948,0.500083302875282
0.787233248120174,0.831971518666251,0.673612033665124,0.897752003546109,0.688140232261503
0.907178442925215,0.284512437036028,0.878559281884464,0.642051664719542,0.152027603733586
0.263171229045838,0.230458670965163,0.21754498168575,0.684433722690538,0.871711160085397
0.295924129197374,0.238491389638511,0.667185970184889,0.480129888386382,0.483654425857821
0.445528021780774,0.938589952682378,0.289665943779067,0.0873564839447393,0.205317104671849
0.473354578018188,0.283062194677768,0.680754634533041,0.390719128953611,0.662986979325069
0.745603957911953,0.648214078479214,0.81027044645967,0.62403089170956,0.338208030821988
0.721419750479981,0.783374112768797,0.650897144522555,0.702783487412948,0.514934149250621
0.0907343330327421,0.319340183079476,0.0270803435905108,0.250263439313901,0.912625922152074
0.421774405054748,0.0472882847825531,0.207082136407171,0.962832489007628,0.921345508220838
0.669365455163643,0.837271792202955,0.555447955335085,0.691755523966245,0.457213639194379
0.404506913851947,0.445011327887187,0.190445912981115,0.52502975931439,0.587531847908394
0.375486303586513,0.578459006646881,0.275351520277406,0.415609733764254,0.574411067384062
0.0831132926978171,0.396059201710159,0.1585494318547,0.426524537820685,0.793340056930901
0.830033363308758,0.656091673212359,0.802031755283023,0.78016997158985,0.655789488722803
0.112771058920771,0.56509147505858,0.0839815072714835,0.191570568642584,0.314776969345985
0.769082085927948,0.412857713672565,0.768594803882374,0.6163931752047,0.0115232907410245
0.398554688319564,0.0937808982271235,0.151015872773191,0.767093702421814,0.933896313043078
0.333579309284687,0.327189251926029,0.606745045693259,0.453670626104432,0.273324102599872
0.45228129113093,0.196800284582423,0.680753737564147,0.147635089588622,0.503175872407155
0.285868734121323,0.586676745762816,0.278475639581568,0.516321580795119,0.0320546958537307
0.784754092106596,0.188848011282971,0.92280317029489,0.423291569850127,0.0735223932133522
0.767301725922152,0.586493283306481,0.61306917520076,0.978966130317991,0.881847177544842
0.930841549299657,0.186945164314238,0.975447443676147,0.488983059396216,0.0508349514275324
0.676348253153265,0.90344109814032,0.507532051552437,0.699228693614125,0.430406745144865
0.044031169032678,0.627515412837965,0.0778033633490796,0.155026764069806,0.0246903422812466
0.0780763358343393,0.651477116422029,0.240750571758748,0.216195769946838,0.125613814598182
0.265980133088306,0.036833655933151,0.695992537401806,0.2167728124681,0.631227078236407
0.316102353390306,0.0441692621388938,0.538337339833738,0.246633859726718,0.761489171447465
0.725794310215861,0.19607840621029,0.576665286134068,0.684802143137915,0.462038365629269
0.932492356281728,0.825070791266626,0.879486666088707,0.928105639310449,0.842683210183168
0.491131018148735,0.0474288827681448,0.229277322750501,0.90225465306458,0.91405854394543
0.715325526427478,0.98015118893818,0.506256784555734,0.531334362677661,0.429537440621061
0.432683244813234,0.666869478503941,0.303185050240342,0.382883743139278,0.537005890248111
0.765817996580154,0.602017508208519,0.729056061728194,0.826032149659092,0.904764691862511
0.96503906766884,0.198391893383814,0.985483637726641,0.535848236221103,0.0471409616584424
0.0214328612200916,0.137768605636666,0.119519482874696,0.71454077652593,0.990115780936321
0.698609891813248,0.217689886776498,0.864882956166029,0.45362731006237,0.112847876880551
0.834886565804482,0.388653302885359,0.826790154919053,0.679354346905221,0.392249921540497
0.867569056106731,0.936057876999257,0.766578913614081,0.908175620642171,0.628979706933023
0.658710693474859,0.488168772106292,0.406810673423728,0.941005453699368,0.575510680238949
0.516804658109322,0.733950595109491,0.414105306723089,0.591383195533639,0.309379858110333
0.583322760881856,0.773580786160892,0.549304785986862,0.303247982530356,0.397253496485064
0.889659865992144,0.615447801741539,0.89475605728082,0.731237605562322,0.238765506743221
0.0905159604735672,0.29608563837246,0.237211547989939,0.556507202513756,0.874885314464336
0.0313210193999112,0.761571283772355,0.268137139939764,0.0706793158700082,0.0790000257256906
0.929804340470582,0.350580463680672,0.960105506952435,0.638508401578765,0.1446810393536
0.396978702628985,0.28427610869403,0.235488725909294,0.665812884259049,0.771549395489274
0.0129015818238258,0.349217401264468,0.0686665022396362,0.237622398680446,0.993765301216627
0.0188456934411079,0.610010196483927,0.0495590915462774,0.106199457145986,0.242956239526393
0.983672489412129,0.331422781193396,0.981866039208186,0.69327121244676,0.246665922721149
0.188311065547168,0.055421360215405,0.664376016816258,0.303023408214708,0.654785724793328
0.870368572883308,0.759460389643209,0.805414089874596,0.878830158939676,0.706418596004369
0.94416391919367,0.801089276938001,0.907460377987805,0.918665484526706,0.900470220978605
0.851152348332107,0.0362439732125495,0.809344265316449,0.277825450150947,0.394581905537052
0.522169356467202,0.341040928004077,0.553486879861306,0.366881435980955,0.479031560389558
0.105046259937808,0.788697845448041,0.200053163558576,0.157807639400705,0.0410581287869718
0.862707694526762,0.69935298038763,0.819915128778679,0.820334176665689,0.688788830855628
0.207605049945414,0.116590900259325,0.34506374484094,0.552272467241581,0.864158652693732
0.672968121245503,0.863037080009235,0.463724634087633,0.917369825009647,0.43957884280826
0.157410223037004,0.0720065018103924,0.233741510095072,0.814833599210219,0.92926196163171
0.302360659930855,0.0957852712308522,0.95165853567968,0.273529863318117,0.204253390111262
0.523483341792598,0.701825519121485,0.362876975612193,0.61496175556904,0.236061051749857
0.0733137433417141,0.671120971237542,0.367512870820192,0.0864770035833206,0.325562211073702
0.855976982275024,0.259867173299426,0.869233473982779,0.539052321797799,0.0954466747643892
0.507390758255497,0.792837445187615,0.534159170718887,0.164801554081656,0.343666428379947
0.121452205814421,0.373583976848749,0.559785371103046,0.585548719050962,0.564588978275424
0.741819948190823,0.0944118341139983,0.816689045561314,0.336355204148455,0.328490959334886
0.0615756954066455,0.102232556877425,0.649619558879848,0.100473060423705,0.679470761067932
0.212993022985756,0.373348027380416,0.323051799639883,0.529635704074133,0.633406934706727
0.933048406848684,0.029655536665814,0.726305976631178,0.473097048978742,0.515949034219375
0.80017124209553,0.974207882740302,0.61002775209628,0.94362124794213,0.54632182707428
0.234517507720739,0.392968106578337,0.226570695146358,0.856180486109373,0.0114251217164565
0.485905100591481,0.478353816404706,0.0554338797539387,0.220825795528209,0.240053592919139
0.609050073428079,0.611174588237191,0.731075544625286,0.506236453874111,0.541060938761802
0.575109678553417,0.462595743912971,0.807993962927341,0.437637541239178,0.0311406367400195
0.52933616260998,0.178893194388365,0.660264362328142,0.222547209140823,0.401811830786755
0.715968827484176,0.909133353823563,0.582165660916218,0.452162032252127,0.439396456960822
0.884989056736231,0.429345663724234,0.904127120788146,0.65339499589757,0.226118361664703
0.783547860570252,0.729003576765535,0.76347925296038,0.752950313015726,0.650815389031777
0.695006227586418,0.976939509826479,0.443734750378099,0.70836782281583,0.414507935318397
0.735938413068652,0.431463237415301,0.762610883541822,0.637741433349699,0.663795808359282
0.639835747657344,0.424088079162175,0.739942471409299,0.600721569332319,0.223795310099376
0.854610323673114,0.732553455134621,0.728881744106378,0.958068396550078,0.914698963024421
0.7912568426691,0.6845711042115,0.718449454778271,0.786537715508192,0.617770059761824
0.179815924726427,0.929958643071586,0.224145073097133,0.0346385060312467,0.0856531017052475
0.923278444446623,0.00887650225195102,0.567545428739745,0.451313724673529,0.677017677720869
0.202877587405965,0.572961879399372,0.317662981900228,0.261729271304506,0.13446453018696
0.580856375629082,0.739580971858231,0.560095818202547,0.461832052599403,0.443896688550012
0.869057999690995,0.166200283827493,0.980043539316303,0.446705909895507,0.0444593950232957
0.361673393752426,0.787251794856275,0.308490875289921,0.109870623233224,0.278145146410679
0.148459390504286,0.728788337524747,0.201803442638119,0.126354849085764,0.385077098530019
0.708938309457153,0.789420594082912,0.583384082304703,0.806906914363648,0.458717674860964
0.538632767973468,0.00723886289051734,0.974318414927864,0.108644903115751,0.115233341610292
0.169619756285101,0.964223016955657,0.126619688192748,0.0240232231682869,0.0687722079746891
0.669349623378366,0.747042303235503,0.579807514646585,0.523484569250049,0.474463442486012
0.168136381311342,0.432991916168248,0.18547655161756,0.328152560738877,0.861997780593811
0.157716058194637,0.0753020635747816,0.688070166690983,0.121935425105963,0.643587712576846
0.345699023688212,0.10536331453477,0.94893484573613,0.323585792589422,0.0779739838035312
0.932684079743922,0.537400509958388,0.898211242759476,0.819418685456299,0.884830291994149
0.355779318837449,0.126163693523267,0.785101323029508,0.450037464923388,0.524884530430427
0.104113748995587,0.613541295024334,0.0939689483856742,0.135682745393655,0.598812786076451
0.644746237201616,0.294676021818304,0.555979490091495,0.630365783728831,0.80726801478886
0.344480053987354,0.338992440287257,0.696305416266503,0.420820255281416,0.300954589009052
0.995093507226557,0.751691386773018,0.990835079751563,0.926150612901121,0.929085705807665
0.322812090395018,0.382749868178507,0.173629388835948,0.423135760393766,0.788567487412365
0.303485315060243,0.332603410439333,0.737690035362234,0.370552974769367,0.0213301980111282
0.217027841601521,0.484783643420087,0.57016706144183,0.298305301548567,0.449414922069991
0.465318721719086,0.37132508752984,0.216562138821809,0.605435308616156,0.611709064600291
0.925812732661143,0.334425955399638,0.90166251316646,0.633571858243365,0.133894970203983
0.982590243685991,0.979316950106295,0.942583750145763,0.995684488080067,0.960217995540006
0.0404923534952104,0.920383715216303,0.0293816121501674,0.0146169781212815,0.0145340970775578
0.282945581478998,0.199277029169025,0.646403877714528,0.383955165514083,0.583551103860373
0.604757955763489,0.778837135381764,0.582179818741419,0.289109759542918,0.440062419656897
0.483674183720723,0.196212900715182,0.338164416702424,0.655646336620324,0.736156179133104
0.961162208812311,0.930695669114357,0.90736917110136,0.979223879067221,0.91691045081825
0.611707557924092,0.722000280715292,0.311373355819814,0.856206674161201,0.553979803604307
0.222667969763279,0.140241121087456,0.891609728499326,0.305782733150571,0.376028706232319
0.896044065477327,0.687963884294732,0.897461450831456,0.754900488746989,0.337184792471817
0.700007100822404,0.994486909738043,0.438856784252141,0.216826118428534,0.387263883923879
0.731291476171464,0.499606032826705,0.191873982657145,0.650741037596833,0.80206383173936
0.854728873819113,0.609387816424714,0.877348920834847,0.692853693170778,0.327167496347101
0.0044428298715502,0.0466766922327224,0.0329260685034966,0.682753440257597,0.999899749906035
0.178322604391724,0.254111965972697,0.710590143424243,0.320901229546763,0.407178857218241
0.333397337934002,0.181051328050671,0.296838060137128,0.736906666780159,0.821761197148589
0.592774707823992,0.935303958802251,0.390447149494179,0.373799342364432,0.297877013887046
0.977951420238242,0.362262562353862,0.976509538550998,0.67358963071187,0.0267934892035555
0.290269608376548,0.503259799996158,0.149894462537977,0.26728249581867,0.847683635511203
0.800973425153643,0.963812581758248,0.613961150447663,0.9299666976628,0.53903303205152
0.569063966628164,0.956669755425537,0.377072876764579,0.122328016309951,0.266945440118434
0.930894094053656,0.889364173548529,0.825203146539757,0.991301445056429,0.996274978475412
0.268262764438987,0.260608696000418,0.412015825736199,0.434426668207188,0.719698270928347
0.853158536599949,0.464435219153529,0.691594485998495,0.934216316516178,0.496410369087243
0.36172267771326,0.758446148800431,0.338810142868666,0.224991379561076,0.308673218794866
0.585763698676601,0.782589747483144,0.495526726887703,0.406578999873052,0.477775672770804
0.329351070802659,0.417688146204455,0.184942778260808,0.323385344372029,0.770835787436226
0.040054895915091,0.995125260698842,0.00841499113378363,0.000838294365253425,0.0217016769165639
0.772174871526659,0.161816545267357,0.851994297007828,0.418859008681221,0.20488243168802
0.606587774120271,0.587813562451629,0.581776880880593,0.589668659589549,0.560335769347148
0.220036617480218,0.925277859467315,0.118821610848259,0.0556935918042121,0.0799017717072275
0.11823849612847,0.292167103238171,0.692023978599091,0.197123912516859,0.529114527947968
0.590384050039575,0.725582324928837,0.475381381414555,0.430305801727178,0.20925740301027
0.137032174970955,0.261133422871353,0.398377591747791,0.120496398853795,0.902099825529149
0.781344885006547,0.428873753553489,0.718503917777601,0.773059445262814,0.317397931270534
0.331752853002399,0.361067203484708,0.140025739797644,0.447525364105501,0.770326312194811
0.288817979861051,0.545604519866174,0.276633046610473,0.435465973871297,0.276651828462491
0.492591467918828,0.984476960817119,0.335434277532024,0.0398312314003075,0.241826490877429
0.15392531780526,0.340284703794168,0.596332651206955,0.371124813676147,0.627187079255236
0.306271389126778,0.146673740498954,0.496353635411684,0.308742357215969,0.769265870359959
0.263804705347866,0.187609286833322,0.750245432688128,0.37397201639851,0.531731262832182
0.376995875034481,0.992782009328948,0.136907732472821,0.0220056401496444,0.129146003368078
0.232592513319105,0.11745206816704,0.37541103594007,0.326978192279617,0.856882550666342
0.305699193617329,0.47126367824967,0.44122896360903,0.602296605135122,0.55490795316291
0.797475890954956,0.340028833976248,0.0986219584720168,0.61485433013139,0.350777964311419
0.632135167019442,0.437768923322437,0.572355642793061,0.870235257420761,0.367193720274372
0.47793363337405,0.351080279535381,0.666778349069318,0.495266383485623,0.790535920561524
0.553121899487451,0.122738553589443,0.81993079970168,0.293994284793703,0.184548664517934
0.279387996066362,0.450843879865715,0.0922707010257049,0.272062304310053,0.749712526303483
0.934130273992196,0.7680029173207,0.905049977937451,0.886309284038218,0.83667663790402
0.726565598743036,0.542188095423626,0.620635885814521,0.855889615708772,0.346104093972826
0.0787655159365386,0.86558455080376,0.02287464324934,0.0209907377418779,0.0227616626361851
0.305150461383164,0.386839144892292,0.0817542812958856,0.315999568975833,0.773416910640663
0.260411246912554,0.677747468900634,0.148844924674,0.241220021497887,0.168280689482344
0.244702067226171,0.967379123176215,0.0778911344488601,0.02155118073117,0.093685634114081
0.792993270792067,0.814729828183772,0.740511333687324,0.648444202062625,0.454500048159389
0.112553890328854,0.226220971526345,0.454344652818517,0.392132772282426,0.758129029156407
0.706659230636433,0.58847504874575,0.603249803511186,0.883146226824845,0.711896025255555
0.763000779319555,0.772732359851943,0.696311171639147,0.616678557444215,0.403130930993939
0.250735715497285,0.79165455311886,0.239873719288885,0.0929713422038149,0.152570986916544
0.496709779603407,0.159093058930011,0.29817908363405,0.436489541225407,0.836612736486131
0.824223077623174,0.520905112003675,0.885190150837031,0.631811911593244,0.223836950928671
0.470000365516171,0.762205661128974,0.301192095950068,0.450125203623141,0.399695759551832
0.274864685721695,0.541949229984311,0.115003497770881,0.351065611638351,0.0314683347532991
0.750308494083583,0.246777554653818,0.903066641592413,0.484571141328143,0.144928702007746
0.133059000829235,0.182102328195469,0.310116929105118,0.634939404560087,0.877311028685654
0.470518560381606,0.683204326749546,0.35031702587711,0.36055404809062,0.348381921096006
0.346596001880243,0.216270834993338,0.618080693477465,0.440541026886974,0.536181651666993
0.188521431526169,0.0170198313135188,0.497140845112191,0.229652624592573,0.825504269363591
0.293502439046279,0.125197323533939,0.919694796751176,0.401442589382239,0.40218697473756
0.503862864105031,0.999895279790508,0.185167451350877,0.00582745866614542,0.202367472607875
0.258547184523195,0.525772159599001,0.401576725169785,0.513241020410119,0.517564798559761
0.660072247032076,0.602335957897594,0.668787381160536,0.564195478555625,0.238031110988231
0.653474831255153,0.128549244691385,0.765743547782935,0.457848955028294,0.470283849484986
0.663607282098383,0.815450902999146,0.558812811691847,0.77517063878327,0.498166861623758
0.815538471564651,0.851260720664868,0.693585978797989,0.903326131747221,0.650648316863226
0.516198333818465,0.743475575960474,0.357638667969294,0.58811114547933,0.354525604139781
0.786402331432328,0.437710452097235,0.860541980534747,0.615047027791767,0.280597623815993
0.939387276070192,0.939490251039388,0.843828716317386,0.992289064153164,0.956653942441335
0.874975701328367,0.669925853289897,0.865931684155394,0.774011386008413,0.556732559780357
0.574370376532897,0.634663389559137,0.559138180243131,0.474369992815436,0.380244907428278
0.28885077801533,0.0391311573621351,0.639347719548038,0.270980926649462,0.68072295197635
0.567978473845869,0.150509168248391,0.963601237973347,0.424502979356929,0.232458051556023
0.300105803413317,0.0675135937344749,0.844772940374106,0.284243347309086,0.513140942523023
0.029945072485134,0.420805236819433,0.148485569927283,0.25455703405254,0.964820463297656
0.476866640150547,0.261336144147208,0.238232380774949,0.779812878141806,0.744634518836392
0.553175336914137,0.0500880527833942,0.830126730324603,0.121792231359268,0.448712236742722
0.564241679385304,0.666578357835533,0.426634464201864,0.695263357378917,0.418043051759014
0.747093582293019,0.855230201821541,0.613730084488729,0.83110919017714,0.535817772237351
0.143314712215215,0.268476378259948,0.675641310346746,0.149680545818099,0.573719640349736
0.269655014155433,0.914520085934782,0.0298890599795934,0.0278200131199219,0.0528511426819023
0.527802838943899,0.653584130661329,0.476211369438535,0.731608406525253,0.62640374203329
0.675117531325668,0.280174427345628,0.600777042274246,0.794277565725878,0.422498620377155
0.47765050502494,0.530618008895544,0.507419562656207,0.183345320790265,0.975400685827481
0.529077244224027,0.494105110323289,0.59663237242306,0.413230021850953,0.482453496108064
0.157791757024825,0.153630120883463,0.266755623320397,0.700710363801972,0.89503798293299
0.191062384052202,0.829197495681001,0.183070039716437,0.103408651498919,0.142767701443518
0.952487946953624,0.638191285688663,0.928746197411423,0.862411239116235,0.907753397797933
0.742912120185792,0.00540909843402915,0.751165324269316,0.132415767921448,0.581968448212137
0.0676116072572768,0.290930390096037,0.393658128395528,0.499842264036754,0.795841427665437
0.575576704461128,0.61436616620631,0.691886831853696,0.467766192113307,0.390237316983985
0.247909055789933,0.550464395812014,0.255837067898312,0.228238226368549,0.808466621761909
0.0786478659138083,0.262679655716056,0.396116545073784,0.627869487131137,0.821357121312758
0.124028684338555,0.0390496378822718,0.0497620333187423,0.837655861034995,0.99402879862464
0.452613039175048,0.190071899880422,0.346141998527026,0.708016124058702,0.832436680415412
0.709401439642534,0.411034749035025,0.545482744279655,0.750596055322685,0.360269077325938
0.705942240776494,0.860411944537191,0.597888418177031,0.689355602986392,0.482770763890585
0.894588035298511,0.929568149294937,0.823036683675187,0.885763350648621,0.602276504592737
0.8840818235185,0.708823200169718,0.790584026464935,0.917316864546935,0.725148694444215
0.0760984995868057,0.868170273519354,0.103345768491126,0.0686560882251394,0.0166712195787113
0.45994469942525,0.526665166806197,0.477351512425206,0.471471575368061,0.23638092839974
0.644332834752277,0.397972183913225,0.534170348415961,0.868742574151993,0.429083939496195
0.23991003097035,0.483732560445787,0.457323869222571,0.217454490134,0.785831366287312
0.277061174623668,0.92665887097246,0.151111513585868,0.0759328658326884,0.0928933999675792
0.216329574817792,0.794866076874314,0.12075479621534,0.123524000367626,0.181685030955123
0.106783237541094,0.326266154501354,0.73666293135234,0.269183082694913,0.714533271180699
0.132176082348451,0.497694487305125,0.403265259682896,0.361929127720443,0.356528147036443
0.605952557874843,0.811687619920122,0.420114295664157,0.739758442908047,0.343344504450215
0.121378478361294,0.714768371515675,0.469852956542114,0.0345333717154641,0.115429841942387
0.202540738508105,0.0657285072666127,0.590310413837632,0.506631088331179,0.681160583655583
0.39365060441196,0.935231225710595,0.154293731852622,0.102159624370706,0.227443427633261
0.994361726567149,0.284410040389048,0.995121987187874,0.665194322746776,0.228919749235502
0.0851002486888319,0.27613178579486,0.189020231112169,0.507734155393061,0.912429889111081
0.469288686988875,0.130858137417817,0.967657058860658,0.3551642258019,0.114205479825614
0.0327914427034557,0.591003787907539,0.0527749386702671,0.125173890684875,0.280241102998843
0.702223259257153,0.493945975875249,0.680978994426766,0.775895570790576,0.890131877356907
0.228292125510052,0.401382355223177,0.137190643045897,0.332148237407306,0.932579454354709
0.549867971101776,0.0381904795358423,0.985397768624634,0.280710575134387,0.243228139734128
0.491844629636034,0.46230087443837,0.543140643787033,0.533120974209838,0.337480405374663
0.716933405492455,0.850630120403366,0.522069114430133,0.960847104775489,0.609667498298222
0.594152374891564,0.367874160903739,0.419353837820816,0.88985765396437,0.700061259354698
0.273298421641812,0.00112561919377185,0.912432644217843,0.0252641330598634,0.394749319792027
0.405197080690414,0.412883851007791,0.463191731312731,0.89367210664136,0.167480978328967
0.723594912094995,0.383231260435423,0.478367393883431,0.973064324404321,0.228296480112476
0.593076338293031,0.446322031290038,0.00138397917957633,0.0152664022872574,0.387955082842382
0.507929746294394,0.934653599717421,0.283603065009612,0.249156270566863,0.276745273062261
0.374219464836642,0.0292863673821557,0.824681392740616,0.177771444298341,0.499362223403296
0.625601375475526,0.107782879349543,0.440727281259164,0.625237165848615,0.771820777008543
0.886526212329045,0.431074404070387,0.933288521391942,0.659848308322527,0.301301144441823
0.497241889359429,0.854861074447399,0.391867841495154,0.108253799777471,0.243805554433493
0.251796417171136,0.598941749049118,0.0223295082633127,0.0750858482326432,0.283708389644744
0.227506555151194,0.118666124908486,0.274507302500474,0.861238161478737,0.87938210988068
0.505024170968682,0.917048987728776,0.288063340271027,0.273507301618103,0.258970620488981
0.951624410692602,0.450939660920994,0.96752143098143,0.722756264648646,0.544481435063062
0.451330414507538,0.656008302845294,0.347961488715052,0.400522191381108,0.473181864508661
0.040939413709566,0.773001619643765,0.0201705072453223,0.0326547004426372,0.00304421738837846
0.5972163756378,0.793921240343479,0.461779643025333,0.630232482985813,0.415289753029356
0.203421643003821,0.210542147891829,0.581767660132126,0.348944835180692,0.668803179258248
0.520022892393172,0.423041861940874,0.908693294991219,0.606576958074938,0.589110808708938
0.427629217272624,0.889538919233019,0.329100690418499,0.108418179533002,0.272620914824074
0.205989390145987,0.859504854684928,0.0852270129567249,0.0858068482183857,0.0330787902639713
0.145296317525208,0.144418934680289,0.272070022730424,0.703550027633194,0.891326322540408
0.0118557445239276,0.740366675396217,0.196202236811037,0.0749034423314549,0.121606278378749
0.356174436863512,0.213750829308992,0.846414329149636,0.384470306708268,0.337998773116851
0.201460660202429,0.227764446783112,0.06392844888167,0.566859023053619,0.939759116357891
0.693905529566109,0.143667412718059,0.793286765348915,0.351079011691865,0.369366889324738
0.29261131840758,0.482443660410354,0.0119373337612645,0.0630668080175267,0.330506217869697
0.263450053520501,0.656206931133056,0.351507998283559,0.249575804740718,0.504940952319885
0.83486517588608,0.857229125074809,0.751970155419925,0.853333689403619,0.62250029007555
0.477928358595818,0.794157603726489,0.400718377256503,0.259034690313039,0.248340577731142
0.594093969091773,0.460071829817025,0.516408296022819,0.728888209589323,0.621987410035217
0.740105250617489,0.891750876820879,0.571990410311026,0.785737891988503,0.486081189272227
0.563667770242319,0.591852113691857,0.219496269911516,0.611521457864772,0.0780413442698773
0.439040531637147,0.482934895058861,0.535420588991801,0.309137115861646,0.496988805680303
0.237033376935869,0.56099011292099,0.148939031534534,0.291895727105179,0.5306104044721
0.524764203699306,0.900163161597447,0.457513903130765,0.0804478607664803,0.261318471311824
0.465947317425162,0.174012598668924,0.683159502233752,0.438296061255909,0.440499514021212
0.762785766273737,0.539045399316819,0.744006888528361,0.593930596233278,0.0422469635668676
0.83536812174134,0.341982824291335,0.803761342639601,0.693448358588947,0.351013648643857
0.729875639313832,0.449550547258696,0.653243252094322,0.707638961308504,0.325632432388375
0.799692325759679,0.523557776963571,0.885906805404189,0.610998799217869,0.0559940975217614
0.781666176160797,0.041114127234323,0.932611368252349,0.270824622847987,0.187682657939149
0.551899755839258,0.858771141647594,0.434903398871802,0.481072977852345,0.235991980851395
0.0420646322891116,0.208733078470686,0.0914461956505083,0.481364424758462,0.990345334314043
0.87343032239005,0.845412075956119,0.794518377725079,0.910230273860415,0.747636444895761
0.0253162204753608,0.860584837180795,0.0201184313264615,0.0158397403996147,0.0234123882546555
0.351342310663313,0.20261739983107,0.555091808266914,0.488959572622294,0.646865313319722
0.411303139757365,0.320306486071786,0.441675886387235,0.784179360979114,0.673913808685029
0.909685418941081,0.889834595407592,0.84361935627064,0.924112737824168,0.731022713036509
0.440019948408008,0.384265425760532,0.302947350264086,0.683898049333268,0.489632622135105
0.504824105417356,0.520231288421201,0.258721666066457,0.681403327429621,0.262327666539932
0.747321187518537,0.282479093497386,0.601878927406525,0.634973550857446,0.338406949973432
0.242480081738904,0.119379010837292,0.100941102660336,0.676036615612049,0.963922731258208
0.234378713415936,0.33881024949369,0.0712050466516032,0.407643822417376,0.763802707340801
0.91799802868627,0.697615637531271,0.846949475148761,0.922837139294747,0.942588036967209
0.382681351387873,0.792365957080619,0.278588561268022,0.344597910584875,0.173356442217482
0.509587935172021,0.470435962633928,0.279706683334242,0.670395028356495,0.667966049775714
0.796429321169853,0.592459951032652,0.757501759951447,0.759424821856715,0.698052501335042
0.147346419049427,0.184807009674842,0.0980272498866931,0.534000595201069,0.973735094856238
0.629578144056723,0.417794498236617,0.801975901104136,0.578202224032603,0.221823239204241
0.14385992847383,0.226398584112758,0.731540499758363,0.362677993982628,0.509576908807503
0.770243458682671,0.815270047431113,0.693288441264674,0.729943638843669,0.560747730865842
0.777937413426116,0.659208677679999,0.711438465058934,0.804327633560504,0.820172344247112
0.318128384649754,0.327403888950357,0.326707975636683,0.724096906245011,0.527908182848478
0.544250802136958,0.389709640090587,0.567007438082734,0.360863257836571,0.144765367935179
0.926627758191898,0.914951415528776,0.850012505540153,0.966194092246826,0.833266091736732
0.320165475131944,0.526792088377988,0.443797393495199,0.402869623181726,0.689801844448084
0.940331049030647,0.393698408064665,0.953453968396215,0.696030116940988,0.37784619917511
0.513526652008295,0.208123579534004,0.593119879921896,0.594789631772577,0.527257684938377
0.886747838696465,0.207273812935455,0.919479295812255,0.518977858666959,0.141555152862566
0.632608294487,0.0108816030842718,0.0653126358775168,0.961147441814539,0.969895231566625
0.168766341172159,0.591706199891632,0.322336904544071,0.417600346540828,0.17273583819042
0.864506310783327,0.670021600002656,0.854913985584719,0.731770039699621,0.336584542965284
0.82622145419009,0.186362262087641,0.378056717786122,0.975715271723779,0.6276175652456
0.720240987837315,0.513889246300096,0.700400623743742,0.701045131542251,0.0534633987408597
0.729053129674867,0.519380375713808,0.69887225333758,0.726711700002452,0.612585746479454
0.708924875827506,0.486819157755235,0.601255927874958,0.926234766921594,0.960510760458419
0.795719545567408,0.548340237844968,0.856384794253735,0.629709003507022,0.306752835313091
0.357502120779827,0.40496695615002,0.105609516886103,0.281320007129762,0.816537818376673
0.560652047395706,0.413474945380585,0.518361872050402,0.676829726903205,0.870781074132537
0.27451141201891,0.494102782598929,0.254012802696827,0.469981168601045,0.27012470291811
0.561614843318239,0.18972535370267,0.801978546552665,0.593472813863941,0.553658934688428
0.573639785638079,0.254216111119604,0.0672540220688471,0.323301735177804,0.879786426172359
0.048243175027892,0.438878980436129,0.00613481351910034,0.0527383977547563,0.667131305352086
0.688442209735513,0.876977285690373,0.548506877582814,0.700361830422057,0.487121888407273
0.254809264559299,0.554195332544623,0.164403577940496,0.411252555535213,0.0774272109556478
0.882245765766129,0.498027341120178,0.89364176950516,0.704343926304301,0.405697363748914
0.433144081383944,0.0235411981993821,0.224302888370246,0.943135977922569,0.925904276868096
0.748116771690547,0.560987726639723,0.792651094200295,0.635097422144288,0.502937261451734
0.770280678756535,0.843395560019417,0.66525487073648,0.835123936745512,0.611867615574738
0.835065300576389,0.715818045748165,0.790307166153465,0.821522436709796,0.789497330231825
0.943177753826603,0.44683549014735,0.780908912830103,0.944031232983864,0.964809768396663
0.462492206366733,0.0510478759242687,0.570134654689008,0.535390198190207,0.678891447227215
0.0742375133559108,0.348979929549387,0.444359658047857,0.0999703697847686,0.913947861088673
0.286749369231984,0.0443328164692502,0.287765743881249,0.787433497863339,0.904219130432466
0.5212945593521,0.992523702647304,0.276129238084684,0.0504910138150577,0.226387506612809
0.486211196985096,0.434169949468924,0.611337337865379,0.645846585257095,0.325681906571845
0.434972157469019,0.576064196095103,0.272490593418735,0.504029087638961,0.0142357262375299
0.829306054394692,0.559786389378132,0.856238755909275,0.704177649023014,0.487341023661429
0.518808743683621,0.805452945554862,0.435565635264001,0.150106723434478,0.303080434823642
0.39475832390599,0.422467578580836,0.141115407744687,0.522614285182795,0.183317011367762
0.640365468570963,0.830284114665119,0.532882807882499,0.404616752971712,0.358510371966986
0.738938602851704,0.16614718126948,0.785103347996526,0.519937813122268,0.352352093876107
0.313256012741476,0.356838618958136,0.307914963630361,0.43523805642895,0.779040452471236
0.411971750669181,0.967023681878345,0.0419495138399001,0.0252882205334619,0.12908113838057
0.582813644083217,0.963337284891168,0.335124645223393,0.279221116172128,0.299620807665633
0.960937354248017,0.970299077191157,0.888768331481235,0.994350101139174,0.953544909280026
0.128447900526226,0.433839141653152,0.387924131173759,0.109497554528972,0.954624287696788
0.759445235366002,0.181566685525468,0.14569240545505,0.820571588059817,0.802863251796225
0.283561551710591,0.0599363367946353,0.50204667687387,0.417508885585747,0.76561746178777
0.547264319378883,0.903461862850236,0.397312980492384,0.151819036736165,0.290329927724088
0.23042029235512,0.810864739207318,0.219681957904112,0.113198624024107,0.200374578154879
0.533263933612034,0.278510639065644,0.423454180224515,0.705942932822831,0.683420940855285
0.933509898837656,0.916465110232821,0.864030634297767,0.959240831162743,0.802548791427398
0.69238781905733,0.855834127549315,0.583609818273649,0.536093331571802,0.417627446964616
0.767949673812836,0.740660859941272,0.686779234118778,0.730694735501117,0.582001715985825
0.0261253933422267,0.0366035023180302,0.668481566148172,0.431061477576886,0.697952486720169
0.0369390160776675,0.38159550432465,0.0810763255772322,0.290248602021796,0.955776841117768
0.179749341448769,0.480179075646447,0.414798633784382,0.194863769356651,0.942804232618073
0.375516897300258,0.0902359361934941,0.833773010634696,0.288237573667429,0.42076990424539
0.775671619223431,0.292869648576016,0.916018596681493,0.557805093809508,0.319018374400912
0.830973304575309,0.581044733437011,0.902008716896837,0.692859703225193,0.409653742884984
0.0703918833751231,0.52881704873289,0.16705383870873,0.258184958173272,0.460350855282741
0.165751814842224,0.0421726770291571,0.869793841346168,0.176918449143063,0.434536554705119
0.31150698219426,0.951074496930232,0.143445435538561,0.0624608020038444,0.107201526319841
0.563870750833303,0.420580556878122,0.599146063735517,0.79069236118262,0.976616072381148
0.185113140149042,0.160809627297567,0.208896369803697,0.808276085917877,0.88601234453381
0.407539831008762,0.176594885269878,0.581696337413191,0.490347574380171,0.628746352827875
0.777194318594411,0.494658358307788,0.708722308733289,0.733149636130807,0.507825678942027
0.600661992561072,0.258282502793008,0.466762259843989,0.616233636845434,0.604323644336546
0.157356000039726,0.158809083368396,0.671856793174727,0.14348005335401,0.596939433511579
0.260295508895069,0.708161846996518,0.19526229101603,0.298750997908514,0.0426463245821651
0.849168389802799,0.831009420653572,0.763446826537264,0.896419503571394,0.735863061534474
0.651734624058008,0.603064901457401,0.776287085885188,0.56331301122733,0.22039676233544
0.57554776314646,0.0784013287338894,0.239225290895916,0.85200913795577,0.892716350179398
0.0881076701916754,0.80044332522084,0.275875624251826,0.0225379372005895,0.2474762936763
0.263803970767185,0.907987384678563,0.109751551163642,0.060238253452308,0.169819984439528
0.504600599175319,0.58359397019376,0.220322742191823,0.510692015462928,0.265552521770587
0.22726246342063,0.809176910523092,0.227334815504739,0.109026924438373,0.13643487446825
0.815825601108372,0.927993087127106,0.665710101570759,0.918383768593727,0.589616505109007
0.0603395719081163,0.183397863438586,0.689816535952464,0.28414201428321,0.665982034843182
0.00302217388525605,0.977398124086903,0.0362849290995007,0.00548024260309521,0.00531878546462394
0.192719498183578,0.22320587336435,0.401983477110541,0.358279761687505,0.836436621757457
0.716390606248751,0.836743274267064,0.570831754724884,0.913000994368095,0.540788601181703
0.216517427004874,0.717543185601244,0.0224920711951259,0.0621460553947054,0.0157893097784836
0.569596241228282,0.0205577970773447,0.190993894289385,0.948303719433927,0.930980320234085
0.792884214781225,0.709743300947594,0.697017241006385,0.854295567397741,0.725557525845943
0.854696922935545,0.436045793554513,0.913340185509967,0.65907753993487,0.410265155456727
0.0319810949731618,0.708680571144214,0.108128344882012,0.136856878120118,0.0143167765054386
0.62140326295048,0.0968402974831406,0.124160796035357,0.818537717100121,0.925391911034239
0.833537392551079,0.965412181132706,0.655203980790373,0.965901450712537,0.577686457050731
0.682884496869519,0.995186770305736,0.422337363129276,0.192850950136717,0.350962672237074
0.646348206559196,0.488214899349259,0.492980995454596,0.842702704536189,0.735019507672405
0.52720490610227,0.0801661273872014,0.0845452108309804,0.845632186711089,0.950855029775994
0.640502627706155,0.559394452749984,0.575098300991289,0.703460899697566,0.274069322302239
0.128297899384052,0.223500548192533,0.0677546294724098,0.539575444342957,0.950012107408838
0.464675133582205,0.895296404109104,0.326948839788714,0.231894709534015,0.256017665524269
0.415569557575509,0.635911445569945,0.316435531014962,0.602454101575474,0.38379657707992
0.32090586819686,0.324781197094126,0.370586706447508,0.672273427834881,0.719226648303447
0.137516301590949,0.253777037345571,0.0929376843834725,0.413053598191077,0.972733059286838
0.565657223341987,0.536719256808283,0.540928625107829,0.59402290532528,0.525170593144139
0.098041252233088,0.0123465508513618,0.978274369790175,0.109666647490886,0.163840074063046
0.979633384617046,0.185881410929142,0.992383274541739,0.547613259449303,0.0900902902067173
0.204657356953248,0.684457916970132,0.202315863668744,0.253731144110031,0.113272609509295
0.362957372097299,0.137484786013374,0.150895742747954,0.851079353262154,0.909959128563059
0.551577148027718,0.593100388796302,0.441925436394681,0.771485936998883,0.708600116864545
0.347335531143472,0.0922001804283354,0.180637782742731,0.751544806825686,0.929146039678017
0.351077935658395,0.184594444319373,0.516260273193023,0.268382033079605,0.708917998621473
0.666773052653298,0.745827615290182,0.603079294302539,0.583836303470337,0.45688989260816
0.785455366130918,0.0305243949696887,0.944317634738747,0.178352774320842,0.0652963056636509
0.0384164939168841,0.132154085702496,0.206429189327936,0.714402203829,0.966391596040921
0.667482499731705,0.214066624321276,0.280856176721315,0.857256489460703,0.725189179269364
0.430396029725671,0.252259178931126,0.661813586506382,0.542911145869687,0.517845867754659
0.254288069438189,0.286290090560215,0.319156248778995,0.695729411418839,0.613664212141884
0.466336844256148,0.0920144715055358,0.422856175533462,0.279484038003473,0.811472818924813
0.388432619161904,0.841306942485971,0.26330128454076,0.147004849330641,0.188813757355092
0.229427388869226,0.060098444664618,0.854228209432858,0.185685110541436,0.435540001053596
0.799618850229308,0.374481782113435,0.787543114258231,0.673135385607659,0.263755392370513
0.344408604316413,0.953789216611767,0.231318007684714,0.0534280010044116,0.149556646152632
0.713292969157919,0.315027922362788,0.82361933501042,0.55862490810553,0.547372709814226
0.834826529957354,0.18104163222597,0.934253303094451,0.393789217235352,0.0128558308642823
0.323466808069497,0.00224757750402205,0.6399794313139,0.0387803310304386,0.756435837975005
0.0378699731081724,0.417603639914887,0.290177539848737,0.523558039274016,0.836626760457875
0.171830766834319,0.328361444786424,0.258386992047392,0.520075333914901,0.811865720403148
0.331537944497541,0.915502072748495,0.140534571225594,0.0995155010131797,0.121526302973507
0.712727809557691,0.922948355640983,0.550055750853271,0.538228796351182,0.407448377547553
0.503395098261535,0.409057953773299,0.679812192804616,0.611166931628306,0.968914976256201
0.352192869642749,0.148490526393289,0.88834054486956,0.334966083377068,0.199392153386725
0.946849901461974,0.964738758077146,0.866964489851337,0.987881734630374,0.854998033813899
0.613675894448534,0.245156350865727,0.341914329816024,0.758085128232634,0.647511601360748
0.254981076577678,0.477158625755692,0.0113058692041728,0.0770717285285188,0.154947498493129
0.203598951222375,0.282243081688648,0.373705825493716,0.809423755687002,0.684288593271049
0.306970641482621,0.564686138619436,0.619968805843342,0.264543684353213,0.00299089102190919
0.11678335792385,0.665344509034185,0.178075067250655,0.180855898870598,0.207164554652991
0.741919296327978,0.959569769649534,0.610817554837118,0.400012772167526,0.400791195599595
0.179545727558434,0.310444605158409,0.569583000949796,0.286578422327543,0.45497590789455
0.108670109184459,0.695024561107857,0.236735844611367,0.118163786774063,0.248940665595001
0.474452460417524,0.711591368744848,0.48777522791019,0.491463851730555,0.497092736390186
0.938490013359115,0.568165034026606,0.927084079323032,0.811495771076219,0.792023831134429
0.0217517479322851,0.120847905025585,0.432169768230882,0.714037793815669,0.834635358507512
0.315465220250189,0.396431240049424,0.399803705504068,0.420493183009581,0.212988780083833
0.810136288870126,0.808308464329457,0.721801481193872,0.82417029489732,0.613516961078858
0.658665065653622,0.0851457984826993,0.748762734262928,0.344426737468821,0.42943082380225
0.206355056725442,0.192493476293748,0.244781249733807,0.734198562333894,0.883729364402825
0.103730173083022,0.311700339108938,0.653060342434818,0.295952171937714,0.347836105938768
0.860972964204848,0.897604326106375,0.772160435598472,0.862704502482849,0.609638331254246
0.467920077499002,0.95711800744175,0.273587334086455,0.0806895454237125,0.231924880092265
0.704985672142357,0.313123170257313,0.157456277763546,0.507562005620564,0.653938388306415
0.224156993674114,0.836681985034375,0.074027971923193,0.0821893810665213,0.11002319920226
0.634824082022533,0.83720917077153,0.513998207334795,0.359379840853805,0.356773268635152
0.143579967087135,0.136958458955633,0.307400284442351,0.503017088570201,0.883093454962363
0.726708330446854,0.977138578047743,0.495915543921337,0.583969046664852,0.43009222249384
0.157898149453104,0.717994169070153,0.14793508025343,0.141470912943695,0.210338944016257
0.650466897059232,0.109847572253784,0.735932077830401,0.40564645448423,0.512122255022405
0.00644433056004345,0.023456586204702,0.749022876797794,0.0518807859262641,0.668662568117725
0.461654495913535,0.339137592731277,0.691966287288724,0.284874449384817,0.592118004482472
0.211939892498776,0.981654291885206,0.0538509296140622,0.0135807745043367,0.0559847624681424
0.3148387176916,0.73432205923018,0.332232764619949,0.179851332797098,0.115523671411211
0.556221973383799,0.231427965598414,0.112984172859276,0.497040946828612,0.826636255224003
0.522344859316945,0.7564183754439,0.3487629412596,0.651040560481309,0.339026620058576
0.341161484597251,0.540767427388346,0.104408370536364,0.353606572056989,0.0970525622542482
0.202252802671865,0.69017178149079,0.0456843265320844,0.0960749725542112,0.0484955132415053
0.105805604951456,0.189920366596198,0.493401993117685,0.421279371275902,0.693382460653083
0.124048070283607,0.406883952644421,0.130704079527273,0.235151736717808,0.987736264971318
0.164284541271627,0.999823585589183,0.00679259816636762,0.000194664960116196,0.0308202673622873
0.889325180323794,0.530034883675398,0.925376321845968,0.706308265355404,0.223636576760327
0.584931234829128,0.474944040906848,0.530157257144489,0.818336264504895,0.825342203752371
0.816136709414423,0.42999291679007,0.838030555820969,0.754947473541083,0.959378247702261
0.49255541828461,0.110106058389647,0.400674912380875,0.659544894118456,0.783503813465359
0.384130563819781,0.095963761821622,0.194062399902346,0.767930486525784,0.915236942499178
0.6937801388558,0.714027430833085,0.678758219939106,0.557962197400857,0.507015921961283
0.663604964269325,0.171619152388303,0.37981634208679,0.920072049486844,0.686331063479884
0.423261522315443,0.0300054017861839,0.483649556831167,0.558929032683382,0.769857175619109
0.561051763594151,0.706976219866192,0.303235350550781,0.733735541072635,0.136557325866306
0.287835861789063,0.626328391808784,0.289837814974106,0.239052453431111,0.524313177302247
0.669305014191195,0.871080168435583,0.510103068379667,0.572689370850158,0.419484836776974
0.479833264136687,0.807086416782113,0.32051867756608,0.378087176926741,0.199814443098148
0.851690656039864,0.602323514322052,0.8679498443171,0.728309255820052,0.596290260349633
0.0550081357359886,0.00670090052881278,0.884377806869781,0.0311797317258509,0.50451388550573
0.0829120504204184,0.406146766705206,0.358240836628165,0.477909446611523,0.58144923162763
0.627022750210017,0.817359948268859,0.474629348284161,0.754466298480207,0.628438594081672
0.0514933373779058,0.0875579607964028,0.315323693316166,0.802291923073963,0.900665498076705
0.163040129467845,0.410131989774527,0.00982035582460095,0.0684269665360757,0.813972666132031
0.0171864503063262,0.626290990010602,0.0429493421721133,0.0785449783273897,0.377179183386033
0.742272724630311,0.461495054332772,0.845495360778189,0.559838257790924,0.0978390841337387
0.768611667910591,0.8548597470799,0.661739900213783,0.723674320102546,0.505462896981044
0.473555987002328,0.302644630748546,0.431820709471234,0.381744408275043,0.577922419033712
0.549952389672399,0.596215001918608,0.462885976511092,0.566211982732136,0.929372193320887
0.389277387643233,0.773862954607466,0.367515508565334,0.306788956803852,0.145220759644872
0.0131495895329863,0.331470338249346,0.513316472361005,0.645060868487104,0.643401845853077
0.759194051846862,0.425462313083699,0.859171264398113,0.608169769066964,0.251888465805678
0.927693004487082,0.521696583222365,0.852001039469256,0.869560441036402,0.962419074290665
0.746403592871502,0.640678739611758,0.750231834462423,0.619644275246536,0.404604972252855
0.0477542474400252,0.747773266077274,0.036170332345363,0.0493212303970985,0.0716746109828819
0.172378737246618,0.427079074288486,0.131444333668553,0.414298599289795,0.437735416257055
0.131126669002697,0.955920951761073,0.033385941981539,0.0129325789023043,0.0516076648782473
0.511784719768912,0.357124767469941,0.54203178808965,0.477367261924001,0.435210850468138
0.896387517685071,0.926014822820434,0.806199376496687,0.939527888846129,0.696451778610935
0.575444366550073,0.516796898882603,0.599506547495929,0.493378236395058,0.0572768044366967
0.501833767164499,0.484461419313448,0.620551533266747,0.504084537135359,0.671985985274659
0.641837977338582,0.260485473700101,0.854988855123171,0.388539486487587,0.0863076731620822
0.574694366194308,0.112022333749337,0.773704233637812,0.346142642221493,0.401394528889796
0.303969276603311,0.791444009722909,0.241056289806501,0.13785942105772,0.257338509109104
0.220201676478609,0.310403451352613,0.490686200696478,0.117825291524693,0.830256712826667
0.0183810282032937,0.0881852856546175,0.20427243445368,0.671221616390515,0.982719480438391
0.603796164039522,0.131756972084986,0.43469695735611,0.762182037699914,0.757193126220955
0.77133976877667,0.062014857045142,0.278561168556403,0.729169577454024,0.855986440059496
0.341154000954702,0.291750638716621,0.483747116662816,0.662748374264543,0.51482481972198
0.607692582765594,0.678278175095329,0.545714276337414,0.547731184618253,0.501153590535978
0.572596185375005,0.0638136101479176,0.929221593590753,0.277957792912675,0.227635808376363
0.406274145236239,0.513973611028632,0.191788890777762,0.439992556915784,0.574200549308443
0.375778140267357,0.265002313331934,0.196393087614415,0.714416838957998,0.849560423201183
0.22166034206748,0.624344689684222,0.603592950908762,0.113893459911341,0.325728591327788
0.393215332413092,0.149011385830818,0.00364460826051777,0.110910248111484,0.976402819011128
0.188438330544159,0.369077170005767,0.344268864851914,0.766827162314161,0.490923221310368
0.202977928332984,0.202100820053602,0.449773041740643,0.964345855030796,0.616840432368917
0.430958499899134,0.816483712842455,0.341211154102224,0.184404855269878,0.319795103656361
0.911407475825399,0.329104594042292,0.984129709814495,0.600907690241191,0.198899470764445
0.0206335377879441,0.510759247845272,0.342240224072573,0.456273254573489,0.197619561484316
0.29756238614209,0.917529490863672,0.0639157247246712,0.0492850411464135,0.0936757965537254
0.823688747594133,0.678664482227759,0.808253204201166,0.762155235556845,0.70902903136448
0.758875970961526,0.346282473328756,0.827320862632553,0.571467288468433,0.25760789445485
0.630666458047926,0.268832609668607,0.864238473204408,0.499531316432985,0.24756518137292
0.826281850226223,0.959441915591015,0.700300264749121,0.80316477001398,0.539083202107577
0.686776521382853,0.838311203551712,0.598369505669599,0.519428730564934,0.401714593608631
0.971746995579451,0.780590264854254,0.957407570801251,0.890192710689659,0.716555611725198
0.381832803599536,0.479875671648188,0.731673828745491,0.340371920742674,0.108445584453875
0.208753525046632,0.0473819912585896,0.28382939245503,0.943641939983495,0.903552926058182
0.383111322065815,0.52735428136657,0.630738227086688,0.437535080744237,0.663969348155661
0.202181805856526,0.206870220514247,0.344272576444833,0.720318284949723,0.796663268731209
0.323170138290152,0.486741196567891,0.170742512787907,0.473900404294249,0.13971791494987
0.0880526176188141,0.250754130509449,0.200992305294237,0.787515954804812,0.833397672715364
0.822913378477097,0.330338354193373,0.949019304656365,0.540359235763122,0.145592244662112
0.313553905347362,0.167089371971088,0.737129963796344,0.291398686576221,0.365557204961078
0.572326296474785,0.93272967307712,0.389364495582166,0.283132506869552,0.32096972913132
0.324554837075993,0.49278425538796,0.151869563424979,0.411619035538209,0.270468285860261
0.212192486971617,0.0840418167354073,0.414813134584863,0.306693203073241,0.838228381209774
0.200477006845176,0.342561425670283,0.121341252364712,0.384934378650482,0.909599501668708
0.333537466125563,0.618062770023244,0.389687018911937,0.343900139868803,0.806615874840645
0.387049722019583,0.808388938748976,0.259704536210555,0.258606358294559,0.323147862945916
0.503939144080505,0.663976562704192,0.529683858473155,0.392687761491766,0.252580048138043
0.483694912632927,0.706804269371787,0.261796592971544,0.553259237520038,0.303078171651578
0.194224393228069,0.345931354764616,0.266895090854655,0.571276075475393,0.87738185111084
0.161886151647195,0.122588640224421,0.452435811846666,0.316972238363057,0.81720356704318
0.375826476374641,0.317835946771083,0.263513021037685,0.608090486348565,0.771575846505584
0.475916526280344,0.861976213083835,0.337002894627335,0.093481996456132,0.284375244315015
0.789534567855299,0.608229378965916,0.839378741785579,0.631209738800408,0.054952753795078
0.911267461255193,0.320475325366715,0.658581211684967,0.957747718496126,0.782783660484711
0.417701610131189,0.19304774372722,0.879943798425582,0.403992211391266,0.390822325571207
0.0873392364010215,0.454553964926163,0.465376220743156,0.123975735137376,0.33609022948076
0.370917733525857,0.0507931456377264,0.917197807560271,0.294082136047152,0.325841029611183
0.0825418385211378,0.574727889703354,0.295905476118848,0.23735306404836,0.303251512203133
0.625480786897242,0.0159124313795473,0.852744948036052,0.172390008882967,0.361804599669995
0.45835042046383,0.846076072222786,0.320182533164729,0.255036092838651,0.349859411275247
0.933569554938003,0.93163545257994,0.862187235871634,0.958149303160062,0.767284379777266
0.46567407832481,0.583366015431238,0.473301878853412,0.437781907257704,0.36132360555348
0.835527366958559,0.384491857868852,0.877857989553579,0.64931515303699,0.590104343689745
0.507920659380034,0.896221709408564,0.329550509180608,0.178096859488943,0.263925556879258
0.927215864649042,0.0141825279279146,0.957827955693766,0.184527677377509,0.0278560679580551
0.929644632851705,0.879595106787747,0.853156457081643,0.972809762407365,0.9476655452454
0.0290612245444208,0.591231294994941,0.0119999022430897,0.0380788717495633,0.274609497486381
0.4174473376479,0.947354456380708,0.250996481116776,0.0884591013932575,0.192445428197971
0.826211262959987,0.0529387636634056,0.537483844947874,0.923377535280415,0.66171630480676
0.853598398622125,0.357949346391251,0.858443576534117,0.650652842311701,0.223016568314051
0.184974989853799,0.305623660824494,0.410048652529848,0.243953911467719,0.806386666576145
0.0916361620184034,0.289098000823287,0.119454165135264,0.400273912400768,0.965785356558627
0.825465022819117,0.247378419240704,0.944182350513862,0.506922331451654,0.0658363585534971
0.934097180841491,0.55813436882454,0.936684225062006,0.756939717142717,0.427326106495457
0.241453812457621,0.547689414845081,0.285039157817636,0.462430698046467,0.43005756099592
0.659291147487238,0.581748635362601,0.691810515603138,0.548668302491578,0.545508520357544
0.843675615731627,0.445788509241538,0.875757291548312,0.716347660378583,0.897386145050405
0.19569204817526,0.780375913804164,0.0272924413256472,0.0460993493964958,0.0608238082786556
0.528418923960999,0.790454717964167,0.515021495690502,0.470632431898838,0.324635583529016
0.246006093453616,0.848299232457066,0.180787394909325,0.129814975487869,0.157432492502267
0.584606959018856,0.569847669597948,0.562900083789612,0.544829020441419,0.0647042965574656
0.155841452069581,0.309171326138312,0.10904718837962,0.377075611990585,0.944611309940228
0.83568603056483,0.010405301960418,0.841896785847401,0.19479852792937,0.406646854855353
0.483519457979128,0.591198144335067,0.658572318158384,0.32254136076314,0.474188542371849
0.846210248535499,0.85046799966949,0.769927358020817,0.806398742235549,0.591722132608993
0.274833398871124,0.42777100999956,0.169050890708248,0.391429039052069,0.579199555999367
0.0999376045074314,0.0406587177130859,0.333763714273552,0.342318317695032,0.915371848706855
0.143449840834364,0.389542589342454,0.0691194019621806,0.226832511491623,0.941063040780136
0.364513600012287,0.547670635307441,0.344902991941685,0.34324113406825,0.184246875025565
0.424257040023804,0.915309317322681,0.284685186501211,0.068044989790121,0.248247934592655
0.541958247078583,0.213452750031138,0.336000221045535,0.696726842661028,0.676132834429154
0.852241862332448,0.123132919106865,0.562764868989956,0.680289508703521,0.574785162607441
0.67358249751851,0.463552116736537,0.599339395639111,0.672162746391508,0.862825739226537
0.473526835907251,0.22069315801491,0.526923179345737,0.3940536517734,0.713720678322716
0.25961300288327,0.381735846953234,0.477500598096427,0.350572653800399,0.521069122216431
0.494213961297646,0.354328111483483,0.555523989539901,0.504268589587403,0.807778521877481
0.796771780354902,0.80194522390957,0.72350591672789,0.760463721183639,0.602643270249246
0.601405776338652,0.545955035224324,0.738681435547015,0.431627801131947,0.408058244589483
0.572395607829094,0.382171499921242,0.504601293532506,0.683213091305182,0.568225359980715
0.90252745244652,0.475487209187122,0.819968009247966,0.862192954004489,0.971855454001343
0.462015592260286,0.452440558321541,0.543970825107555,0.753512523227301,0.349449604138499
0.747574877459556,0.273683409643127,0.0550763166153556,0.448891488349448,0.651376206049463
0.698540636571124,0.31057045244961,0.89793829854176,0.516344322669188,0.130354110355256
0.516060600988567,0.0408827799546998,0.221918073241518,0.793511047567264,0.920788158109644
0.873735194094479,0.501188865076983,0.918230832642707,0.684923705150574,0.306185075052781
0.267892822856084,0.0894720441137906,0.418574548373096,0.310632938397031,0.829727517528227
0.329323734855279,0.374514137249207,0.0863587301463143,0.456364086467328,0.478039127396187
0.292983602033928,0.123909939575242,0.392196748848428,0.942654708299555,0.765579526225338
0.694278119830415,0.395700064924313,0.814281044772966,0.583142185304769,0.207001228031004
0.25039868010208,0.358390767738456,0.630009945430039,0.428068065392633,0.560773730830988
0.791431296151131,0.143448764079949,0.872593443794315,0.460825405274923,0.279594952327898
0.509305912302807,0.614593435282586,0.533564965607613,0.394543800584881,0.612491643143585
0.809953454416245,0.495546776481206,0.620728341118233,0.96817914652635,0.836090168828378
0.021459684940055,0.348932416498428,0.424846925931096,0.266458069243408,0.737072347052163
0.839961237739772,0.045671089872485,0.367097586188591,0.984426405316553,0.787466361565748
0.168100904673338,0.391946886345977,0.145033210540785,0.399082803216346,0.804099891829537
0.918931910069659,0.734486877772724,0.879632934756279,0.88763528351788,0.919364733417751
0.679647083859891,0.815130200091517,0.55112579588109,0.715975412137288,0.504904718050966
0.0729260744992644,0.0129343594016973,0.965839148016961,0.15863398801209,0.212247916584602
0.979387540603057,0.842763115797425,0.961923866647851,0.937334475027925,0.868893110920908
0.551197685766965,0.611940977774793,0.400588805993848,0.595132727931423,0.167750564782182
0.0269488554913551,0.03807845551637,0.589026124270374,0.0829060237787775,0.804635231761495
0.186535543994978,0.781080396001926,0.0527976196102615,0.075098950832057,0.0461816558672581
0.800402860390022,0.704951884486945,0.769639876782966,0.70804744847175,0.45258084431407
0.859742447268218,0.897595544316573,0.800946135229972,0.79664046710136,0.531145571934758
0.607663902221248,0.277052536635892,0.471598575653245,0.810230990042453,0.557243694056524
0.160469803959131,0.0519282518944237,0.56948363567527,0.0778560702411962,0.7521110996895
0.710849860217422,0.780070308275754,0.548260135796277,0.941736586132877,0.656188127148198
0.379394878167659,0.882696791872149,0.213826942152156,0.172567871669823,0.179067705845227
0.269321136875078,0.411454871093156,0.0430473995207142,0.271013526883313,0.443375184579054
0.409070842899382,0.602657215349609,0.622708340950832,0.239261776247144,0.0247558244445827
0.394800392445177,0.206692732666852,0.412485647379337,0.756243569680824,0.706467911280924
0.663804475683719,0.027370920201065,0.285040556835877,0.951177540329716,0.878315279114759
0.767077309079468,0.524147951829946,0.679486354613269,0.70992257609297,0.211748968897155
0.106341911712661,0.277859777823323,0.220886979773033,0.50636732864276,0.937985201686388
0.617794127436355,0.771758899179986,0.595834683859384,0.316003151229496,0.275473486544797
0.360513010527939,0.407920585101238,0.318168187465046,0.678766094187611,0.472832989733433
0.637841900577769,0.614860884816153,0.525525058896294,0.771043449283582,0.421170657762559
0.311927857343107,0.952213581214892,0.115385965589743,0.0515823823770381,0.0923026086820755
0.0383853809908032,0.950181540189078,0.0314407717018576,0.00931555709398743,0.0332998744270299
0.909169181948528,0.81081100917072,0.877097672774859,0.840819143312971,0.58267334321863
0.656100865453482,0.753142686531646,0.571839746954184,0.515743474965204,0.467661530623445
0.354813338490203,0.706737546861405,0.133748515807752,0.225577915773082,0.218822525377618
0.544046909315512,0.755763225402916,0.395597188559257,0.606432727768765,0.560612847591983
0.686006877571344,0.638861805928173,0.675277003264733,0.686171372472497,0.54760770991561
0.289316564332694,0.592552371817874,0.181802549413768,0.339862788701645,0.322604774934007
0.404140449827537,0.608614170429064,0.00144424478529759,0.00807395984368077,0.213525164901512
0.674454857362434,0.653937649709405,0.612577681890447,0.640551414999123,0.200736067286925
0.939888265915215,0.366266613273183,0.956222578035594,0.669458599955874,0.573468441987643
0.606160896830261,0.0927070744510274,0.18286098362925,0.813462975513807,0.902062966226367
0.955090581439435,0.733870346011827,0.914553054904999,0.923168385917101,0.965022996329935
0.267777757486328,0.232725447713165,0.532312808740652,0.282024789559062,0.673059746710351
0.021133374189958,0.883645790541777,0.00133139407864696,0.00129116206064512,0.00632435290026478
0.997385872760788,0.508575414976804,0.99582708465174,0.84467595256133,0.957321799040074
0.0187428824137896,0.041767143906327,0.147128429785347,0.789509492611675,0.995310720725683
0.760183469858021,0.29288479333627,0.775306071647693,0.464040582070506,0.0869812533201184
0.458385619102046,0.348007699038135,0.0331278437719268,0.162351616653849,0.928583014843753
0.495442477287725,0.751450270385249,0.337246960554288,0.509611157761839,0.473436075058999
0.334545443532988,0.395259154989617,0.523412543181219,0.413692202403208,0.560799438302638
0.376799701247364,0.274389190919464,0.00521990808503725,0.0648827295963089,0.929359212372219
0.950835806317627,0.801959948410513,0.919850290872817,0.897858857535729,0.77629293044447
0.587136542890221,0.19265917231678,0.294283971259552,0.906897894680545,0.731422457232838
0.544556326698512,0.293059081450338,0.687738132444837,0.284676318055029,0.0326787212688942
0.616257001413032,0.650157602009131,0.48592745027891,0.695386817326881,0.486458954605041
0.583640547003597,0.143819551187335,0.200921441618811,0.7048517556505,0.869649795960868
0.742071221815422,0.948866614169674,0.502821083285411,0.958510278493181,0.498717515234603
0.788701468147337,0.628000321245054,0.683562334219161,0.882372526559703,0.704798286926234
0.218304365407676,0.734536899399245,0.173849098441739,0.241682313865028,0.017433791043004
0.134706921176985,0.767853942903457,0.219981361689393,0.08476642343441,0.239194560184842
0.0290344806853682,0.444575293775415,0.332423600612856,0.112922670106524,0.977315499418182
0.347813887521625,0.188950918702176,0.135646436568685,0.760662791095165,0.88910396504798
0.1178447175771,0.1781620636757,0.269803495942138,0.716909681333756,0.866635589656653
0.84620714164339,0.0426461575261783,0.218765266275178,0.958715823778632,0.894885532587068
0.368115657474846,0.0989183481142391,0.945432375326041,0.311297111224516,0.303408638428664
0.385123568819836,0.657453531777719,0.58048593820915,0.0601336711089753,0.0191999892413151
0.444665505317971,0.262220953096403,0.437415773193542,0.964302713394491,0.694558362913085
0.50797330844216,0.918432948325062,0.367196513244617,0.0860284123444405,0.297935987968231
0.966417565243319,0.907267946196953,0.923896280934877,0.968226640236926,0.897178516694112
0.669780633877963,0.21425769929192,0.787500826912174,0.401808317067874,0.346517021855107
0.866086010122672,0.404038286331343,0.780277232656844,0.733657840195335,0.13946634894819
0.456635209266096,0.0985951736511197,0.863797361364923,0.325113402632126,0.235901784413727
0.2997809688095,0.559678389661713,0.351515667162805,0.388034893101536,0.021083466388518
0.638507439522073,0.763195158942835,0.602190341201183,0.41165827328762,0.402059280691901
0.900370030896738,0.750350268237526,0.905021908219734,0.761625714953747,0.344140184490243
0.174097157549113,0.857821803219849,0.0723914838268025,0.0579595805992398,0.0820119619893376
0.783511444693431,0.552681170258438,0.761152816382875,0.692621926640024,0.687482416949933
0.625156603753567,0.874090260098455,0.523535997817034,0.377303172218597,0.398355073208222
0.10046104202047,0.897976345237112,0.0447409623857166,0.0293667629962202,0.0262423621898051
0.481410966720432,0.707517782604555,0.232725041189839,0.498227724527137,0.193913145427359
0.0505908699706197,0.204340571217472,0.809573297679647,0.357466448822444,0.5427049776481
0.246964860707521,0.553879739163676,0.314161579269961,0.310541152634043,0.288174434535904
0.166086999699473,0.969247594737681,0.0602746821656704,0.0194694405699493,0.027417130273534
0.0288320807740092,0.115163025649963,0.442763572437004,0.125393765756282,0.874582015007036
0.763183834729716,0.795052878762363,0.739146815353438,0.67865327646496,0.523588303854922
0.244435103610158,0.854579955775989,0.190738633438916,0.0997967537542033,0.135700193030061
0.957950937561691,0.378883861441864,0.961603304452212,0.689756073891678,0.205196006369079
0.417262135539204,0.0963227410975378,0.783362729941404,0.395292035027957,0.538407967454987
0.610771976411343,0.561503701581387,0.536763096380353,0.811381128114513,0.525224363867892
0.0844530810136348,0.334489401109749,0.224327384945621,0.416448119265546,0.831578476499999
0.219222243176773,0.506022497749655,0.448917222792803,0.103053821454648,0.72621031026938
0.432325534755364,0.0255411192483734,0.618687411008711,0.368820217225839,0.668944844364887
0.870965283131227,0.31550665726536,0.727530188989677,0.726269755908007,0.0249752569652628
0.742613964015618,0.746410727588227,0.687546350703859,0.655965855321934,0.411927740526153
0.748570081079379,0.538119551172713,0.682259444528427,0.680032902931162,0.473217175371246
0.0943158904556185,0.0521406239422504,0.887324009388763,0.141871500988061,0.380245162494248
0.931155014317483,0.355784904939355,0.853367300061487,0.727191758517881,0.134903977246722
0.935790289659053,0.108955729665468,0.943439659836696,0.431087803164087,0.0790510548104066
0.802970342105255,0.938249819533667,0.592155124339867,0.991384458500333,0.577104241907364
0.715402219910175,0.691118554299464,0.687628553232325,0.435574220124296,0.254861482855631
0.400545438285917,0.899350608553505,0.229213984278266,0.152571539330313,0.168018590920838
0.916426687734202,0.0129956209275406,0.344333365332687,0.986767701302098,0.830417615798069
0.928393020294607,0.779624601040268,0.874233222547798,0.929473922698463,0.925878220208688
0.812540869694203,0.88970353352488,0.702483666019889,0.853960237144899,0.586929390468867
0.632324065314606,0.380021182325436,0.476523574845725,0.772110080270138,0.890214439568808
0.00116852694191039,0.459203630307456,0.210070165937605,0.285484117998846,0.925926218536915
0.465808398323134,0.56437677735812,0.184995930373083,0.460444460656444,0.378366862336406
0.826009461423382,0.137367251591058,0.953468670294044,0.385326882712526,0.0135240891540889
0.743459517834708,0.225758071319433,0.717599443894593,0.49924272603892,0.211703289678553
0.490501513006166,0.221295435418142,0.0517416402490353,0.490292554054359,0.880428388220025
0.839048803318292,0.886896763200639,0.763156217494648,0.829451922773567,0.594926750898594
0.755364418262616,0.670246375753777,0.651887316377389,0.823513247200431,0.294271293940255
0.147063514217734,0.776338906929595,0.0190429756939926,0.0266856885074689,0.123212884034729
0.630006964784116,0.338281807402382,0.620052696716104,0.628199796963238,0.271361974388128
0.504255599807948,0.640541235014098,0.37304182901383,0.607132967050408,0.845386693865294
0.553648865316063,0.382066088292049,0.276251107651797,0.829002840520057,0.0278684993099887
0.888175549916923,0.909689943509875,0.77295076433103,0.975556266081557,0.78781860935851
0.976775099756196,0.80375384746003,0.963416632935731,0.913660328464222,0.804482904582983
0.0205862519796938,0.737362715561176,0.0283052807953164,0.0367222402653005,0.10779416715377
0.969773175660521,0.50221674630302,0.96055078963712,0.802327524793194,0.887721074948786
0.363580403383821,0.370563081727596,0.29389560539718,0.301861079026187,0.810034647322027
0.511387491598725,0.596051482745679,0.438842653058711,0.236152063150268,0.65463351571816
0.862559902947396,0.736163688095985,0.806113220402326,0.856860563507482,0.771129078260856
0.445321261649951,0.240445898933103,0.305372738818234,0.817494972729771,0.733607869799016
0.530211232369766,0.241652134020114,0.72276543231654,0.430524056806737,0.481577849510359
0.701328713912517,0.118466205400182,0.919455665078599,0.392146591346347,0.319143999397056
0.566448259633034,0.677424796303967,0.767312915965921,0.477994799302,0.298792508867336
0.180989458225667,0.426758391520707,0.356794506249517,0.486472742430571,0.726392473065061
0.0333125006873161,0.830056135338964,0.21677776827615,0.0436964390006931,0.19266443719971
0.702974810730666,0.841376684984425,0.558055100063932,0.803231399431114,0.564234882564051
0.226334199309349,0.83711762787425,0.111801550023136,0.0873890337758877,0.111310919310199
0.594291566638276,0.303037416393636,0.59770020605392,0.671035605380349,0.295850410679122
0.970298463245854,0.693630526278866,0.960304234358268,0.856992259968614,0.70979528260068
0.103094979887828,0.216103042039322,0.214296028567099,0.541697952340599,0.943993731489172
0.362443838268518,0.461640294961398,0.0791206480862396,0.375116044054205,0.128843866375973
0.442741404986009,0.701183980709175,0.259463790574641,0.476181780914885,0.233115579088917
0.328585586743429,0.477073152578669,0.448741151725399,0.319708151221984,0.423300130089046
0.419582007452846,0.195636102318531,0.638380647652377,0.368872658565802,0.495069332857383
0.0388877266086638,0.0153093628759962,0.558648882533569,0.120997696926676,0.83278830171912
0.547061937395483,0.0297271990857553,0.090515391993547,0.918549793451929,0.966118732205359
0.163633104413748,0.632696435641265,0.112600803169012,0.175357400480413,0.308294375689002
0.874944836134091,0.762873444851721,0.816069991956758,0.875755578097184,0.770347824058263
0.55265706195496,0.645770376402652,0.5456974306364,0.5291335624111,0.486102109280182
0.666750630363822,0.817514998983825,0.542989493518865,0.666459422361369,0.51432450467837
0.417884323047474,0.356659492157632,0.619791173425174,0.350664129350831,0.481375939591089
0.0702193197794259,0.282035683485446,0.815876398913655,0.36699714518186,0.287680165580241
0.242084509925917,0.0594927689817268,0.129366965685778,0.884958300308356,0.962639843201032
0.945287946844473,0.827784032124327,0.893454148955489,0.955163768919824,0.980864885583287
0.943490189500153,0.545186813891632,0.944420785351345,0.782271201243343,0.660739152255701
0.147797414800152,0.33368117743521,0.576616612335539,0.152132379010135,0.87370932570775
0.611487695947289,0.918918075069087,0.562976598767667,0.105062808547699,0.32478178301244
0.297905860934407,0.844557792443084,0.120501593548194,0.0971600358238725,0.214661891543074
0.0708103911019862,0.647600974392844,0.106931429812429,0.145138095579439,0.264958455372835
0.147074963431805,0.139767311309697,0.85869674693893,0.293017218134374,0.445777352579171
0.663182275369763,0.98109175011632,0.432556373470129,0.39847655466512,0.380547650071094
0.603974304860458,0.925854643370258,0.37188964765465,0.439035408174989,0.374029230937595
0.998579876264557,0.348714832303813,0.999476583711216,0.69365793340585,0.207007363176672
0.537873127264902,0.0550237882125657,0.271190273781898,0.753934988353074,0.882613136229338
0.439106196863577,0.906170532427495,0.337596686772854,0.0955361698356777,0.239459184667794
0.370786773506552,0.698881346295821,0.222933894004269,0.341143737791177,0.476471117901383
0.20879610767588,0.307733922818443,0.262244459637144,0.226299327609952,0.968481705785962
0.0201044117566198,0.493945495021762,0.0289307224168531,0.123693002095947,0.472835440625204
0.862937750061974,0.0203511807194445,0.165882508629472,0.976248447836876,0.916142854403006
0.296862042509019,0.468667116569122,0.0584136649607774,0.219693949398583,0.488448732387042
0.801986793754622,0.283559774659807,0.729341621953745,0.713181466255283,0.370715509314323
0.311692094663158,0.0789561515266541,0.745285262458275,0.23823217672012,0.503617896552896
0.689745929790661,0.786354360141559,0.582165759557275,0.798732663701401,0.52975627037813
0.733687072992325,0.827660585666308,0.640020107265194,0.676964997382467,0.514285430690506
0.0051550620701164,0.0206796233833302,0.759121945352063,0.0638408390837225,0.63436836595065
0.153134885942563,0.0539844949089456,0.231517089341023,0.846017679186437,0.933088449964998
0.770817182725295,0.0619624707906041,0.0225921514849226,0.707509461178575,0.958927224535728
0.360427982639521,0.502600920124678,0.323547958063645,0.701830237670417,0.283351498859702
0.564051461871713,0.303866424801527,0.418704547111884,0.58675329922712,0.702482241176767
0.966249387245625,0.672659056755947,0.959867353389616,0.837575557993886,0.626788599503925
0.190762424143031,0.501182279287605,0.529885289192006,0.241496873307644,0.397137342341011
0.481527837691829,0.535944473667769,0.460176514214978,0.851242861677186,0.135925554757705
0.823266556020826,0.333378842420643,0.522632787791781,0.335041160300028,0.0709571513871197
0.56996133341454,0.133526766992873,0.811378784439487,0.261391105644014,0.340027730650036
0.106433945707977,0.0932846480573062,0.131093561901763,0.817558344647522,0.971878865238978
0.762554635526612,0.197585466346936,0.643993594066325,0.672632920448962,0.348901131626917
0.888778383377939,0.420947775972309,0.90003538606251,0.665718424564814,0.107884347584331
0.621928034815937,0.646251110447338,0.535692351176349,0.798922740443836,0.495707122638123
0.523602505680174,0.512374035868561,0.460274007959647,0.699925660276205,0.753873879701132
0.848096602596343,0.242400797578739,0.952851030895232,0.521791048861972,0.122566280217143
0.87896876828745,0.909894009673735,0.769089989991103,0.96368777495819,0.748404607438715
0.526214780053124,0.695487942110049,0.503122372376996,0.305045748403883,0.271695154398913
0.645872602704912,0.930827162257629,0.471339584362917,0.21881718592274,0.336570325336652
0.513718269532546,0.399998476641485,0.0690964252990972,0.407995028517877,0.168981458846247
0.691991366446018,0.801148262486095,0.573703919211498,0.70495111679032,0.608367899985751
0.38451377931051,0.248752318002516,0.134857039500464,0.649143306269417,0.819232933310559
0.889995597070083,0.880524119565962,0.764481169319821,0.986142744781612,0.913499896443682
0.652534109773114,0.144919559155824,0.385212419197875,0.699973372593241,0.779582122137072
0.976870389655232,0.166864087077556,0.962963320344767,0.556473093913756,0.28176039972459
0.205343996873125,0.931148990377551,0.119062016555122,0.0492518598467064,0.0942344705399591
0.74767204024829,0.909942372032674,0.570323432282415,0.930396921902431,0.55791373361717
0.931975610088557,0.702199245017255,0.899124841512595,0.875573717995986,0.859836117160739
0.788369809044525,0.557911961892387,0.81899874847996,0.686766634099091,0.680089193367166
0.767452260712162,0.00644939040648751,0.174594666424299,0.975261261454551,0.929272625799058
0.358143715187907,0.465317662834423,0.530317364498037,0.126160998733197,0.597484544938197
0.306156764505431,0.605860283452785,0.25052382885709,0.452613484322067,0.104572340584127
0.913388419430703,0.926801242429065,0.821391218549044,0.968342674150125,0.781709416565718
0.595059417653829,0.0336054154031444,0.391064209074268,0.688604455351793,0.829715418658452
0.24253522278741,0.743211008346407,0.116316221027209,0.213634642574436,0.0158488121523988
0.298384929308668,0.342709139717044,0.543225971319205,0.234689045206991,0.71885646742885
0.698889546561986,0.696663737966446,0.685334316711757,0.550599077305406,0.51305537178996
0.796233063330874,0.780215888022212,0.634934251542304,0.981891502512058,0.943294456723379
0.982708415482193,0.965144906396745,0.950521632462624,0.987697847918148,0.884298861870775
0.0836504881735891,0.72096816424164,0.0605151757778,0.072195813387755,0.364622122695437
0.721123713301495,0.681711803219514,0.605661486214053,0.813805801777507,0.347603444970446
0.49771740147844,0.325525937514612,0.486546054029233,0.639082775475089,0.0161069855967071
0.901486784685403,0.449259516928578,0.894884669544258,0.690694598514687,0.187639735726407
0.574083362240344,0.43246768033714,0.458283204897054,0.876246283386728,0.239005542738596
0.767345853149891,0.971125921554631,0.550633412844331,0.910859764727507,0.498641416867031
0.494090807624161,0.205169178458164,0.671779553580986,0.462946813689739,0.528481321496656
0.917910774238408,0.903809212701162,0.823183451090911,0.979931096720075,0.907386056991527
0.173331753583625,0.585985357611207,0.138144925708891,0.247247311435034,0.387348541262327
0.790704245911911,0.251115310500609,0.830499189667183,0.550036556421107,0.378229718044167
0.618383095599711,0.536308269161964,0.531546996640087,0.665047244882772,0.451720620825654
0.680940502556041,0.268871606473112,0.876771743066309,0.40338175164994,0.0507428236014675
0.0794259489048272,0.693722719996003,0.0019500633036405,0.00495502543998312,0.132129045465263
0.641254359856248,0.884527835383778,0.537526718663866,0.27482764440433,0.344078722962877
0.426704641664401,0.519964857114246,0.654212362151933,0.329562278166791,0.551320850994671
0.204012817470357,0.577847580512753,0.233174284263769,0.323033287088591,0.258611829340225
0.640272949123755,0.827989153534872,0.573666957631652,0.247260569624477,0.335219746018993
0.261505260132253,0.298804303252837,0.574376965725364,0.314290920975317,0.664344545832137
0.225379846757278,0.231979511881946,0.741366530941401,0.274082707550272,0.543302437436068
0.247990544885397,0.395228202076396,0.548651822986384,0.203290947833779,0.944374287995743
0.328624618239701,0.272397263644962,0.170352335132753,0.561912704407067,0.826355809142115
0.0106054558418691,0.19833045246196,0.515090845477521,0.0717690659911268,0.860296601982554
0.715664455201477,0.0602483153634239,0.303951178347314,0.960979406129764,0.84543854164076
0.590550041059032,0.117240207124269,0.257597810305853,0.915561055232009,0.824925547436578
0.510595523286611,0.729981787531869,0.395065694101651,0.477169261143974,0.304475720127812
0.867481018183753,0.95992090945947,0.746999978306402,0.934772434043416,0.624158975173486
0.507691072067246,0.0170295554271434,0.0369218813655412,0.916584855933001,0.981292521901196
0.920462904497981,0.337847511313157,0.921320742696171,0.605498244809722,0.0383703985426109
0.836163258412853,0.721334725589259,0.767560343510712,0.857017651397318,0.7422002570529
0.530743230367079,0.243212975939969,0.462229173472728,0.713403777672688,0.533346791664371
0.00809552357532084,0.0852129854902159,0.59099213369793,0.112643141396672,0.789457290695282
0.369797135004774,0.440028972312575,0.620468948720045,0.294084679876169,0.128442355169682
0.631958315614611,0.815726089669624,0.383892051464317,0.733944043583825,0.477943778183544
0.481449729530141,0.0938466016959865,0.503206440902693,0.368783345476107,0.69483445349033
0.587771887192503,0.486790790018858,0.608692595423544,0.823342562529345,0.897248110995861
0.343063704669476,0.556676136766328,0.261075473442745,0.276863490423861,0.27740160774556
0.161401046207175,0.0569658765161876,0.267269798133723,0.815098976448623,0.922464952833252
0.748929920839146,0.319858226546785,0.0292083895119795,0.328149121387275,0.499162082589464
0.746787734562531,0.291868416854413,0.550741709564782,0.92464540780562,0.537599533126922
0.479366031009704,0.990827660512878,0.199379588863383,0.0470503706911759,0.223374960623914
0.335879169404507,0.82808681766619,0.190123200735491,0.183319239199443,0.168802972795675
0.897183396387845,0.0509951382118743,0.238161160023817,0.797058133010069,0.863520434679231
0.889424945227802,0.796063573652646,0.82583332771747,0.891398701368643,0.763243423338281
0.172480896813795,0.104084582329961,0.888600880522636,0.359843873421636,0.356616911973106
0.939272346673533,0.690728233457776,0.91100007494152,0.874527682130195,0.901967713754857
0.962976592592895,0.518818042619387,0.961082535413005,0.783838023663297,0.683321574091678
0.491367288166657,0.657232708617812,0.208707406010556,0.499927026694842,0.17111623272649
0.694685242371634,0.389263196237152,0.731272590869389,0.659075521842347,0.476919473410817
0.929801365826279,0.277638455474516,0.907415934389727,0.642603386556843,0.318803052447038
0.877430103719234,0.82588073957595,0.812848406309746,0.87763786615392,0.712638265074929
0.881395655684173,0.891272447333904,0.76771248965458,0.968088192769655,0.770047062454978
0.869961522053927,0.424255806923611,0.896183298166545,0.658470822390733,0.154621221619891
0.918506911722943,0.295322486752411,0.975011188013956,0.562116123865134,0.0465466239547823
0.562961421208456,0.678981298377039,0.416912945972108,0.833019784544972,0.381534485582961
0.832324717659503,0.235944555635797,0.392899014392276,0.966578462448897,0.526377809554106
0.687384702032432,0.586031131242635,0.597886474375258,0.887592830179411,0.988379876274848
0.17167854285799,0.641926312906435,0.484587561382703,0.0338380689121464,0.0880447160161566
0.101702152751386,0.928655923373299,0.0478752264024673,0.0256509263384713,0.0189482223067898
0.629109874833375,0.962019262282411,0.488216935707162,0.0824638903121437,0.314269465539837
0.753755466779694,0.827056727401214,0.63155834394817,0.867536417678265,0.576941375649767
0.342044658726081,0.2980876234069,0.650795120094763,0.603587848882921,0.67710489287856
0.408696983009577,0.0550262217002455,0.598195013510942,0.623661205058026,0.652840741066029
0.75406044209376,0.226199097494828,0.740780065682559,0.57048292627228,0.340514661715133
0.0363353693392128,0.14410882719676,0.0882556012128896,0.609765018420722,0.992440017435001
0.489947277586907,0.954330934881,0.326879643944743,0.103727138709764,0.218114377203165
0.059477758128196,0.164629384380532,0.772577927302488,0.26677900402521,0.576258395711193
0.0203907485119998,0.999776631855639,0.0115326913446606,0.000187374955381166,0.0109390869329218
0.463833075482398,0.374194882315351,0.422921397559207,0.401819751344468,0.821843577577965
0.579901097808033,0.132978099252796,0.793015758053059,0.378989909996474,0.269605103967478
0.199891343014315,0.38999035753659,0.182827718108445,0.382663555990687,0.807775289431447
0.919519132003188,0.46798931187368,0.92532336613588,0.732267521567964,0.487029117153725
0.677999736508355,0.54177376293228,0.526761036863521,0.939449440689988,0.705689416703535
0.380632758606225,0.905414458917221,0.170091260534672,0.0967270800409741,0.178020925697638
0.215679491870105,0.0951565492723603,0.112277572381368,0.748951561376838,0.966065928892931
0.926744510652497,0.220689049659995,0.906685858712301,0.549204217245615,0.084179660625523
0.204638720257208,0.831109536840813,0.100554309645104,0.0863234301777537,0.138388234510785
0.941273846896365,0.785349660756765,0.901828275907929,0.915286285303065,0.896936488599749
0.478052411228418,0.0952763209643308,0.796351154692445,0.228623685210646,0.410524085484212
0.615629852283746,0.702563223225297,0.527968321736862,0.538315235957402,0.431410959543427
0.190406611654907,0.535271272616228,0.214853999384559,0.480962032278509,0.143700358894421
0.212754130596295,0.102095449547051,0.0282291598715498,0.658661809747935,0.983940558304312
0.668041397118941,0.370154456439195,0.722379497822213,0.375383581596292,0.65342826404958
0.277261898620054,0.20499857419054,0.47508514771604,0.21397618642617,0.768319643713767
0.276414898922667,0.814074059220729,0.105769890053192,0.120163359645039,0.0906702279171441
0.413273227633908,0.147867801628308,0.697865799165408,0.238899450892981,0.47313545216457
0.201781248673797,0.307231990474975,0.199103084018454,0.549039466743135,0.808179072191706
0.80297015234828,0.287505561107537,0.21556652349292,0.785662218683672,0.671465856168652
0.0659958177711815,0.580459020304261,0.142178177268726,0.198569015796574,0.619560109247686
0.750281480373815,0.466189010505332,0.697789802170224,0.51075031651835,0.0293468321615364
0.631491951644421,0.892192029772559,0.412285635376337,0.645058892500449,0.363855945499381
0.259247987531126,0.446197110664798,0.126261222729893,0.409037196194848,0.345910988835385
0.153467877302319,0.325827098538866,0.331875392344211,0.415599194424481,0.779319747263798
0.113557062111795,0.355372011865256,0.131044481377463,0.379917120111683,0.92584147528396
0.667962084291503,0.158770940935938,0.21835333495036,0.821339186247983,0.779934742633486
0.22165476763621,0.878901368792867,0.134985884907159,0.0985566015118531,0.0590792075090576
0.583300372585654,0.415029426541878,0.561493662921626,0.578868464836317,0.0989273079612758
0.956903285579756,0.897772958589485,0.930044915085369,0.91291651196415,0.61480604330427
0.215348580153659,0.29779408799368,0.00976163071672992,0.0964761916492912,0.949763416632777
0.743644945323467,0.0296117891266476,0.614240009460072,0.204666921863659,0.653326284576906
0.962454838212579,0.811605157417944,0.944664416611968,0.88050759627773,0.614705840096576
0.717372085899115,0.919769669912057,0.615414213280599,0.175661781620141,0.364235038665356
0.972053422825411,0.506786412239308,0.97323951057443,0.76414799601406,0.406792311667232
0.126564040547237,0.548138225538423,0.215922949038443,0.401846422110092,0.162462685926585
0.938588155433536,0.120022740709828,0.304488912783928,0.889546233287488,0.699958446115488
0.204837932717055,0.0672749695077073,0.738706872161485,0.258472517386025,0.581260686536552
0.0202433932572603,0.281514394591795,0.645975359615611,0.251215026515223,0.57855005262536
0.870151400566101,0.787615467357682,0.79707856632312,0.900314732218701,0.784697328082984
0.268062384566292,0.486636934423586,0.398465242808117,0.270053848487255,0.502291982033057
0.779903480084613,0.576225065655308,0.790140419770498,0.651504047897392,0.323332188447239
0.587338558165357,0.0460688054736238,0.742546587820349,0.263371354457306,0.549857534730108
0.306368566816673,0.910156216152245,0.224895383523441,0.078090038888384,0.139278202928836
0.855534235248342,0.708250883239089,0.761467283729462,0.917120077041576,0.786409815569641
0.762492319801822,0.370576189219719,0.756651348099024,0.717263181174891,0.812412639468675
0.300356914754957,0.691901063750265,0.05238233612742,0.114392457943643,0.190904339629924
0.844904555939138,0.596223665779689,0.883368962684556,0.677078445091361,0.174989952385658
0.98022259073332,0.577094255801057,0.969276079215314,0.850897140160518,0.878175630845362
0.285366015508771,0.364701230922947,0.161221290244231,0.493065667280282,0.895707996241981
0.660800541751087,0.736658027890371,0.549230960082891,0.709440826259167,0.533163956570206
0.43976968806237,0.261691802734276,0.842561625705857,0.355014312642871,0.229774597770302
0.945582070853561,0.445602620573482,0.961322710991096,0.697688323140187,0.175498939846875
0.974451891612262,0.446974118676735,0.974906403692446,0.755883636546247,0.774321041622898
0.483646527864039,0.00694100491818972,0.0857504281313426,0.986800391777472,0.974444703111658
0.860814554383978,0.370668309769826,0.928858030314087,0.59714355323983,0.301857325102901
0.634532410651445,0.108781995397294,0.832336517929887,0.386693457474348,0.277011464961106
0.40182393649593,0.496229791227961,0.351858836933714,0.51635516035525,0.759545625100145
0.0311065299902111,0.229166346747661,0.496475460454479,0.399017657140981,0.717257321317447
0.990905881626531,0.8611220716557,0.977359137051657,0.969635291409006,0.990664588083746
0.220715386094525,0.603741317434469,0.31393136648385,0.288975775102432,0.742775444785366
0.605599056230858,0.596132779115578,0.340277798835219,0.90804804180625,0.580947453592671
0.227093681227416,0.113073426909978,0.3257981319356,0.799377714205121,0.853165923297638
0.204323444981128,0.273927785310661,0.315542272119721,0.537747054778423,0.910066141252173
0.77186639723368,0.366217823378975,0.530647726627513,0.941755872286065,0.736978026485303
0.25167200085707,0.454626617982285,0.165338782258897,0.46500766378394,0.576739990297938
0.0187647831626236,0.801184003677918,0.0244964401450705,0.0317549044790008,0.00382238553720526
0.224396498408169,0.301719133189181,0.578902495357065,0.309328160826712,0.936109398520784
0.475134384585544,0.11486642100499,0.601155758341858,0.294680100622742,0.544599710352486
0.177342742914334,0.3649810286297,0.454013039157828,0.383101886852841,0.727755351137603
0.692544853780419,0.554398310108809,0.721875008250804,0.674174368670333,0.646183031698456
0.0336701280903071,0.121645394159714,0.238254731087265,0.758894900047835,0.951868714968441
0.145397006301209,0.964039117359789,0.0817177199490909,0.0199373296569182,0.0606066643085796
0.252333133015782,0.151860733370995,0.231414386067219,0.749364252382457,0.892725220503053
0.686933138873428,0.0126657880900893,0.983243903812069,0.158348388352329,0.107301056996221
0.423294166568667,0.667172929068329,0.339096209306766,0.488172568744482,0.0355109973170329
0.467922833980992,0.771372885996243,0.40072986694131,0.492490673420601,0.246597198216477
0.651332782814279,0.107525670522591,0.734192162095139,0.357502518171433,0.465173145668814
0.300289192702621,0.575013420748292,0.00777411056654698,0.0372851583003537,0.0924304591899272
0.146920119412243,0.0228658657579217,0.906790873941558,0.144464633447689,0.389610296901083
0.0551218858454376,0.289847266656579,0.0529773160294436,0.294139319615253,0.979663642443484
0.410561775555834,0.957600594585529,0.217789815258001,0.0846024207852473,0.166833688883344
0.590007284656167,0.201702713238774,0.187460869492216,0.737953098501877,0.826125353079988
0.385810820851475,0.584238926443504,0.0997150525503128,0.29287204090317,0.137093187920982
0.459908300777897,0.32561083175824,0.694535251535204,0.468188903603029,0.322465636156267
0.293513353914022,0.279203720827354,0.930746216287191,0.485587762252719,0.189236159640132
0.114282094873488,0.911932612099918,0.0627756127370915,0.0335900113794691,0.0449407305277418
0.0858832062222064,0.0979053244518582,0.948399457506165,0.306395351395442,0.204156862018863
0.749725376954302,0.671144391148118,0.688232206991659,0.7366938677243,0.309008140437072
0.541310065425932,0.723360336065525,0.481814991587529,0.445821927174196,0.344203610235127
0.345188564155251,0.795444436982507,0.310124309927585,0.152045770379256,0.235679116885876
0.0139863160438836,0.551319258724106,0.18049985026734,0.196540912339571,0.61602375577786
0.419016539352015,0.460051508009201,0.519108973809275,0.441031927750752,0.0371960270276759
0.829747597221285,0.249106058123289,0.833684738024033,0.60611532877426,0.528372481552651
0.123959570657462,0.421727600943996,0.398147048205618,0.20530507619896,0.819264959573047
0.721764697926119,0.978968206007266,0.447612205962411,0.893679915917045,0.472357983962866
0.466369763948023,0.247238679294242,0.137628957819881,0.678617295785276,0.771147545921849
0.838991801952943,0.74344788302551,0.794039721656212,0.778270977974071,0.586757342767669
0.364289705408737,0.567943707719678,0.268158494390095,0.416810958215852,0.654449016990839
0.830610841047019,0.333757812419208,0.777054723489692,0.690631701959864,0.13761454905034
0.399459994165227,0.609226856759051,0.203848020485032,0.382606786689043,0.302701125357999
0.124874707544222,0.0614640581479762,0.226053244222183,0.77357236508818,0.944943368813256
0.150050576077774,0.830309632088756,0.0272207071191014,0.032464733547434,0.0335750076628756
0.161626538028941,0.599947142094607,0.267087903068028,0.33645607937922,0.114020090928534
0.376337479101494,0.674951018678257,0.295873685148478,0.366910266376043,0.115413389023161
0.904321718961,0.654721118597081,0.877784283758085,0.823788171754258,0.820253768499242
0.893319488270208,0.519379064411623,0.915545676676318,0.723038854596269,0.627181567397201
0.227561569772661,0.338364625204122,0.443178223888171,0.839592546812625,0.417515549779637
0.882840666919947,0.720620440581115,0.783864538976466,0.944616562245119,0.953387495392235
0.879935435950756,0.792777115973877,0.808703509568554,0.891300614662143,0.757145414390834
0.182461738819256,0.736759467079537,0.411959399791303,0.138484130427718,0.266619553411147
0.30646289139986,0.599175319395727,0.0631469355792404,0.129715212117573,0.849994907999644
0.665325889596716,0.500939977151575,0.361181812770912,0.855318874889356,0.130686286225682
0.154947730014101,0.375508913450176,0.210871557782343,0.401569094960546,0.87996365109575
0.628726663766429,0.617799911036855,0.521492908700436,0.685945176824705,0.506123400205979
0.7619945963379,0.0558329322666395,0.577541666693805,0.312139332361328,0.67847401931067
0.906214748276398,0.895077826135093,0.812686628303662,0.965102013191969,0.824181856733048
0.307274281280115,0.32752588155563,0.0486903799373386,0.392713356014271,0.711491580150323
0.845499184681103,0.412635546497768,0.696341067178662,0.880192038035575,0.474785346508725
0.5657151741907,0.129885837057373,0.511179513804666,0.685451599741664,0.626591448119143
0.138041050406173,0.0521315772493836,0.81000709730581,0.175763679199542,0.479519737622468
0.695451396750286,0.524505658104317,0.730832732435162,0.56435559363181,0.245402850938262
0.175321095623076,0.943624481995357,0.0335764309406159,0.0184361364115667,0.0450774151540827
0.553233282640576,0.453332873556064,0.731231218931877,0.521153774131612,0.252925497334218
0.0613878176081926,0.829259764956078,0.0983850994326144,0.0412144292160235,0.175764421437634
0.0584535303059965,0.28806790834642,0.737054515570034,0.354587643818766,0.608187864156207
0.769782738992944,0.796045532420976,0.63576484845349,0.931701873881289,0.653977948095417
0.0211851573549211,0.858937764860457,0.0124096934500393,0.00744029103245561,0.146999006421538
0.707085360540077,0.641893233376322,0.598775729841092,0.891966490954762,0.919474853755673
0.0901571370195597,0.801272307551699,0.196901486323557,0.101592715222455,0.123971021763282
0.257801004685462,0.837852083932376,0.253187875364376,0.111906281025435,0.153457723994507
0.585015627555549,0.38190002067131,0.560717377682176,0.874580296114981,0.61759504195652
0.657634530449286,0.376359110960038,0.0925935705711966,0.532502151314476,0.101970835094107
0.00744355609640479,0.362267347547458,0.108196261969737,0.275996173248629,0.996098000818165
0.913105031475425,0.423035322193755,0.900325884703885,0.729515885719612,0.851329411467304
0.231514115119353,0.284014110715361,0.709520265912258,0.370727807164878,0.553484225907596
0.601648531388491,0.873554152349243,0.458351979285661,0.438023486746117,0.401419998874189
0.850260972511023,0.00208892088267021,0.26804757093005,0.972567748375539,0.908132432989078
0.0174147125799209,0.564444615883986,0.107754712612352,0.219612034216071,0.277013317594538
0.66146721993573,0.729844446963398,0.581921579662351,0.803088650310199,0.613610444503138
0.686161562334746,0.711059469351312,0.706697802057899,0.503389473564475,0.323722467845073
0.129235450178385,0.397374386695446,0.195183163138817,0.41335255178931,0.470307587034767
0.402754802955315,0.276702253700932,0.535323695451069,0.499059065514264,0.704068131773965
0.0842944863252342,0.0797684983990621,0.703437183491568,0.0501543409890732,0.649139804620063
0.0918293814174831,0.326739276206354,0.365784829049047,0.633677824214636,0.742927108396543
0.298469947883859,0.853415431483882,0.220176237599111,0.169300773343418,0.155058762495173
0.293660048162565,0.277607801283011,0.0929816297341483,0.426583964683498,0.916185551293893
0.0343172431457788,0.854664009908447,0.203025161918699,0.0540227726915647,0.046550598955946
0.0328823060262948,0.463323935429798,0.216480807947017,0.360405365655863,0.621208275057143
0.843567277537659,0.727891583432211,0.781976200174748,0.866603489966055,0.843917476915522
0.450309550622478,0.185739031032426,0.945862709450754,0.439399725899847,0.21903064622893
0.163949510315433,0.400323950249003,0.156279377730917,0.423672460172496,0.756118464196334
0.550695160869509,0.95119086719933,0.32447824381921,0.216609845459899,0.279276312707225
0.568113096756861,0.822418777592247,0.455311707128841,0.252840462971673,0.376168897055322
0.145662213210016,0.266644868272124,0.764259774415488,0.294747717638098,0.557111682690447
0.436184629332274,0.840944554161979,0.29002968402706,0.241815164327582,0.202266806532862
0.161514759762213,0.385579317662632,0.485087771813361,0.121991883569109,0.82455736011616
0.35587563063018,0.704112001723843,0.464559553132809,0.105492754879964,0.350530022551538
0.74975236132741,0.662446407513926,0.626554371094576,0.800487280790267,0.57820678470307
0.963148957584053,0.718942938285181,0.944267162383946,0.8885952047966,0.896405902080005
0.983727344777435,0.634531093033729,0.974162380296846,0.869629364386452,0.865502304310212
0.917920081643388,0.505651422630763,0.877249140725888,0.769572518308795,0.302042080933461
0.376279766438529,0.430715824739309,0.55536212351497,0.308265328881118,0.208293978444999
0.17748652677983,0.866083916189382,0.0751637336848549,0.0724811194215689,0.0190921050088946
0.317728088470176,0.955697013268946,0.146492069852204,0.0593217719335548,0.101934872713173
0.682033713441342,0.0888668116822373,0.824523426814188,0.267446033538583,0.216113428323297
0.842033193446696,0.452756434940966,0.836551573773145,0.656380489008199,0.34659957877011
0.419332301709801,0.167490274558077,0.374679574251739,0.856887133758163,0.732295089954278
0.0835337657481432,0.269807631411823,0.238315181668705,0.506316313245108,0.916648137470474
0.693751846905798,0.0842636511952151,0.418830687742083,0.942154870078288,0.764321734342957
0.881134124472737,0.903924728248967,0.821941994846231,0.848264357586652,0.577907564438647
0.759518170263618,0.351923204405466,0.252597870731755,0.761031372563306,0.476103158754995
0.242343485122547,0.618612016056431,0.427333279377037,0.37507479615104,0.0290243108465802
0.531393952900544,0.463216289965203,0.238713979926047,0.571943832461337,0.548866536613787
0.423448230838403,0.246586678229505,0.539340757127629,0.898713982894605,0.468889204406878
0.532172345556319,0.187326871120604,0.105567471022223,0.789292149237714,0.844971792801516
0.275170754641294,0.978344043280231,0.19603323935456,0.0206305230751251,0.110026056790957
0.669873403385282,0.053074744559126,0.896120384386115,0.262779755877495,0.207077440369176
0.15544783254154,0.617842992098304,0.071865997652251,0.147380061267421,0.347251180937747
0.623637687647715,0.206747272022767,0.741275535666833,0.402557607548697,0.454859137564199
0.556644570082426,0.721612029272364,0.497406550129057,0.463487849651531,0.386193201557035
0.998314316151664,0.162384145514807,0.999516321858912,0.55201772474232,0.0593472644395661
0.600525294197723,0.723159224173287,0.466576578840048,0.893581230463543,0.59037446565344
0.489186826627702,0.934117903962033,0.389462174640112,0.0476984774755094,0.223552227922482
0.109760621096939,0.881258673238335,0.0106948139280469,0.0106604356909328,0.0287471243354958
0.469910625135526,0.439690745290136,0.314618684640187,0.692998574773035,0.208492605917854
0.202916715526953,0.340037319314433,0.251990345912988,0.259589637364731,0.972909841599176
0.912799948360771,0.659471711871447,0.893352552243625,0.843625895915023,0.86492300502141
0.154180268989876,0.797435639280593,0.214643012870124,0.162983327633506,0.0468251406855416
0.616894743638113,0.0861773031356279,0.456692585935177,0.918608925148795,0.751372997096041
0.173511244589463,0.0106112148787361,0.572965987853278,0.0425618672441907,0.779055268532829
0.147620226722211,0.369309780915501,0.479677388743718,0.350781910101028,0.660664437309606
0.107269673142582,0.899002518825,0.319521687827931,0.016519940620748,0.0909382420068141
0.0204714052379131,0.989308503543725,0.0131344036106308,0.00168116345602874,0.0220659246260766
0.279965050984174,0.201375941134756,0.0354797715775296,0.357113245111221,0.960471761558438
0.675689033698291,0.141497168486239,0.452977178895897,0.86417898406235,0.675274423469091
0.153578634141013,0.693226532050176,0.151385483205672,0.242130294213707,0.0238031764456537
0.31927976035513,0.81326492750668,0.314571617490874,0.13918670782967,0.0748801640293095
0.862822403665632,0.34687184219365,0.965899651506547,0.585912832716985,0.189509860618273
0.202215475728735,0.0627325219393242,0.626783475650624,0.253376659414283,0.661647670523962
0.822264630580321,0.735745119251078,0.699085812878694,0.956243202247907,0.892096350813517
0.427541984710842,0.572854327823734,0.359123179638128,0.439028052343958,0.56179879695992
0.437185340793803,0.106682385579916,0.0404500681405716,0.490659961253757,0.975426915014395
0.0944623674731702,0.703011057368712,0.0173992590981526,0.0359550398847032,0.132961038529174
0.320226748008281,0.38972568770987,0.478388292077554,0.570727052148487,0.63301024606335
0.229379889788106,0.282551362091908,0.799548244220303,0.386931036582488,0.566668665007455
0.430062068160623,0.117786281363806,0.76789071027246,0.330991567073993,0.447956183255883
0.449179004877806,0.687915883987444,0.503369598759795,0.218736766798458,0.44583895537653
0.810418031411245,0.160878812283045,0.277727766362258,0.950685164624772,0.70053760256269
0.344501450425014,0.0832825717807282,0.56237814541793,0.700803891121431,0.679516446340131
0.82019833731465,0.631901633139933,0.778684918156388,0.81040510320989,0.873759614973096
0.710449847392738,0.323527439875761,0.539520705733907,0.649678375154665,0.509430931735551
0.617165547097102,0.121307048219023,0.670241263561098,0.554669295534985,0.667180236050626
0.584878705441952,0.16443260104279,0.794455102735238,0.355380623115405,0.121267828420969
0.0140786021947861,0.15724596826476,0.177903257707425,0.630445321229118,0.988145598763367
0.0852715137880296,0.193124350655125,0.961759964992671,0.453345951818846,0.359844175429316
0.656764644663781,0.248827753035584,0.915268187779136,0.465106387700799,0.20004479700583
0.700988308293745,0.879150061606197,0.598242920100264,0.488850224968007,0.457034240156645
0.340188504429534,0.170813160337275,0.495210996304075,0.7897972003441,0.715908594167558
0.792263260111213,0.0925813803623896,0.0212191737853328,0.696229170001179,0.938145583408186
0.952722810674459,0.302989272720879,0.935828118949902,0.657856574408907,0.244673042354407
0.339849855750799,0.421031339588808,0.515918263586703,0.250996799478699,0.97292495824513
0.0532191786915064,0.58121328704874,0.0516895508232168,0.128359510994851,0.386812506738352
0.674815278500319,0.936273182713194,0.496774349382772,0.498775046935204,0.396073654905194
0.69010733650066,0.951716521551134,0.517791706621932,0.276706569742626,0.38375118674594
0.512726457091048,0.794987200613832,0.449286465892568,0.189633017148147,0.270232562877936
0.365812233882025,0.332307526754448,0.105806918212596,0.298799935277758,0.913378776895115
0.380533331073821,0.0755259546276648,0.311526148743142,0.475350558203925,0.876226860709721
0.124058056157082,0.781291071587475,0.0994144847659428,0.0793204358116121,0.129089712660061
0.681905311066657,0.777704562729923,0.615366034597924,0.699354503271415,0.509053371410118
0.265499614877626,0.43337302931468,0.475794157201478,0.26493100186303,0.0992701543436851
0.183011949062347,0.762540669034934,0.0523833740248749,0.0868912195154339,0.0468691426503938
0.68041165638715,0.852466899639694,0.464131975393722,0.913345399286453,0.555658315337496
0.629425907507539,0.187852177856257,0.671552077616057,0.673571099018756,0.466481759940507
0.990938426693901,0.371715837536613,0.996186261742845,0.679957134946534,0.0931318946240935
0.186311265220866,0.437568223365815,0.392535623404939,0.0896107181704889,0.960211571509717
0.559676498407498,0.674953103036387,0.467575807258844,0.516045067639176,0.175446823093807
0.888509687501937,0.987448127620155,0.731351983898261,0.991204360226402,0.693121378862998
0.786333736730739,0.255238640675088,0.726645125975414,0.589416507895967,0.265742517687613
0.94304763735272,0.987087286746828,0.835319825995632,0.997435931472724,0.895222400227794
0.178558079525828,0.351529312989442,0.734348115782837,0.287801913411648,0.794769284169888
0.0462795277126133,0.360379547666525,0.0500575757008242,0.246284529108316,0.95775909468648
0.412816616939381,0.299809465621365,0.430998669960188,0.623792876811713,0.645071470789844
0.538685723906383,0.309477372589754,0.577343764127865,0.464805766607064,0.712416926893638
0.494279845617712,0.104153684427729,0.683166337668582,0.23693499454465,0.601087517250562
0.813960500294343,0.0727762128517497,0.732584786972699,0.470542308054147,0.510539277951466
0.971449815202504,0.439058218878927,0.95025015164712,0.785776417749632,0.883729739434784
0.496842642081901,0.761545763787581,0.662001303987938,0.200939418474666,0.232835015951423
0.50924408971332,0.41693462015246,0.650463068375108,0.613089319905697,0.250399634271162
0.333687340607867,0.968299899861449,0.164865414766838,0.0468000840535851,0.142844195332145
0.516656885622069,0.918272003211314,0.34419686498432,0.17211895741908,0.254170862172032
0.630798499798402,0.602930612774799,0.552262483165368,0.53404821776762,0.873879542778013
0.217491504736245,0.310427675052779,0.378102824722559,0.54139806547628,0.688110588613199
0.79382139747031,0.83621554277488,0.659496985329289,0.930856587085849,0.659380905301077
0.64807933033444,0.899609798594611,0.4749618622906,0.611532488197648,0.400819821661571
0.410092155216262,0.800586084224051,0.203726806717204,0.353968664260585,0.124646742799086
0.821380992652848,0.34501363473828,0.810068469912833,0.582744285940963,0.1386078595242
0.902522751130164,0.950049326085718,0.806016858924206,0.94952882606399,0.687722878617933
0.428587834117934,0.956297254451783,0.358199123854341,0.0109936846879887,0.18329284057836
0.527704289881513,0.662505840038648,0.534582419456649,0.352382617069828,0.265640123019693
0.513528282521293,0.569773808383616,0.348881190130599,0.552586693319309,0.508084676723229
0.436021546134725,0.856070444599027,0.235760672767671,0.276393605770466,0.220491926447721
0.390149080893025,0.882336604729062,0.270213034734491,0.125086215838988,0.176532203884562
0.429263828555122,0.0903329180146102,0.181491053847371,0.778383328720171,0.928058832098031
0.355745734646916,0.907472997467266,0.19188662746311,0.102295589684991,0.205584941577399
0.415954211028293,0.432773560722126,0.536940456469879,0.836729296585784,0.277515387599124
0.203703521052375,0.536991326225689,0.248470870358493,0.312902866617435,0.845337341394043
0.0278718376066536,0.700161908025621,0.0105972769956035,0.0215455497935349,0.127524076000554
0.582406432833523,0.537911339924904,0.469610818908406,0.862123890591613,0.814228136121528
0.466842201305553,0.0218101910140831,0.457904269132135,0.250252009568748,0.816047458705725
0.541028511943296,0.487421880970942,0.244454647754091,0.573265508705638,0.585570710798493
0.120123115368187,0.0635040198394563,0.455468168244126,0.16993312492304,0.829078861133894
0.330622324254364,0.0305169776838738,0.300734447066949,0.914502807973404,0.892079560871935
0.615077440394089,0.0476925978146028,0.87309778692486,0.241828633574361,0.362563142407453
0.210689551429823,0.759872619848466,0.329136523558956,0.0808149927451801,0.249924582109088
0.557566106552258,0.947680756245973,0.356027016322077,0.272098409605051,0.278346777922707
0.423735862597823,0.744144536234671,0.0601377215941834,0.134290466438069,0.15694709107629
0.736652715597302,0.18397715195897,0.534965074910252,0.801887625724816,0.469346826343099
0.991864784155041,0.93402984077693,0.978707760037776,0.977432285885355,0.885611088917358
0.855679582571611,0.175033799634548,0.940548562003978,0.450645585587507,0.0559146619343664
0.637460222234949,0.906967469170922,0.456625647667129,0.677649217978168,0.387532798951725
0.631575724808499,0.497285800258396,0.615474139255045,0.613752478046495,0.73436328137177
0.633605287177488,0.181217714824015,0.164088742856224,0.774328291242513,0.861232904164353
0.542924090987071,0.217205019347603,0.763523139883305,0.450546408851832,0.381292069534538
0.706755356863141,0.865915195114212,0.525157296091813,0.86997650675335,0.492703833820997
0.485161325195804,0.492135519016301,0.186323842331673,0.633460865978858,0.132932473294204
0.0701204109936953,0.0851554770197254,0.637534445499072,0.136939166873758,0.685784248023992
0.701564950868487,0.802363860799232,0.613996760181132,0.830758494244272,0.556507895846153
0.497282999800518,0.452006044593873,0.50821147880634,0.492046366312137,0.11049560594256
0.0412283290643245,0.514366699702805,0.00502358827371147,0.0196637607404567,0.983897535392316
0.434458892792463,0.976743960782187,0.187485789430761,0.0602317615097942,0.187343176192371
0.815360067412257,0.290461139957188,0.73243540299717,0.68407122369116,0.522691631427733
0.0674566510133445,0.500063901854446,0.0934255485270853,0.197098637334974,0.824448411207413
0.620502462144941,0.434301886503818,0.54957651306608,0.695994459407536,0.0113974392588716
0.431740212487057,0.165757462935289,0.408026934835855,0.132629463820759,0.834224801597884
0.471118233399466,0.11671519590891,0.579927193037781,0.571361504439843,0.630578943848377
0.49554749741219,0.384554597578244,0.574207898581627,0.424387600104204,0.563760400546016
0.359699303749949,0.607537144125672,0.338542676548755,0.546642207889298,0.0201971218048129
0.566553675103933,0.497358893131604,0.554541813709799,0.70618178210068,0.907121087744599
0.834708889946342,0.909018230770016,0.733587407557688,0.868991521192848,0.609568244748516
0.943014565622434,0.733344066800782,0.913100399613955,0.898620133581847,0.955758675438119
0.0100917334202677,0.437180234439438,0.163783962807558,0.270464678148619,0.974790499749361
0.969698866363615,0.895187131449347,0.946668835262944,0.934351639363482,0.699389116925886
0.72406419669278,0.262052013800712,0.0591077472281886,0.472719380882418,0.793664112716215
0.814952896442264,0.636582079489017,0.699249391204229,0.933584055391138,0.837480179412523
0.603320157621056,0.111096357024508,0.572140696532881,0.641862418552772,0.582482577447081
0.759805034613237,0.700519587349845,0.661538089538361,0.876603231535153,0.844585625833133
0.450222407467663,0.0905246269248892,0.362653151215148,0.888987864310015,0.820037415978732
0.397787262918428,0.257696460030274,0.150965098538441,0.66238717848927,0.797705284232507
0.469262762460858,0.160063352464931,0.143965723103061,0.502838674892241,0.923063185327919
0.290681469254196,0.787064648495289,0.32407994086797,0.132916841153044,0.173690756462747
0.713181698694825,0.169612028781557,0.0696372968856867,0.696745015813378,0.867430525977397
0.067058862419799,0.549919021694222,0.233539893426128,0.297328308382575,0.180563796340721
0.908223208738491,0.782648768188665,0.872091625267126,0.868239719956939,0.740130409336416
0.22938221367076,0.499386206589406,0.39218253897019,0.333785106929019,0.48045034109964
0.85068540670909,0.877095587580698,0.768658219442025,0.868953570168134,0.642317931604339
0.628706903895363,0.768129404837964,0.470143105700681,0.818698216265563,0.399092315434245
0.202496032230556,0.694105711387238,0.250255014563592,0.166203960023636,0.237594645848731
0.106354323215783,0.547668088081991,0.0394092260702416,0.128428380371026,0.377138751937309
0.486264448612928,0.798474400915438,0.408261684696907,0.370026030845949,0.210262022883398
0.824980916921049,0.39355064285337,0.756419070150752,0.837110875343602,0.967334460146958
0.529297124361619,0.281246695871232,0.195732165374632,0.805257384563092,0.547362838377012
0.869347670814022,0.912891211250098,0.800333012274399,0.80074055557327,0.537893835426075
0.73425418836996,0.853296361659886,0.635413771536833,0.602442627698884,0.479980293399421
0.56309616449289,0.824216409499058,0.405078013434562,0.424435116494342,0.318990210274933
0.396762114483863,0.533885962009663,0.424879569169556,0.319922255028343,0.995337473257678
0.767250900622457,0.845932275551604,0.664362097632624,0.775689390193559,0.578004218259593
0.561647101538256,0.420662660297239,0.722550728441303,0.544215134547799,0.440926128329011
0.990499792387709,0.977365692000603,0.965353352381185,0.996438214941423,0.989316215534927
0.670504999579862,0.163433795765741,0.515569247926398,0.631495257144239,0.61701301598805
0.839541441528127,0.554783265019068,0.813933251583081,0.795540483426595,0.76585536552011
0.875869971932843,0.373045901797013,0.920631677302465,0.542701785960309,0.00367440361878835
0.105745143489912,0.151228928967612,0.95237170956484,0.348670930311218,0.276933983230265
0.157707031117752,0.266622878058115,0.221018506964009,0.60759002467641,0.85586038135807
0.0485584188718349,0.338768979505403,0.416516667782432,0.475311476400296,0.554342168412404
0.371625151019543,0.92361824461841,0.204429798539283,0.0815470977530168,0.173454104544362
0.0359614198096097,0.1706965493795,0.426382855384592,0.662099687331401,0.804196276323637
0.615085890749469,0.223006523476215,0.273336365920665,0.909935478879703,0.69728027653764
0.397917924216017,0.127046662353678,0.430608434340872,0.725560898067965,0.740956603287486
0.668262196239084,0.817874953179853,0.585445404857046,0.591942803158797,0.427197148470441
0.268780150683597,0.606711152737262,0.407840212329781,0.176076232388611,0.596918937197188
0.59530529123731,0.0768765050743241,0.742496816319298,0.283924534403315,0.48969203143497
0.516133503755555,0.579188199219061,0.623345949465532,0.254211763660922,0.127964457584312
0.139522470068187,0.642957026691874,0.131535898898956,0.190773099534829,0.171303477865877
0.614457543706521,0.0472871612582821,0.88851576326146,0.232247809110709,0.266999800078338
0.318548791809008,0.487879400228849,0.456826869500138,0.533532097891634,0.182410320820054
0.917460205964744,0.195744782075053,0.966333688969202,0.501293494247113,0.164074430678738
0.607673681573942,0.479583976004506,0.692382352929345,0.508046923122184,0.321677086903946
0.491561360424384,0.782838729821378,0.311483238207793,0.463709369656814,0.341090584552148
0.653576849494129,0.524415752413915,0.784436136876053,0.423475692303277,0.0475832780648489
0.359647479373962,0.238020243326901,0.0919055498913802,0.60943733202001,0.866658123064553
0.554889745078981,0.312432086939225,0.47307058598106,0.831098731515142,0.514383670553798
0.0294388583861291,0.720594129903475,0.0920236135435361,0.0854532287664261,0.212061924074078
0.823013621382415,0.26064918001066,0.767522194118788,0.67457144171175,0.425840990006691
0.114049616735429,0.0161059145175386,0.49320729581806,0.12901905630786,0.841457148635527
0.44987868051976,0.496505232906202,0.355516949930979,0.548586747212464,0.877762452728348
0.856720155104995,0.389779225719394,0.344088910016875,0.970259725724773,0.582053197227651
0.820101120276377,0.61775729371584,0.869141116379891,0.707278449114772,0.646788193640532
0.0469402750022709,0.728436720528407,0.0104664645795488,0.0216200199537706,0.0113857783435378
0.314817941049114,0.752451502106851,0.385589450603854,0.104747483049325,0.354776713211322
0.724064523121342,0.93982362569659,0.573852993557773,0.303464773548231,0.407605678512482
0.627609357470647,0.673552323161857,0.477657300875185,0.934973425172654,0.757845034328056
0.598178159678355,0.875344804400811,0.454197485920809,0.434439644976775,0.426489456527634
0.654820293653756,0.635995921998983,0.660549469555904,0.583724553936109,0.190477998083225
0.632867853622884,0.94033665661118,0.406096105885081,0.276616264725786,0.315823771554278
0.108224428026006,0.183100313908653,0.590606546962737,0.20773179794097,0.591116524505196
0.50773423188366,0.986390033009229,0.31048844087569,0.023929933127935,0.211913900071522
0.154499416938052,0.860166288824985,0.113317879628065,0.0708418527809782,0.097941327985609
0.479309874819592,0.496636273019249,0.574744957059961,0.128986625930553,0.155024518346181
0.480638533830643,0.301590519404272,0.897132694599622,0.478765876155866,0.286281773325754
0.812674940563738,0.49130571106798,0.928923926756756,0.657223127996865,0.245551026164321
0.783024300122634,0.85182385504595,0.680004170069468,0.812365003314432,0.601839581999229
0.0379026948940009,0.499971857498167,0.0704608928036684,0.236092301249642,0.287499242258491
0.578499266179278,0.562472950696247,0.67073718384126,0.211371102646064,0.128546826570528
0.653145160758868,0.0813244358578231,0.793378279199036,0.251969171161906,0.400206847843947
0.550919291097671,0.0456614176218864,0.00134668050418457,0.345406934553469,0.979119938012445
0.624178057769313,0.51207748267916,0.460628732335072,0.850513884158924,0.477275777753675
0.519388490356505,0.050746131077176,0.310246895685645,0.9016466149704,0.866433877119562
0.550937293097377,0.0658040082489606,0.84040746212776,0.209891615569004,0.428984447469702
0.0590366965625435,0.691769616300007,0.384757313103631,0.0728682314816015,0.12497589646955
0.652228889986873,0.462671267829137,0.128681265241121,0.538646589141178,0.226879021938657
0.346264743711799,0.477892133261776,0.451640074835325,0.397045765504465,0.469536566262832
0.132424175040796,0.389775766961975,0.136803034031748,0.304888879452183,0.935011776949978
0.427142424043268,0.167116632539546,0.796797477408085,0.359382291793247,0.47664039421943
0.762192857684568,0.943068932305323,0.626081746474922,0.541724831206426,0.450841221580049
0.673301950329915,0.189609550609021,0.709559495935985,0.439765643995491,0.206106091005495
0.520079598762095,0.533579242968699,0.194464584344504,0.586232414751166,0.277433594543254
0.679600578034297,0.552202705905074,0.521624592529965,0.933560783549339,0.989134606643347
0.18541632918641,0.200664659700124,0.297325941462419,0.746973003425487,0.871129207400372
0.452984638744965,0.166997544671176,0.81711776791516,0.373317624252553,0.422038037941093
0.804141094675288,0.730874606437283,0.742102176273299,0.833413533595052,0.642528346710606
0.449273883132264,0.735762902273564,0.383164900627411,0.293904072568726,0.179671811551088
0.879870136734098,0.198204928979976,0.902307569897193,0.519729280884371,0.231645878549898
0.913498627953231,0.00441610612324439,0.207499226986371,0.978726964337152,0.905023337545572
0.716827954631299,0.593006863637129,0.767251135755443,0.6111334785961,0.337785815208917
0.652283584931865,0.194620311871404,0.150583672262003,0.700663085210374,0.806141528562875
0.789095226442441,0.408851289626909,0.654494487984456,0.836799754010029,0.389997365564341
0.514114656252787,0.50473319212324,0.479378098665321,0.635069518418652,0.763560584833613
0.306196933612227,0.206575713615166,0.222243644869961,0.556343917076028,0.875852864148328
0.936772988643497,0.531201508681988,0.906615088610431,0.812867179349439,0.650906363822287
0.987755842739716,0.53932871480356,0.987884502893323,0.805359727504668,0.648583668196807
0.738090205937624,0.363575281080557,0.532306428930309,0.801638695985895,0.242782470566453
0.429495614720508,0.391321802482707,0.436801120191122,0.281133593131986,0.609233670315007
0.787240211153403,0.782794687402202,0.762795492336874,0.671642609347248,0.518296966998605
0.68743407772854,0.67986706548254,0.56719489651994,0.898241411904082,0.916374540451216
0.572237215703353,0.796884336014045,0.339179776641546,0.569290202961376,0.290449182240991
0.043102769413963,0.658712516800733,0.0517537869080724,0.0924713593021195,0.107185106462566
0.0911033386364579,0.660676472849445,0.303544243171182,0.129938797223463,0.0981651517504361
0.968263143207878,0.755650642473483,0.95024415060125,0.894727210945288,0.807762847485719
0.624385319883004,0.912704534159275,0.387037845397755,0.616722749161425,0.37878949046717
0.55257514398545,0.765163176489295,0.474152061743994,0.325492655300434,0.395080945250811
0.744650509208441,0.506586100993445,0.763513358394398,0.648892062292255,0.472790315136081
0.252501844195649,0.949137702555163,0.124198176074331,0.0440069878945247,0.0897301563236397
0.686003071721643,0.650853181286948,0.669124492933023,0.644394317624794,0.718936635268619
0.341061964165419,0.799099572963314,0.178617578265294,0.241193665900755,0.207849178492324
0.244319957215339,0.588472238363465,0.123067687145958,0.236037362861466,0.40736306735198
0.293794697616249,0.961004697222961,0.0462213616994434,0.0238580652503734,0.0660533155023586
0.370492381975055,0.49143741952139,0.225379972527544,0.520501926899324,0.38963224060717
0.048901175847277,0.00761281143059023,0.97141227849908,0.0797772291531233,0.244748763885582
0.135181724792346,0.253124861948891,0.309810746494859,0.37842555834926,0.910364843701245
0.0714695821516216,0.146006262482842,0.581920569613159,0.360461349947725,0.69525134775904
0.641521750949323,0.230747560301097,0.572153146665773,0.83093640876788,0.356145613564877
0.404421348590404,0.11277121634339,0.914848514941642,0.317043018286107,0.350739111279836
0.849936230806634,0.251347185898339,0.928416700984793,0.549166812640169,0.228759500634624
0.731657298048958,0.163306218659272,0.969758902990882,0.429987911303226,0.116344480804401
0.615724442759529,0.421925708797062,0.565256568388002,0.759115955304646,0.618025412870338
0.510564220370725,0.445420928212116,0.519530556159788,0.384471364378883,0.920592547015985
0.699616094352677,0.301890902017476,0.944541470741358,0.528481202390835,0.0197065415268298
0.791435045888647,0.656507375504589,0.768232170009709,0.738617424283971,0.736918945884099
0.974429067224264,0.106702117162058,0.273065994845155,0.98470309636225,0.741729471395956
0.63788425992243,0.695696970360586,0.578792659036593,0.676604099231202,0.457718212419422
0.726011943304911,0.167936359037412,0.939696734871836,0.423159762502915,0.0732883097080048
0.637075922219083,0.474925032845931,0.663800211682012,0.483111825179702,0.0578938457474578
0.998588379006833,0.148163906676928,0.97674381001678,0.574047363491505,0.00410366078722291
0.606694064335898,0.720704495470272,0.507925539632531,0.613178042472088,0.335067568143131
0.872243333142251,0.543950617284281,0.909209699330577,0.71581310626493,0.441298952879151
0.199540065368637,0.513348643755307,0.12534365464135,0.292162442931108,0.376331738691078
0.494244907284155,0.910842931567458,0.327684860753578,0.244926524234927,0.239632503333269
0.0712707305792719,0.528554891323438,0.0678143411190298,0.180506159384844,0.489825772790937
0.904547166079283,0.486584030644735,0.895885675516192,0.734944717033267,0.312857578654075
0.808772195829079,0.406760664627654,0.911915164170395,0.571280047178183,0.0474186419451144
0.321060714311898,0.484289784362772,0.0862792212115579,0.176565227480906,0.911815578670939
0.849445979576558,0.982651659491239,0.704754685102093,0.821648220904002,0.521859211003175
0.106582917971537,0.846745284303324,0.0436432387980674,0.0324182552075713,0.118754310155055
0.869155708001927,0.896292490273481,0.76748429728502,0.925577672924136,0.691114139190177
0.904697877820581,0.138583918946097,0.942512809454535,0.389596106341718,0.0275223376520444
0.00522840255871415,0.452983533294173,0.176552711581891,0.171467244874369,0.992188467556844
0.62778644147329,0.53424848485156,0.545426119301096,0.820509660370534,0.195711157663027
0.668732334394008,0.23710847782786,0.646998071960437,0.550331961429836,0.403404117125319
0.0232163325417787,0.539752302254783,0.50123021618869,0.122495602061536,0.426603408384835
0.757325812242925,0.793785558344098,0.554122824591697,0.991046455144101,0.786733540036948
0.566200306173414,0.773514462314779,0.352466878131644,0.723574157578597,0.338137336628279
0.450473845936358,0.412600668001687,0.311169467322542,0.75253174364417,0.459974778845208
0.442537392489612,0.0193725708231796,0.628360859267976,0.380601624431379,0.677855761518003
0.665367081994191,0.887337150954409,0.482306093073343,0.663826664696618,0.467157956940355
0.839910607784986,0.504013475001557,0.84559571746773,0.713560535352058,0.694436129968381
0.518065608805045,0.41353411207092,0.321443547161953,0.883452803475381,0.159695206122706
0.212356594391167,0.137079691194231,0.559976949803763,0.391244711460309,0.663587670569541
0.98254529829137,0.951329454866936,0.95241921391093,0.985292438634829,0.928354971372755
0.348466865718365,0.00351877263165079,0.201984396450168,0.977004446471475,0.95725838074577
0.476826903410256,0.0953812962688971,0.858281312428924,0.297769309168098,0.289090469857911
0.573206192813814,0.979177444678498,0.421299957903915,0.0124578151971407,0.270550816640025
0.372468459419906,0.697235481784446,0.372429048614113,0.343749917065157,0.317061401117826
0.109248529886827,0.239309900236549,0.313411848350775,0.691865970157742,0.858867319737328
0.892262678360566,0.855167586152675,0.843661154579809,0.834265691325393,0.584741549479077
0.74548054789193,0.987678179139039,0.579206708149763,0.453263303890799,0.400935494137229
0.161815732019022,0.357681959372712,0.21398985098933,0.693502214623101,0.555263078567805
0.981609404552728,0.571072618913604,0.981171679926483,0.807994714988931,0.63312306170701
0.562922550365329,0.308589718682924,0.762301613419476,0.428021002928109,0.0252341584709939
0.0474621572066098,0.220755201793509,0.168387394662768,0.667869833935107,0.948560417426052
0.732687627198175,0.764220299810404,0.682501006179387,0.637738171863656,0.423635294631822
0.858030516887084,0.954150770470733,0.712033784552972,0.977454702839499,0.676817770436173
0.146297737723216,0.360752270120429,0.0889105052860085,0.304341348396498,0.867442738584941
0.0460588119458407,0.0222095155331772,0.675806341987366,0.178239122340376,0.704251187824411
0.19643111503683,0.923094404832227,0.0520630328706686,0.0337037754400146,0.0684041311324108
0.0295236452948302,0.247661079891259,0.595207112604994,0.155461627253185,0.834077281731879
0.546631265198812,0.510779923381051,0.692881452620086,0.435924153298678,0.682289832242532
0.0965532490517944,0.313484955608146,0.294494349945823,0.522285355756051,0.903142228926299
0.516636804211885,0.525669751543319,0.418468642988906,0.504199165798268,0.354492282989668
0.0483723387587816,0.318483043025481,0.336933530930887,0.348953606931167,0.948764558212133
0.638085353653878,0.550678577070357,0.132980625034539,0.487860550393021,0.1748725399666
0.42736530280672,0.0336473896459211,0.460691115991675,0.627552009816147,0.815607959433692
0.0329325895290822,0.899002843914786,0.0513641911324378,0.0271488926395282,0.0256647101195995
0.279023529263213,0.283088564377977,0.622195346580769,0.349317248404328,0.538012000004528
0.00465658865869045,0.629590019088937,0.0873155130164468,0.140243162369218,0.064411776344059
0.0723331682384014,0.425319902744377,0.0232099327867969,0.0972972696492823,0.963814930146327
0.182580454042181,0.962690375599777,0.0698064837161475,0.021335092068006,0.0933362938521896
0.764819257194176,0.91477084546932,0.62589962202971,0.696883113980766,0.500557800609386
0.0463406681083143,0.407857697136933,0.536777561754188,0.207917070937465,0.488373721454991
0.675297712208703,0.573771270253928,0.500977927819291,0.917997539843616,0.404875259817345
0.278396755689755,0.696185491717188,0.299404951065185,0.201741984219334,0.348756120743928
0.040895818034187,0.454470467491774,0.195249461766988,0.213905919197963,0.975185168063035
0.511755972635001,0.951871409459272,0.337829818344537,0.112622170053637,0.252643745945534
0.185306160245091,0.364949693175731,0.584020302935749,0.66376520783784,0.74197916770936
0.194947723997757,0.844189341849415,0.234664795827351,0.113249564494122,0.0587488016171847
0.522257450968027,0.254484830744332,0.285188870801328,0.730354081141509,0.72539805949782
0.771095513133332,0.411247586627724,0.60989090752588,0.881995796939187,0.672848822694505
0.449543622555211,0.703516051260522,0.512538225451084,0.124554902872408,0.322938663099194
0.490402108989656,0.755811280017952,0.560479285196661,0.129636596706448,0.198463738401188
0.414106790907681,0.0672434052394237,0.975145755929831,0.288995950366411,0.0642212805396412
0.504859901499003,0.425853865948739,0.490060437063619,0.689334249529638,0.45133065545815
0.777272002305835,0.797547917783959,0.725201562433345,0.673476937364441,0.562191286793677
0.573275015456602,0.0896606993919704,0.825414210040753,0.311928309699175,0.367368805251317
0.387717105681077,0.546801634161966,0.40604326731248,0.310610494154489,0.285698118706932
0.809018532512709,0.134347284241812,0.224369900459478,0.918251997521611,0.739048757852288
0.769347320310771,0.161315326200565,0.765635309763286,0.479812462535184,0.22414257840137
0.410293507622555,0.695673712616554,0.195167323028207,0.295449535445241,0.103195839357795
0.758907047798857,0.883051087061176,0.582843261361696,0.941139184745337,0.531919274741085
0.00208016019314528,0.34343277811422,0.122367400112864,0.394272302747071,0.989299978333293
0.568116552429274,0.964008693670621,0.440426344472206,0.0268848756290693,0.289107447111746
0.0129431635141373,0.781575841509039,0.0621852153250386,0.0510394118834697,0.0836374234349933
0.0869318642653525,0.574868683557725,0.00125982886073889,0.00598640774961032,0.221257401193725
0.0882544098421931,0.175896450033179,0.0737806848886161,0.624205068561687,0.977459626534255
0.524099453119561,0.416856238880428,0.552227688991557,0.726142036869522,0.533630387944868
0.181327161611989,0.0338659293192904,0.201956580065437,0.778672440092393,0.957580513466382
0.91062272945419,0.371283247222891,0.865250057141501,0.757458338907745,0.823658168985276
0.924334108363837,0.725543172651669,0.889476911759953,0.878284199522553,0.848729869612725
0.171327934600413,0.132055739493808,0.804291043520332,0.30744543734674,0.391561710654059
0.441937167197466,0.69764048725483,0.399477912238018,0.632822788979504,0.628992307552835
0.352896409807727,0.145148070907453,0.428735277074318,0.781291973771173,0.76435538669466
0.505149558885023,0.940605711337412,0.252945626178688,0.209412597285165,0.307096779142739
0.696531716734171,0.883260403090389,0.547819107131835,0.751323687690672,0.49543740626541
0.215240581193939,0.534361422091024,0.143694393022041,0.320446990251245,0.209766219108133
0.132534469943494,0.0387915579194669,0.575013434548466,0.470905872199119,0.724829298007535
0.798801269615069,0.830112856201595,0.686562982682346,0.884869066863942,0.632326950522838
0.0321164845954627,0.214338246762054,0.51335346678615,0.149324058469322,0.828446325118421
0.638434296706691,0.710118321032496,0.530428657025484,0.653676528685209,0.494590103306109
0.29013897664845,0.14799250321812,0.707098897658135,0.508180262874385,0.602717027562903
0.790724328253418,0.818091443943558,0.661135637572266,0.928091904183368,0.651256936049322
0.187319845426828,0.160170189425116,0.467715030909334,0.201399365765588,0.829511191142956
0.581481738714501,0.331529359595152,0.790690165743958,0.37067978809801,0.0122534145775717
0.201535456581041,0.250201876304345,0.627220503248727,0.733511573231033,0.67153204252827
0.493453381350264,0.0513333387498278,0.65015334463942,0.44841942559262,0.631547997967573
0.395065076649189,0.721573122165864,0.324553142181591,0.258828949838578,0.182923209940782
0.626478930469602,0.643512146925787,0.654898228319194,0.563324090840626,0.366505118232453
0.236674026120454,0.867796637438005,0.171016699647375,0.088320079420628,0.150511493702652
0.37239865353331,0.967641889030347,0.210416487776683,0.0462966250427739,0.167049527255585
0.587084054248407,0.384443294693483,0.178970909901546,0.676806905877645,0.30166095806635
0.736253483919427,0.722036768478574,0.666046728731467,0.827481236779453,0.892469309765147
0.559821004513651,0.343388414039509,0.352964419935828,0.479665017696885,0.500387758744182
0.517200668342412,0.755248444824247,0.403332788786828,0.479064811608549,0.208928792650113
0.680436967173591,0.0921045252180193,0.0138590844104408,0.655218227849264,0.94730846825405
0.253663889365271,0.0422533332312014,0.621047922875338,0.0853658046586764,0.694439353916096
0.151306127896532,0.617246745299781,0.238943134992442,0.301577828583942,0.0997854348097462
0.888231683289632,0.910647965763928,0.804181093654188,0.905786321654605,0.659769253543345
0.904910124605522,0.475960786890937,0.919806012167067,0.734709659381195,0.821986115741311
0.613772565033287,0.718509389989777,0.365029432441545,0.862564216948413,0.969348973507294
0.0860043563880026,0.36966310927528,0.0430583833448588,0.27684147393019,0.81710430511157
0.526457723462954,0.286498109082459,0.47392707958558,0.822916911444283,0.482711412623757
0.0349626676179469,0.270978371059755,0.736891617118175,0.335405471454242,0.509410896309419
0.12621498759836,0.815741998812882,0.0394789705208841,0.0460195565631894,0.0689262656087521
0.365729038370773,0.733616355835693,0.610156177832814,0.163517915287854,0.0221018492302392
0.501479964470491,0.0860833542246837,0.634798808770482,0.447332406564908,0.590464930603048
0.689324241131544,0.586495356023079,0.550768137879223,0.838985218326313,0.514004287746502
0.0992545587942004,0.160940053261584,0.589344135123836,0.163973602080461,0.705125015083468
0.442009623162448,0.399092471547192,0.111536638893507,0.466817080517943,0.402718148689019
0.230299714952707,0.27707784427912,0.268918545537622,0.455707088156662,0.856435314897681
0.0402619908563793,0.734159710380482,0.0135399606541149,0.0260256238507627,0.0140526784525719
0.121850479627028,0.550304584699916,0.34224643652324,0.119373989346801,0.591136972914683
0.52694900194183,0.715267099585617,0.379768490897623,0.586796401973929,0.389500622957712
0.76760720112361,0.98324292289908,0.541005656069239,0.85340255396833,0.486415279126959
0.939377945847809,0.492293037910713,0.936797820309905,0.747590500644028,0.425977587379748
0.798478796379641,0.4275397019519,0.78336766437647,0.719680215713383,0.546592546947068
0.485034286510199,0.586432048090501,0.530344696254833,0.512299685999374,0.475271765870275
0.315416303696111,0.365492843877291,0.130472741847918,0.480486103229358,0.792323933477746
0.591355056269094,0.544372287200531,0.598959820168046,0.660535889230016,0.492079256073339
0.135240521281958,0.478032446320867,0.138656823596234,0.362107765316258,0.434687538509024
0.39978822064586,0.946787225169828,0.183160431478411,0.119395411969924,0.155136134737404
0.909986055456102,0.822770461643813,0.856147545226639,0.898391065980351,0.732815946248593
0.795276084681973,0.287764412380056,0.884002942025101,0.573400915722693,0.328955556062283
0.107864569406956,0.84665841885726,0.191816055419111,0.0758537416446652,0.0632453846337739
0.77156619168818,0.0275994052353781,0.766227563995467,0.332877971938037,0.502411438414128
0.217257911805063,0.0739112778974231,0.133411850272312,0.900367186329979,0.954799729021033
0.0658677616156638,0.734438804240199,0.0730990110034868,0.0973231131204564,0.0348287644155789
0.831214498961344,0.0443356920441147,0.648495676205482,0.380269508597061,0.608565198112046
0.743697816738859,0.862412713904632,0.60175961758342,0.881293206560038,0.572333282179898
0.788054363103583,0.279987189540407,0.665794240107014,0.818489433175589,0.482142972905422
0.902728162938729,0.689280635589967,0.865253967562584,0.854235707121444,0.825849731074413
0.742497142637148,0.54956336892792,0.738069873484047,0.728600837377387,0.780366115825018
0.375652123242617,0.0289982152462471,0.454311186460614,0.908393269248324,0.807103318540612
0.987324590561911,0.644348366040504,0.983139680712008,0.857888051548797,0.761074272886617
0.190141825936735,0.451507552905241,0.213976873505005,0.276708250431325,0.905637011892395
0.365779469488189,0.232773798488779,0.516354029845801,0.178035790583652,0.727304828265915
0.259953529108316,0.264487167034531,0.844379045809612,0.443455902317652,0.458375567541225
0.0452524514403194,0.634075670473976,0.18426801609483,0.176437819072733,0.534130621090299
0.748459260677919,0.211494967370527,0.881098756949265,0.484492970135799,0.350895670620957
0.0970408609136939,0.237430198088987,0.366801297140699,0.834051212195022,0.784171748528024
0.00155804306268692,0.914116800500778,0.00724440862197384,0.00344343788536599,0.00192147205234505
0.701675849268213,0.152231272455538,0.89517124170954,0.427357819511899,0.241610244644107
0.306495473254472,0.0806531497801188,0.990088056179012,0.321457033122647,0.0304416959697846
0.657266228692606,0.786040553502971,0.591167915344095,0.384775228156572,0.437300495657837
0.764779304154217,0.034908124798676,0.0853615903642285,0.912563543961085,0.94865460586152
0.544189024716616,0.414036324917106,0.519089699510215,0.422019536335277,0.682129243476084
0.590039851842448,0.397743068373529,0.763426072923729,0.465179035258439,0.498804347094847
0.111252080649137,0.509665060526459,0.239455318176811,0.264448660110277,0.639326354459627
0.856032419484109,0.270234438037733,0.820354227344577,0.636803020996334,0.4610460291442
0.819859246490523,0.0398366924782749,0.910859193742857,0.22344783512895,0.193091511871899
0.832598628010601,0.258347740775207,0.869017578144434,0.589188670768564,0.528264441614738
0.961144865956157,0.328757297509583,0.954013020332169,0.658839213119598,0.0523980939469766
0.0975986348930746,0.380259148456389,0.00256413546440304,0.0290619183721808,0.854243725334527
0.195460613584146,0.72117095804424,0.0395872278050362,0.0733944594166592,0.105133721750462
0.762511095264927,0.64103684030124,0.806483130440491,0.699185546380042,0.555189961130964
0.630535336909816,0.877474342676578,0.487030383301936,0.362677930918161,0.352610994916176
0.209175447467715,0.813642467575846,0.177537948119799,0.104903149675978,0.218054559460143
0.846019864547998,0.568978070252342,0.810933107115116,0.755082864725856,0.477027733140858
0.697092985734344,0.447661250800593,0.697934511224565,0.675932017535858,0.448175185214495
0.436962777981535,0.206103076779982,0.38140645476254,0.902788234357827,0.677150717325276
0.342810193775222,0.470160148019204,0.706357274199791,0.396706314756282,0.749293707165634
0.478908536490053,0.767201992595801,0.390686011055229,0.453601476483757,0.281407866539666
0.56075852108188,0.00436870972043835,0.349302365751744,0.994863728349614,0.872930044512032
0.595959692029282,0.571763765212381,0.502417295313852,0.616040917654083,0.975913093978306
0.563179187476635,0.411034807533724,0.484622726636946,0.712700057247254,0.494700833951356
0.180163346230984,0.481555918609956,0.144961922150682,0.374583962485332,0.2346912441717
0.244417390087619,0.322030830924632,0.371923914849599,0.915515601462927,0.495775601099012
0.193282118067145,0.622016290057218,0.0820723811265783,0.198094972454212,0.0262151114584412
0.864831487648189,0.795206098438939,0.825047672124746,0.807297748012576,0.614186853897991
0.392730384832248,0.139524217840517,0.611781287328375,0.50229375043597,0.638068217987893
0.385418092133477,0.258779917232459,0.689183600515443,0.293667757063355,0.520507984299911
0.904984177090228,0.189101749536349,0.263175993620182,0.944709450062601,0.685986300493823
0.952963325427845,0.546850702521624,0.954646176928365,0.77315380961249,0.493296917557018
0.980887541780248,0.595565016177716,0.974990380486959,0.842899734050656,0.855565663398011
0.628840444609523,0.575049621023936,0.688898678428082,0.616414863715938,0.825955305976095
0.404763339553028,0.319512491201749,0.677145067317576,0.295106781261256,0.252741933480138
0.397085154196247,0.499478985351743,0.337199116420472,0.763694012956449,0.0674685374542605
0.341992807108909,0.124210726789897,0.591952996833645,0.322008073504652,0.654287080134964
0.0485626312438399,0.570248080737656,0.100541919510074,0.209814021896892,0.179368402430555
0.54504480259493,0.33775641824468,0.516323585730806,0.558577455815536,0.260311893798644
0.201296800049022,0.91983965979307,0.0701800464796246,0.028117926766896,0.139341060450533
0.433843434089795,0.48439119986142,0.336826686786965,0.415645733960256,0.759899333730573
0.950050280429423,0.860079062898876,0.89474568977478,0.962709425604139,0.950737609906355
0.032107406295836,0.650861658941722,0.073325605491956,0.131437688238989,0.0462715046887752
0.361059584654868,0.876389148557791,0.298785141658781,0.118622500706257,0.11767013403005
0.215652615297586,0.816978003742406,0.307270408606949,0.0474741182467865,0.248175189801259
0.116620818385854,0.360458568873582,0.34896795747477,0.517909988600434,0.888395145680988
0.735385466367006,0.573962340626167,0.658931349198435,0.730449019665243,0.772175737278303
0.276387471472844,0.702505879948149,0.265563825408791,0.235024844726627,0.532374560571043
0.0846861593890935,0.995715271303197,0.0590874631480388,0.00446637400851407,0.028678451286396
0.743296541040763,0.731506010313751,0.632320945438785,0.806901350199409,0.58832984950277
0.712050150148571,0.608516555075767,0.675622826671637,0.686298131776943,0.557611716241809
0.753610043320805,0.878678519133246,0.602137602216617,0.92076962150496,0.625155285379151
0.841121837031096,0.280895833595423,0.926214709980106,0.559044746113953,0.207794054556871
0.0127740802709013,0.367343362217071,0.218272074319397,0.51812650417544,0.962628435139777
0.0377147193066776,0.0846459316962864,0.66105449384917,0.116474812568147,0.745041582878912
0.274692699545994,0.465748426475329,0.217675212175236,0.32360042147368,0.902381212596083
0.436466929968446,0.423389513714937,0.283780152491682,0.521939616146683,0.536929452355253
0.4795320504345,0.924473236809717,0.300580418754192,0.19659447722491,0.263550206407672
0.698369502322748,0.918418066314189,0.518168784233557,0.684997508508169,0.46016731535201
0.234588188119233,0.25348724387004,0.633302885751324,0.457314453006941,0.362842705420917
0.391751886578277,0.0331682297110092,0.703084504555979,0.0693250077829513,0.582951046089875
0.745648603886366,0.433261018741177,0.715004777085404,0.603873630081645,0.0163948436093051
0.197468389756978,0.73136301440536,0.311787346095286,0.134392482318099,0.0256506967416499
0.544068093411624,0.757670594291994,0.386931021520822,0.670903806672491,0.461105580645381
0.255820809397846,0.407923180231592,0.0476035966597861,0.250515700383469,0.606266591261374
0.0507696478161961,0.241196604823926,0.249619819736185,0.507998510506398,0.943940188066335
0.415352075360715,0.856814107828541,0.4043125636759,0.169990702193691,0.0800745487504173
0.919045471353456,0.729458590591094,0.860183283008261,0.91559486867224,0.945161669194931
0.249336294131353,0.431713341240538,0.34940834245592,0.588315679957236,0.566929232998518
0.00287584215402603,0.433160197426332,0.196041626726977,0.201487544220065,0.98179666834767
0.362163003534079,0.525648767332314,0.289452188878151,0.5278265068948,0.493191748304525
0.347026349045336,0.450434186175698,0.122373361220662,0.461542940171824,0.0636179470166098
0.859973060665652,0.956920344411628,0.69274935122836,0.99291544245424,0.707986333552981
0.980511022498831,0.878713856538525,0.962879813569059,0.939589920904729,0.759933842433384
0.996015041368082,0.174707417521859,0.948963767741765,0.62156785813481,0.0907593227748293
0.457139647100121,0.842563235928537,0.306550435459125,0.307276913551592,0.278059042786481
0.267858481034636,0.314343706384534,0.38379586632412,0.434909097818529,0.666175493359333
0.331838318845257,0.682071511779213,0.0275866750987767,0.0871295538103379,0.033670792443445
0.212376986863092,0.383902715082513,0.168383250651829,0.418554088385171,0.846132715785643
0.365787474438548,0.458487284340663,0.385443046695261,0.476167736540558,0.49473425783799
0.628432021010667,0.742513669974869,0.584375680833734,0.543411665414123,0.612302131397882
0.226984872249886,0.0763723397685681,0.883504740508783,0.238972144295669,0.237994477531174
0.86215232941322,0.657894379022764,0.684177789210483,0.986947787520954,0.955360251449747
0.308912728214636,0.977401887328597,0.175372534368122,0.0256647988814458,0.102609111083439
0.96728387568146,0.162401399313239,0.836991010112076,0.629116733535039,0.208566609857371
0.585629666922614,0.851594381587347,0.432877268840456,0.534902042936445,0.375695655500749
0.515709961764514,0.482048453268362,0.839597390447642,0.461147151944621,0.0897523023595568
0.993401271523908,0.960460411995882,0.977368313856766,0.993002316878392,0.978870980237843
0.708530294476077,0.574432558642002,0.638988278119788,0.85047732929605,0.847397431643913
0.98968840111047,0.820684977486962,0.976204524410615,0.958921735798595,0.992596325202612
0.968302407069132,0.637646052491618,0.936278242034129,0.898878224662196,0.983528933400521
0.184457418043166,0.685745047201635,0.173663796357002,0.216477049578921,0.105658817541553
0.267508537741378,0.953024861373706,0.165464283905321,0.0484961058468292,0.109597440430662
0.248426579870284,0.397307355277007,0.107300941825129,0.315441417649234,0.798441534367157
0.0450374744832516,0.245951487595448,0.273643107065896,0.482610573462803,0.95765073216171
0.510799216572195,0.650115340395132,0.540306648701027,0.305377245240697,0.609852714027511
0.84630084503442,0.0352777958323713,0.840158893912172,0.252508931188898,0.36775683608721
0.662104258546606,0.935224787011975,0.501089851409143,0.327511697591851,0.372048851713771
0.868191079236567,0.757615917158546,0.745428494929961,0.970279430837519,0.975670942367287
0.418237158795819,0.793868929176824,0.309951461557108,0.253044078156695,0.362409495137399
0.9586939685978,0.592531472706469,0.956338731079036,0.809056885425706,0.683399472763995
0.463826373685151,0.218731765606208,0.0526240095932892,0.469182896226932,0.909140842995839
0.321644437266514,0.276721922709839,0.0424622049328475,0.333593844033647,0.905552059615729
0.663727069506422,0.541675346699776,0.601201346216003,0.794156083660561,0.445022165804403
0.572113778907806,0.812342302320758,0.42986797809968,0.632209750684095,0.280067776358919
0.800941868918017,0.393121787259588,0.790292637352563,0.711129661427337,0.6419778780255
0.230263820849359,0.772029075800674,0.0689769552562045,0.114850637605801,0.043118749250425
0.881655198056251,0.876849979598774,0.8039796757364,0.890051046229986,0.651682445168262
0.508181180804968,0.710943820799002,0.344444577684269,0.568085207654589,0.465102648333414
0.172571489121765,0.0401272261806298,0.966791916005224,0.21650165817385,0.0936911285098176
0.203969557536766,0.00100163460592739,0.179939871860856,0.998909262715813,0.969830221991288
0.324486711295322,0.839248359232442,0.219989977816725,0.12318834237781,0.257992581959115
0.179482427891344,0.857572570530465,0.0862003309641467,0.0570964425517055,0.0886104033270385
0.96239467873238,0.135073060897412,0.977383290852762,0.472058783775387,0.109800764097599
0.681877066381276,0.434567609772785,0.718535996807989,0.499854416336505,0.519183268683264
0.969664661912248,0.233731580578024,0.988179679222212,0.526987418779694,0.00560716740437783
0.21978577435948,0.622880742914276,0.268510686733238,0.320233008539471,0.140665625775
0.713073698803782,0.0776994896878023,0.810827136755164,0.366691579111447,0.412280068878317
0.0339959866832942,0.00697215835680254,0.36640990616823,0.877920426375044,0.926891090493882
0.494919324992225,0.953779209667118,0.225169251933094,0.167828049297791,0.216427536244737
0.243109913542867,0.216632382856915,0.188373548010364,0.610294511558825,0.904756507923594
0.845912917284295,0.415892085671658,0.866278328529139,0.654394020222881,0.31888460679329
0.951659448444843,0.96380791006959,0.87197127683084,0.992924590476771,0.93633591858088
0.4170617160853,0.712922526319744,0.120043585746177,0.224034030816633,0.247903183888411
0.303272410528734,0.0445734739478212,0.983580610313317,0.242377486607083,0.119585832260782
0.421226032776758,0.633599141408922,0.0681291749883325,0.197123297093551,0.200564020866295
0.732560067204759,0.985008195711998,0.535241496147059,0.428262585872127,0.411207073862897
0.887084113201126,0.857033536216477,0.774021008394548,0.968940458472321,0.798110995412571
0.350262571591884,0.666827413864667,0.36178918623693,0.286791880217298,0.187380753835896
0.773303635884076,0.611965323187178,0.628118462099231,0.966361659984363,0.790731601504376
0.206879127770662,0.200013774941908,0.81196551539046,0.272547100731888,0.234869735169923
0.265674323076382,0.50350250446354,0.289796684905939,0.580383473945129,0.30485071791918
0.594698674278334,0.620041458314518,0.577980521923831,0.505218319944853,0.336208180495305
0.192218306008726,0.603740919468692,0.355724320035098,0.166424437914077,0.533656870102277
0.381053469143808,0.505648855032632,0.258941820978114,0.488051547355269,0.782785424060421
0.207944469060749,0.406136750680162,0.133031801500105,0.424506277012317,0.753811486094492
0.933770616305992,0.561098691803636,0.915221923020656,0.834297178049062,0.98972484949627
0.36646869010292,0.562675073073478,0.131669900184337,0.362842138837054,0.0751635190972593
0.0599532164633274,0.64384849180351,0.00100230519434252,0.00344822855258929,0.191658233554335
0.0427552657201886,0.601504117687,0.303025854148124,0.194555261434696,0.229823726549512
0.79210433899425,0.456120314745931,0.888787453112944,0.679077175031069,0.610303231718717
0.705856983084232,0.377269637509016,0.638379063129051,0.907270522423432,0.94471221420099
0.814283242914826,0.579737211199244,0.801685791142186,0.718077582898604,0.447461319767172
0.277497065253556,0.521329746959964,0.301847112930294,0.586395249154037,0.00766036353888921
0.399705368792638,0.328032848628936,0.236993997244107,0.509833462775067,0.658752155868569
0.177123605972156,0.557540686422726,0.177321220723153,0.267889025119533,0.345258645626018
0.189079138683155,0.0573486715729814,0.485924083141819,0.86612136049878,0.769089108187472
0.836104869609699,0.854479599773185,0.70774458292649,0.963265110068705,0.753019380877959
0.789274198701605,0.793765597656602,0.678518375860555,0.864310447522677,0.658940864756005
0.583256325451657,0.466121232690057,0.655540582117161,0.493463196654814,0.915074000164168
0.625695687485859,0.656269528873963,0.480103129301195,0.735342127446679,0.508630330354208
0.524437215412036,0.783479148085462,0.281619325038471,0.458789762618404,0.300790522160241
0.169587433570996,0.178443947777851,0.692948106010977,0.244081017827162,0.56386493172613
0.28373411251232,0.481221220485168,0.846227533550261,0.435707684859736,0.368047886848217
0.270654278341681,0.722000990965171,0.163091232615579,0.267302810040964,0.103896882181289
0.531788140069693,0.990211781550897,0.33815080213644,0.021999532658047,0.252594449644675
0.729700586991385,0.303867459035246,0.668947693791991,0.84936190359816,0.336354795639636
0.935789150185883,0.894342105457326,0.884300448354511,0.944615996360216,0.794847264682176
0.0182550915051252,0.342082812538138,0.341543726006525,0.288248044934426,0.917858387896558
0.306101630441844,0.835024019906996,0.221251312492307,0.140676541234246,0.151635079440894
0.788202746538445,0.128985954535892,0.978029794266343,0.42831670214101,0.279968924325658
0.175626496085897,0.532183946081204,0.226810063278904,0.425843695761558,0.29868744322448
0.366838233312592,0.595288245327538,0.516974629766096,0.139325563405071,0.476531923253788
0.388930793851614,0.551112350163748,0.403106859653487,0.414244867834418,0.365653359418502
0.457301431102678,0.461932992533548,0.242716933175812,0.675964468012685,0.0872281957708765
0.442971041658893,0.328367782378336,0.16950291908744,0.570812725570656,0.76874542949372
0.826620447915047,0.683516473014606,0.694565749280761,0.960086990166275,0.951187520258827
0.663267936790362,0.231419465184445,0.531759469326429,0.712520750374264,0.586564050667221
0.452611482003704,0.725987567129778,0.361467982876713,0.307889722309951,0.237239686102839
0.550902381772175,0.101542604475981,0.749108223557031,0.291419740221627,0.453918058978161
0.947530365083367,0.790162121207686,0.873603287319209,0.968311605817895,0.996162758994615
0.0450701983645558,0.586452894058311,0.118245775511791,0.216192766456369,0.157243902416667
0.861900096293539,0.775241847237339,0.848425383485253,0.740029103432264,0.395938387518981
0.667097436031327,0.961566063313512,0.579578559121956,0.109796209480714,0.302567897102563
0.588361113332212,0.53547867803718,0.494771886357643,0.844460586778104,0.861982917384012
0.259330112952739,0.387873786239652,0.527165016429755,0.161646465252104,0.473553194286069
0.461989865871146,0.575982655893313,0.430597209057104,0.516865661016784,0.477999307884602
0.0704976911656559,0.832906944822753,0.0417487537261628,0.0428376258643768,0.016352428967366
0.888800156768411,0.381874098588014,0.914220462978328,0.66328265557423,0.441657122777542
0.0645534028299153,0.755945823708316,0.160901317900744,0.109533348238196,0.0698803824197967
0.554901085561141,0.608683859551093,0.529999460336746,0.780715565472546,0.152377699239878
0.435962424380705,0.154496397386538,0.0248282979113026,0.438113502068381,0.952472677658079
0.732337026158348,0.813904162874678,0.625483224368372,0.743820250575106,0.502379360987106
0.299629617249593,0.856852977973176,0.100698192784359,0.105759115788389,0.128675909625599
0.252281336346641,0.25257135918946,0.177670086452851,0.539160183460797,0.899076354660792
0.259913498535752,0.493002171948319,0.0856486267514691,0.293930722023703,0.600027256732574
0.10572551889345,0.862164815916913,0.18549630055027,0.0522675235951441,0.0932277748070192
0.348231355194002,0.390175128559349,0.38934822086036,0.835684397174208,0.310289778310107
0.180930229369551,0.287914554442978,0.0444886994137091,0.302698823313925,0.945634429779602
0.644498259760439,0.547062809666386,0.509286424876172,0.858311809697142,0.105379951099167
0.0934287570416927,0.0571992067561951,0.0987434183903788,0.850859400347541,0.986995264043799
0.969393124338239,0.8361953816202,0.950537797667018,0.918923920632344,0.771578525222139
0.965083883609623,0.979856413643574,0.902461726005894,0.991115948039055,0.840027362952242
0.0986220899503678,0.182678024371853,0.070771446511923,0.532185518359847,0.982861493394012
0.925983816385269,0.796037516120123,0.864332153700244,0.94022942731148,0.947584822628414
0.102673518937081,0.248029573034728,0.256969895370417,0.588565426764695,0.879682739760028
0.253605342935771,0.56547531511751,0.321164504975103,0.351967940902377,0.227282120060408
0.94164761248976,0.933599388838047,0.857445122420394,0.987266894548805,0.92644087257213
0.569155577337369,0.80747803018312,0.40939794079445,0.49162476505611,0.332491237059003
0.375066868262365,0.187257795914775,0.10168050861189,0.666055790831249,0.912344017327996
0.369499053573236,0.25225718432921,0.378306881373432,0.589271976328033,0.606649677531095
0.583549842704087,0.871708026592387,0.415977661190803,0.410755983026959,0.320720238349168
0.414394491817802,0.421115216129692,0.43383930757724,0.618314772636039,0.416799626516877
0.206815906334668,0.708730885497062,0.25178589644584,0.192194477838272,0.127762608841294
0.0488133812323213,0.506176817900268,0.0119331001197577,0.0527569365793993,0.634482089109952
0.845080472296104,0.710653398797149,0.805220696818605,0.795212410576034,0.645550315006403
0.163075846387073,0.618378377956105,0.334427532315629,0.198091621654902,0.777954472432612
0.80777726857923,0.932741716183955,0.669344589356153,0.863536689806501,0.544145948631922
0.140022851992399,0.0877149630396161,0.747722715327012,0.0529256522465085,0.540974870586069
0.0512526277452707,0.555146683793282,0.305995837292471,0.170219324897825,0.385193312919
0.521188319427893,0.127202641888289,0.0977361913392298,0.840849580225361,0.909204137948109
0.134832449257374,0.0081576568481978,0.844884016874952,0.0633247280837677,0.465917506749975
0.752171030268073,0.887239426519955,0.596486188943218,0.926304302656068,0.562503491149982
0.269455837085843,0.185382438270608,0.32987889067112,0.846461387130881,0.769400831632083
0.123570922762156,0.852244682871969,0.0449072411817117,0.0464655722688202,0.0143057714158203
0.17743771080859,0.615054312773282,0.138840385516926,0.242437519075174,0.182053967524553
0.293274136958644,0.386658136936603,0.303450419315634,0.825071887804602,0.286202834657161
0.722385290078819,0.154199383076048,0.937381436228474,0.4052494061013,0.230965594440931
0.0430523881223053,0.108312986820238,0.700692548523296,0.203273127691264,0.686518139758846
0.689133234554902,0.922360359836603,0.498956344310944,0.716171312816207,0.449329936789582
0.657331785885617,0.69055132145877,0.429161247941203,0.893814713171794,0.839379134093178
0.967839741380885,0.581037029071013,0.945549522048638,0.856822782826618,0.936675689677941
0.617156565655023,0.543156072992133,0.400454945199005,0.814199713540967,0.36652451599366
0.100473059806973,0.171288895857288,0.0206287625854619,0.397211940018455,0.985692843823927
0.98643991863355,0.822858230705606,0.971978810123907,0.945955941902808,0.939791700599017
0.283047194825485,0.261439176887507,0.615827193773996,0.808973770417394,0.261254700861173
0.529557830886915,0.101038534630788,0.890640045209709,0.339773572081644,0.382561127684312
0.471808836096898,0.385166796419071,0.345456240878692,0.598065625700918,0.324608711438486
0.262110291048884,0.177083351387409,0.683117092034783,0.343796595126797,0.574837109452346
0.0620327610522509,0.756715031078784,0.0101938465914084,0.0157927729288671,0.0779892565042246
0.462066984735429,0.295815367862815,0.25935156461413,0.478364506051885,0.753570203116396
0.256782004842535,0.806976389983902,0.216126532403097,0.16498297137431,0.0986220905033406
0.699542331043631,0.37176503406954,0.160243751520676,0.587366789967333,0.32953276365879
0.155494184466079,0.991993536794325,0.0685884614040745,0.00841443265972153,0.0521692983747926
0.333605908323079,0.443591782910516,0.620861283594582,0.609608692222437,0.701572291640332
0.0925125184003264,0.258301968424348,0.693546475516227,0.111698526690065,0.516957341547823
0.686004650546238,0.455150271620369,0.260799877643706,0.895987029183871,0.211906156881014
0.701284325681627,0.482483510073507,0.65554339559321,0.76762823540608,0.759324811660917
0.164522972656414,0.959928662661696,0.0707962979090672,0.0210814006011604,0.0709460162033793
0.755569972796366,0.390753030689666,0.57637115638242,0.881008658646356,0.751844075246481
0.256565149407834,0.506821927468991,0.0940707314511577,0.239847911082708,0.726317295484478
0.353216482093558,0.116390390176093,0.956097425486573,0.349030403560606,0.333508617797634
0.374783160863444,0.172971983993193,0.404064747011813,0.947872478773275,0.652360153530026
0.990451064892113,0.503866861778079,0.98909350834523,0.796530654542954,0.588954329228727
0.473272330360487,0.348254040029133,0.558060575707889,0.474141960180425,0.528445552248741
0.27642060094513,0.457854750071419,0.533852790737637,0.366985081823874,0.17978971885168
0.322552121942863,0.50207251062966,0.139501657994154,0.404540896508749,0.226834060071269
0.863615129841492,0.7591294235026,0.817020696979461,0.814942900429556,0.584776566858636
0.589003107510507,0.645012651133584,0.437142044436638,0.735237208416111,0.89757288529654
0.678268467774615,0.672486714349361,0.555633114752511,0.888589486959709,0.919173519214382
0.601775863440707,0.688447795779211,0.396003219842471,0.856613194106546,0.631114059855463
0.308655599365011,0.426656153897056,0.0151337247413854,0.105462959951221,0.487962668790715
0.356398752657697,0.905746908363653,0.165760532733543,0.101067562624178,0.169933655211935
0.99837849335745,0.210788978933124,0.993235778133557,0.638532230545379,0.0075574787624646
0.816111364169046,0.955291222460801,0.639697320357503,0.964170168629409,0.589725520665525
0.548539913725108,0.744174759398447,0.426390545678563,0.609938656228993,0.494131646089954
0.774400920374319,0.178936779644573,0.768560311727727,0.522978926850103,0.268234809831483
0.116261334856972,0.24356536907726,0.287429992045939,0.746423847773021,0.828682218416361
0.663247154327109,0.233229148754617,0.493164689866438,0.884240003546203,0.445447015954414
0.871525581926107,0.402864971285453,0.911200659928551,0.628841581029335,0.159760521579301
0.422496302751824,0.58321814078954,0.102737429392587,0.268629429752616,0.399375223350944
0.220284194219857,0.70266658111359,0.17393138988817,0.243993369967327,0.0551563318877015
0.799183499766514,0.82397290613153,0.709323226632074,0.804254739217916,0.618609734956408
0.110162519384176,0.824226850556443,0.0571905265420328,0.0569141763776228,0.0801126802398358
0.996337383054197,0.13061177302734,0.996682878119378,0.522604541820613,0.0471404268464539
0.667247448582202,0.72361346220714,0.602925285338569,0.779183188448806,0.766780311911134
0.923604105599225,0.990610002161702,0.813973316503494,0.980878444583652,0.668195341102546
0.676814773119986,0.616621427325299,0.66240659153507,0.453204643979262,0.130644344171742
0.302672280231491,0.760743531835033,0.159772441597748,0.193869269601895,0.191750918194884
0.112951659131795,0.525716904870933,0.165100774787824,0.367450204462219,0.423096495302161
0.533708966569975,0.0578880757966544,0.777180328862636,0.164242395246736,0.483401013858384
0.588693958008662,0.72711904157768,0.454225286529644,0.581349887607893,0.365746260882588
0.629379358142614,0.487754240661161,0.487082191754221,0.870357599003008,0.739416727650678
0.646648545982316,0.203247018478578,0.758199023505921,0.531855604103483,0.499402359797386
0.415338453603908,0.37606066945591,0.575950380207471,0.375507798901973,0.029417878104141
0.992268696427345,0.803654767019907,0.984964832139242,0.937384990606991,0.903915048373165
0.497277086600661,0.0707155876152683,0.650760417736284,0.413511802052253,0.607512073911494
0.925116036785766,0.492098467977485,0.929095604599392,0.754691131695518,0.798707904905314
0.955625412520021,0.031119739782298,0.486526512484497,0.896412491101612,0.716597483115038
0.215255806455389,0.0352440332935657,0.908287140983469,0.145136884490191,0.264548069593729
0.488117380766198,0.849183998099761,0.397458125113273,0.109645583204944,0.294071443116991
0.066211280412972,0.814100886258529,0.0332756653031943,0.0381801602431197,0.0249567698629107
0.838581304764375,0.979736145731295,0.654775002314737,0.983265544663195,0.634663069242379
0.835737901506945,0.333877126016887,0.682814503705554,0.846903283945176,0.763214921142207
0.519227736396715,0.139944480120903,0.374887512339278,0.962300308016408,0.739780094270827
0.00291248271241784,0.00908407309907489,0.762977554272321,0.0437063225945219,0.686265857570106
0.376250179484487,0.0118020279624034,0.492935165420422,0.664635595750564,0.813035009166924
0.777866288786754,0.93226906916243,0.612397378713321,0.863191946554536,0.513349635322811
0.866686791181564,0.719096755172359,0.847471280402277,0.807463527455489,0.633213280845666
0.586197142256424,0.824564650392858,0.446330875364372,0.500462104021199,0.345861225301633
0.1498635369353,0.988947674544761,0.00964130776950461,0.00223256324933018,0.0216002320812549
0.31495080026798,0.756336128892144,0.308435902378859,0.16638093730584,0.0761922473029699
0.18984068185091,0.258117246121401,0.293608297754223,0.416140833446757,0.89325593932881
0.858769131824374,0.38621599067119,0.796349951676995,0.776348044699679,0.749485298380023
0.0268355011940002,0.344995210849447,0.149084004392646,0.292453350906233,0.993761910969624
0.9183533731848,0.936362389562419,0.826581158440732,0.972327200673166,0.785481120023178
0.45242194738239,0.366577814071206,0.68641754584617,0.539267707029469,0.685833187453682
0.698178591672331,0.907647198211635,0.522656495799166,0.778494752723185,0.463537697360152
0.573488044319674,0.786870895914035,0.350485901529067,0.708752911263706,0.277622052730294
0.203836370958015,0.520290597894927,0.177756914495967,0.152203182575344,0.946592579042772
0.108606488909572,0.155867915862473,0.184237361274817,0.706183952396273,0.949628665490309
0.682496320921928,0.890990831161616,0.507700241058545,0.6537886824013,0.38679804225103
0.297120597911999,0.325569125270704,0.580864986789955,0.193639391575874,0.788857035950059
0.674281824380159,0.841544564202195,0.56705689383906,0.566444141676998,0.444035560503835
0.166386377299204,0.0958798660140019,0.365897654144735,0.485678815926361,0.846014872920932
0.223173093283549,0.410891175997676,0.131869551422529,0.246512349505761,0.967312128952472
0.806858722120523,0.207802960620029,0.340011766691318,0.749334916554505,0.705322916997829
0.428040825529024,0.360379521240247,0.633426688471531,0.679641306733529,0.699336598423542
0.727822682354599,0.266615891334368,0.709987759892439,0.556445434185506,0.612414912873646
0.65716783516109,0.173763667029561,0.693012693248777,0.445072385932292,0.456558925536228
0.287976041436195,0.935325964383082,0.0407425229108898,0.0296405672617247,0.0385309594857972
0.0100609613582492,0.89457276937901,0.00810739759400003,0.00519981309125309,0.00825202945270576
0.685391096631065,0.929951430443907,0.487902172925206,0.754302856952674,0.446770114212995
0.967830750858411,0.736736122664297,0.950781203282965,0.889862180043561,0.814522387605393
0.481614085379988,0.545684213429922,0.145820700309712,0.439583888782936,0.261603840306634
0.746537164319307,0.158024103235221,0.276137468423561,0.776041047118163,0.77757788382587
0.253400458721444,0.895875360787613,0.0946407121635681,0.0811652008278527,0.0799722380761523
0.5970744790975,0.523562581889564,0.476615165105049,0.684314374560436,0.171694541437319
0.624533433234319,0.18328030090197,0.713770386668402,0.647482529285251,0.433714269165648
0.0443958565592766,0.33864728055778,0.160369466771636,0.198581224552947,0.999563050136203
0.288615899393335,0.0380635077890474,0.132448313299446,0.888319884140869,0.966253272054018
0.985990703338757,0.639212799578672,0.980542937911741,0.86001602629755,0.78053891545278
0.880073250504211,0.20236839147401,0.816304569975542,0.529023477432979,0.240758530184394
0.110164545942098,0.342827693297295,0.396001130926766,0.514816381995786,0.599095171113731
0.831633405294269,0.562203438807046,0.791529782214262,0.799313990931782,0.828227171761682
0.569180535851046,0.853253791719908,0.533852788402035,0.201586489125272,0.368582521303324
0.453774139750749,0.237186264275806,0.282227557144931,0.450097617034624,0.804127747862367
0.874628189252689,0.334184862993425,0.886898630136929,0.625438213117525,0.285538631927921
0.0442502468358725,0.714664657687536,0.110204594088761,0.0944175284748193,0.311936388054164
0.832886097487062,0.692346381576499,0.770710527633031,0.830701287856684,0.707408369256882
0.347439969191328,0.364008364645997,0.594381093671583,0.237711466645892,0.871762773575028
0.647633533459157,0.891545226477319,0.54824072784255,0.211839842885205,0.331314414186636
0.170861711725593,0.392500839632703,0.441683961770228,0.465193026049592,0.703821284550941
0.243872064165771,0.538026736670872,0.233472357393552,0.586096649554152,0.0257797009253409
0.445229759672657,0.214587325783214,0.181428221913233,0.677390212547406,0.84308315636008
0.887803357094526,0.226676981052151,0.859691087812565,0.601872010084035,0.433624884841265
0.48365756100975,0.126679868699284,0.811381995759161,0.327751638202236,0.395144189969869
0.687297573778778,0.614489168248838,0.536674932154853,0.96058114482542,0.515956250805175
0.546121995197609,0.46880991422222,0.786591445227393,0.427332721304402,0.156562653806759
0.46393709583208,0.372429566079518,0.157080517138746,0.511832089595201,0.664559028140502
0.0109737564343959,0.514707849913975,0.0245130082706762,0.0856085291696749,0.702875920484075
0.131394259631634,0.304198083089432,0.694018539984482,0.170541144868937,0.480307454796275
0.824774633394554,0.450864443700993,0.831870697848504,0.664424119992286,0.461682422697777
0.811650851042941,0.0490095942805056,0.815183699171353,0.381943139078203,0.440870088437805
0.00798064027912915,0.133845477219438,0.228678275044786,0.824511718341558,0.974582062422996
0.343833354767412,0.252243480557809,0.247956552518681,0.560529913032939,0.789604225516086
0.396191905718297,0.723935239337152,0.431969252557854,0.175169178492165,0.102686969359638
0.115710671525449,0.872620096459286,0.0764245443360812,0.0606679829725512,0.0296537154645193
0.545838698977605,0.529603797505843,0.718851935580161,0.517627904609827,0.433959299261915
0.334533059736714,0.50489080985426,0.43222161141395,0.276738736566303,0.377574335754616
0.582443848485127,0.775726226886036,0.499296228180863,0.595552130075341,0.33761355545721
0.693629998713732,0.582383124885382,0.680416641330872,0.548131090195562,0.761062945966842
0.383730696281418,0.273335773003055,0.282433167533385,0.537943050913672,0.827035510941641
0.496109857689589,0.239055813202867,0.925273094301811,0.471310138515773,0.336972254182911
0.520909257465973,0.67857635972905,0.615638647023725,0.168156107676981,0.186184642516309
0.212443848606199,0.289183374930872,0.0597965927073706,0.37377718371877,0.90862395617296
0.728080771164969,0.358963381644571,0.790808572916049,0.612970280582015,0.549612572445767
0.451089907204732,0.571516891737701,0.503798478279605,0.419116515028593,0.550255023088539
0.379151615779847,0.278640163800446,0.253971122593683,0.669509011816407,0.660006651742151
0.304244881263003,0.6890731297608,0.318736960785342,0.265669326422177,0.353194105817238
0.675047055818141,0.0726059634180274,0.378685718098928,0.870262138040883,0.790351665898925
0.203830666374415,0.0661548416537698,0.774441252237659,0.167415654122389,0.48770442957175
0.664567210013047,0.0197819814493414,0.277820240507405,0.732027491822213,0.904697247809963
0.823150359094143,0.583452381921234,0.892348989637903,0.731677506957605,0.634627647668822
0.087054266827181,0.723331430432154,0.123276939476522,0.117121241262686,0.14511266144109
0.880946592893451,0.536412266228581,0.83008049909599,0.833756603783515,0.972946649621008
0.99299349472858,0.829811842326308,0.986223701267305,0.945624031050695,0.912826144573046
0.241382336709648,0.199170960200718,0.305185965184687,0.541223676348059,0.827924987970619
0.492593651637435,0.0320165874727536,0.942997027103815,0.198740008691851,0.220671554416185
0.579261237056926,0.90996200896916,0.379741239890246,0.446135003707396,0.317298978479812
0.605448749149218,0.808420947781997,0.312761469019693,0.681767876310463,0.28880948733422
0.416721108835191,0.384668236452853,0.289762537170893,0.608286253665102,0.590438467130298
0.312083059921861,0.432247089658631,0.0829050579597682,0.340145832063079,0.498518096428597
0.334401312284172,0.203178712021327,0.651807311244414,0.379638679316249,0.685942032461753
0.804384642280638,0.631634734541876,0.750441284234639,0.851984068616416,0.962172501749592
0.284223826369271,0.655576039425796,0.102723885864048,0.167328808532404,0.4596158414206
0.783812942914665,0.179993045894662,0.202410560810068,0.804467032875261,0.782653994654538
0.950857789022848,0.46830551684252,0.938639968930882,0.769965123745953,0.83841655481956
0.967365452786908,0.450143578433199,0.95406016945633,0.76998549189106,0.518256377865328
0.532198317348957,0.665042620705208,0.550760081237938,0.320950735462031,0.276058284303872
0.640511835226789,0.56200456226361,0.546900759053452,0.681922726929699,0.741236570087494
0.52926496299915,0.595369156479137,0.232361026514636,0.54987486636364,0.693984214420198
0.327743970090523,0.400736727780895,0.445671151491446,0.69291569246375,0.511472545593278
0.261009818408638,0.654052170313662,0.161514415736406,0.164545203767027,0.30735309314332
0.107235832838342,0.885368544753874,0.0139886301307409,0.012987875085663,0.0116230940038804
0.196866074344143,0.00186397027573548,0.987936681256171,0.0453434862375424,0.0709813091380056
0.686129408888519,0.747022406983888,0.548981232123166,0.832741298244317,0.514918630738975
0.820849457988515,0.933435138402274,0.680921249048285,0.916377846202022,0.58273021664354
0.29812779976055,0.796007243829081,0.11272286942891,0.116318267198638,0.349822119955206
0.263071418041363,0.258986681379611,0.727164351984521,0.338012289894794,0.426530071737943
0.532348531764001,0.444892042229185,0.132461651172629,0.499962699348911,0.378384749783436
0.996446285396814,0.318849856121233,0.998860238956006,0.693477709479172,0.504664256208343
0.220878408057615,0.717391636833781,0.0949140648165522,0.160863292853513,0.108126161707332
0.957184898667037,0.331603068188997,0.960270605345247,0.668821138032805,0.291988885699539
0.694916592445225,0.715168372757034,0.396438148179534,0.965912569347868,0.683857653028099
0.0117151066660881,0.71231884721783,0.168152291073789,0.0853986975016517,0.280592870927649
0.240711708320305,0.401424653216964,0.407199891881026,0.485826301796481,0.54305990159628
0.12269325973466,0.98200249511865,0.0175393430280294,0.00499438937908189,0.0117705402371939
0.995530888438225,0.166338430630276,0.999259278336164,0.55747373758855,0.171782578894636
0.493719435762614,0.463664391747443,0.556101421291701,0.521209506510146,0.762681906664511
0.0977251695003361,0.99076344849891,0.0291321286012163,0.00459791868521052,0.0254790506733116
0.484157359460369,0.961278478760505,0.231138560863194,0.134247187494968,0.221635060530389
0.343431484652683,0.718642768129939,0.220093619221784,0.321731743094824,0.102596585085848
0.312149252742529,0.00850291797542013,0.344437904666307,0.920239575652359,0.896003157511586
0.753831083187833,0.657283960172208,0.771816926291378,0.607379270346865,0.247831089160172
0.564717381028458,0.287764990847791,0.654854988438389,0.394519037910723,0.353459668607684
0.879745965823531,0.691877490404295,0.834391973229214,0.830711915488656,0.649038080446189
0.0710777298081666,0.544456306000939,0.0321448050824299,0.112619312773764,0.240212872537086
0.357398171210662,0.354443533666199,0.26534352900755,0.620624872456154,0.587627373955911
0.36698477040045,0.0168338557414245,0.0448784570853138,0.945962274599222,0.9844840283331
0.984847089275718,0.54118618168286,0.980815803558415,0.809577571540676,0.624597565707518
0.121732174884528,0.0593215881672222,0.513216044518297,0.36755806809142,0.768526671134168
0.128133519319817,0.549860822764458,0.0366625571424539,0.132650839824672,0.14400735378149
0.0505308688152581,0.739158953685546,0.0516240652505083,0.0628019210623742,0.0944927662785631
0.242803546832874,0.583732330502244,0.084835661206477,0.208521010325973,0.38970394936041
0.276035527698696,0.984329594968585,0.0538885029414577,0.0133666139595368,0.0886969021812547
0.528263966087252,0.408220344776055,0.480715225863415,0.650814790125614,0.757981398404809
0.896525601157919,0.284070215275278,0.940518856170601,0.604585233391143,0.558336163318017
0.14916080259718,0.584592778439401,0.588751373113292,0.131750647496358,0.09153921235702
0.867350797401741,0.0791192390897777,0.65639631215011,0.695261670509582,0.576045449037338
0.645648249657825,0.0505310042353813,0.858004757116853,0.259100261520655,0.383181205805158
0.153438718058169,0.488989392091753,0.141240245544877,0.217427910364855,0.914456853439333
0.642941671423614,0.698571129905758,0.667307232357375,0.344840900904134,0.430253473547054
0.709461489925161,0.0751973773876671,0.838608983842468,0.350611786001309,0.402050187432906
0.643178434576839,0.970214980858145,0.401753788334747,0.378332466616603,0.347725312953116
0.879212894011289,0.337934858427616,0.407766280847283,0.996707358373171,0.17743224921287
0.222947839647532,0.555899848317495,0.284773307589104,0.372439971766589,0.29722948386916
0.75321180280298,0.307552694837796,0.603334287111491,0.869277812436962,0.43481188165606
0.981555301463231,0.846158073080005,0.961265873278706,0.950557724959198,0.915317080012755
0.73457504529506,0.565052241872763,0.687730875988011,0.792529239142237,0.826362469844753
0.521499882917851,0.624460049817571,0.587816890436581,0.410084631646516,0.782782332127681
0.93155903997831,0.557733866007766,0.945180061257669,0.732249826914621,0.188604771712562
0.708148316247389,0.170401927345665,0.611016669925772,0.565510142729941,0.473052222601837
0.017582627478987,0.71404507625266,0.0591984810506769,0.0783796548105485,0.0823336055909749
0.809750917600468,0.766643791721435,0.730134309767922,0.855266556414477,0.729799125896534
0.106081343488768,0.920059287134791,0.231220113222368,0.0262500386442898,0.0972075769968797
0.893194358563051,0.829338009323692,0.791206367730969,0.975355804606821,0.983091799280373
0.577647701138631,0.690908427437535,0.465698010839543,0.594496508595513,0.526988160941983
0.0674501729663461,0.724699691083515,0.199932084659721,0.0961756530641082,0.264332697232021
0.0211209778208286,0.567929997603642,0.0743548378371314,0.173868307794937,0.255618530063657
0.810151215177029,0.291226629138691,0.892356082378961,0.55837370158025,0.25700498544029
0.90948573150672,0.915221055765869,0.84401716917286,0.895476938960804,0.631868165713968
0.902245105709881,0.199455158581259,0.787398720227214,0.599071281708608,0.224775774258887
0.647249036002904,0.729087031766539,0.411249219975285,0.916420895051195,0.740999366593314
0.709221051074564,0.520953074534191,0.550789071277201,0.735533457326307,0.139829619409284
0.522495734971017,0.788494189007906,0.414546376766562,0.404938297608749,0.402417441102443
0.185068383114412,0.381259334651986,0.0944621099359795,0.47434862879361,0.469243295985507
0.646968559827656,0.611019839154324,0.579769283143345,0.570630938545963,0.460034404677572
0.871847608592361,0.793459074833663,0.811924189421573,0.859105393122623,0.725067652500002
0.429651061771438,0.653543031105073,0.437991685363107,0.190916948288605,0.618795565067558
0.859834677772596,0.697308606322622,0.758865995974275,0.945782344504303,0.961520482756896
0.368794577429071,0.891063357325038,0.308026193736658,0.0836675780448202,0.143532166170189
0.179359588306397,0.633088132803096,0.107152329368125,0.224483521739273,0.117575722251786
0.124695569975302,0.272410968696931,0.61947793398454,0.209599284086898,0.500199987582164
0.0807873266749084,0.523496185865952,0.0620578399127423,0.1607552881724,0.649341874552192
0.869567185873166,0.19542782517965,0.782599242189187,0.442953014662026,0.215741569089005
0.430135777685791,0.32691949189757,0.89622448524612,0.468796463247228,0.0948961366957519
0.341611543204635,0.272958160116104,0.0551682173243095,0.440603472171177,0.844976910069818
0.615833583055064,0.912801943049999,0.478642684366354,0.115547658239983,0.314605377119733
0.28192679118365,0.354160153161502,0.153967941416785,0.493327101057366,0.756302704307018
0.445392388151959,0.647330423846142,0.506597333347951,0.065679589543673,0.369979978218907
0.282795557519421,0.34695481081144,0.147027554895206,0.593746600502373,0.574433824251173
0.67472492903471,0.895015000802232,0.510463359221212,0.495628529848021,0.385244494100334
0.483938287943602,0.539086749631679,0.194858353700865,0.464710413397117,0.486464690096909
0.489219165174291,0.813666716596344,0.371010398984436,0.344282572600506,0.341903052671114
0.621055291267112,0.78867205537972,0.449285609297432,0.81053781263552,0.405981716437964
0.839536795625463,0.997968910931377,0.641682490970698,0.831068353173276,0.522844778111903
0.27852720185183,0.313002597860759,0.411645826051659,0.806697017164208,0.546639418607811
0.131844880059361,0.511357324518031,0.0506169353820492,0.139697680896686,0.835434858832741
0.709617469226941,0.315036665851949,0.476889244213019,0.456150479846069,0.100074332585791
0.014737559016794,0.219766253459966,0.0238655061904409,0.26449069861224,0.997220817574998
0.625864115310833,0.656568693666486,0.553135745588037,0.923900927871778,0.891696303238859
0.105990823823959,0.956050079810666,0.0653976049419348,0.0182519431596947,0.0625599434424657
0.684625801164657,0.757943115750095,0.614018596472781,0.530642911204417,0.352711646322859
0.308958143461496,0.154959451261675,0.684000167235854,0.243674973517609,0.547616018186091
0.699522683396935,0.00344556043273769,0.600227071931147,0.343575929378186,0.719119831192074
0.369616961339489,0.507936486887047,0.0294812258467122,0.169163937778155,0.0144149696279783
0.311008783290163,0.666870103479596,0.0838326651722514,0.192558867659106,0.176227168034529
0.223913489840925,0.454549355286872,0.0843218824750922,0.279293520293526,0.638460126501741
0.0890875698532909,0.66346732355305,0.0030507814361258,0.00801810486807408,0.225688442966202
0.531383531168103,0.331493459554622,0.697530683148514,0.631251171343803,0.392754762811819
0.303975136717781,0.275974545133067,0.752178068746812,0.344183912194463,0.205816643458093
0.103647226002067,0.268386626470601,0.0567770602014255,0.281364264219963,0.984831774636405
0.619117876281962,0.737167384970235,0.57069689980398,0.468511357793375,0.357279363117414
0.637922921683639,0.120929126307601,0.79957024164057,0.496305046343493,0.477466670359718
0.706000817939639,0.313760666380404,0.784487280407605,0.617020378868407,0.492414950538659
0.962389687541872,0.583335426956182,0.926252236688729,0.865475005696572,0.799304138898151
0.886586805572733,0.457597202068428,0.791862971946459,0.788650770493689,0.0724028373078909
0.907116266898811,0.968433278816519,0.792108585455781,0.98040761408058,0.736911911139032
0.136074103880674,0.229779909568606,0.155007715535636,0.505541031054598,0.954478122730507
0.188417118741199,0.594279977987753,0.0888062156872702,0.226334587248322,0.221154291735729
0.214349186280742,0.238975467073033,0.305372582226499,0.459675495140377,0.914789197588107
0.881435232004151,0.706884909799555,0.825172282184436,0.874404132534196,0.786529417353449
0.581503879046068,0.784982735902304,0.49522052495007,0.386142869807581,0.46252457096125
0.873355016345158,0.153716485452605,0.801241691766105,0.399085277752927,0.221222925552865
0.863696531392634,0.847274500207277,0.774845561949138,0.92298282306291,0.744777910207631
0.993019744288176,0.826350770686986,0.986922047723918,0.934279966043719,0.817624606279423
0.79242396983318,0.734221204620553,0.747263628832868,0.737656145518062,0.476085149479331
0.582466451218352,0.742347463761689,0.397481456002532,0.721691370440129,0.700292987836292
0.541027943836525,0.950839416618692,0.332927930643387,0.231460750243973,0.259781145170564
0.811761210672557,0.0689801363914739,0.907392333484453,0.339077558011858,0.271099018485984
0.864870330085978,0.505505002423888,0.707027174722339,0.916234561379108,0.265142213058425
0.1667919321917,0.468058417231077,0.250108306267148,0.254478739184828,0.842917494854191
0.624429075978696,0.510376780672232,0.486771663766258,0.868069467475916,0.662486949382583
0.384018099866807,0.691364595812047,0.532570727318578,0.174774060240939,0.204215100471629
0.216108079999685,0.852987166930689,0.0210022334996315,0.0282423481006284,0.020164620509604
0.636149048805237,0.67794479362783,0.577150092663737,0.427579152561172,0.257012884801952
0.257726166397333,0.811871072888607,0.272423914593213,0.070735625092019,0.238744722591946
0.161457405658439,0.340696784871398,0.0834594872340149,0.392378662728476,0.9061623661255
0.311013684375212,0.172643437312217,0.639747229878939,0.21427769297215,0.554683917987859
0.721048244973645,0.935642132855719,0.541560763448241,0.699141269588696,0.446079525427194
0.446058079367504,0.321834957081592,0.170511084571869,0.509272880798786,0.784339526522672
0.153349249623716,0.575895760994172,0.215703676212195,0.331950984269681,0.42566062361584
0.295589616987854,0.48298854494351,0.525113564062004,0.455715087454756,0.677689044881845
0.590050626080483,0.27910327524296,0.61098634462974,0.561391413300038,0.475939984462457
0.362903112079948,0.188572247192496,0.402920532202568,0.596244034183275,0.729851720767329
0.445261743385345,0.357926115539158,0.702029500142786,0.245882568910022,0.455919660598738
0.590529211098328,0.701554494531592,0.558469358706752,0.356320712137662,0.296892292826669
0.0537059840280563,0.965505010011839,0.0301785491472888,0.00774980254400276,0.0335707200865727
0.869218211155385,0.131502701638965,0.0250107991226414,0.473262164977231,0.886223450448597
0.0571228570770472,0.628276475676103,0.165226477740827,0.165128301375433,0.651500294363359
0.083953911671415,0.976002477022121,0.0767400689578828,0.0151210186390212,0.0306316864734981
0.806974070845172,0.892106284125475,0.665689127113398,0.902435807110194,0.560915156820556
0.696065790019929,0.823382192495046,0.572671610263414,0.793352694544845,0.584520299249562
0.534935349598527,0.410966865863884,0.568433158957429,0.624857762974772,0.800575994857354
0.471973735373467,0.612520864844555,0.248996138190582,0.526825732060407,0.198658738314407
0.322195041226223,0.550484627281548,0.398122341152114,0.215700919709007,0.12859909774852
0.290378511184826,0.0804138486564625,0.184201549889801,0.831152681340361,0.936389157286612
0.151355376234278,0.641524579463294,0.0734648921828015,0.110619102358352,0.411726798018208
0.426442470168695,0.805969570268644,0.226182000528587,0.359524385238777,0.275658854545327
0.650529035599902,0.381967421941226,0.557605784963185,0.803291870456556,0.425401679152856
0.92741853906773,0.773556801053928,0.885103011394429,0.900738531086576,0.82675291315536
0.67293434846215,0.118448140245164,0.711840005783495,0.280531337996232,0.388241074426332
0.261086201062426,0.752649357746122,0.326601689731116,0.15987067967214,0.104057709540939
0.700603265548125,0.316081707394915,0.831573064962073,0.398168130173816,0.133341675362317
0.652545537566766,0.9176874072582,0.504830409497143,0.325739849992246,0.394345255830558
0.784078408032656,0.897177626058692,0.589609836747831,0.984978657233895,0.642469104175689
0.658063006354496,0.298816055146744,0.538018956497872,0.668173361713806,0.638543491164455
0.135472238762304,0.471369086677441,0.337980116014975,0.221927357013838,0.857608278776752
0.908043677220121,0.538902679138118,0.961025419255867,0.662670523694151,0.00398538072477095
0.770921601913869,0.289410393423168,0.676048918325731,0.777459327749824,0.213241194287548
0.761495005106553,0.136805191083113,0.991161982901313,0.453478898506479,0.115610268810997
0.52462869673036,0.692069013457512,0.207295419060755,0.424493283256494,0.389870763669023
0.385737666627392,0.0465597021684516,0.312720889558388,0.961719850020651,0.868306239979574
0.842795708449557,0.687607553700218,0.78722217749735,0.797972511360157,0.606816716812318
0.352020379155874,0.947148374369135,0.150780784624785,0.0639838925224854,0.169834638800239
0.796238051727414,0.9757635241549,0.597433660412173,0.925149871845724,0.526850490743527
0.357133846962824,0.172149047633866,0.564030127882994,0.0990941935906858,0.719519035570556
0.782178740249947,0.661037504527485,0.785283851887193,0.671805454921439,0.388154441519873
0.822478835470974,0.194080683373613,0.836716800428104,0.514085151693988,0.252674955147086
0.338369576958939,0.866421038663248,0.328015546712198,0.0529395481290022,0.130404484370956
0.100150422658771,0.000291049218503758,0.180007309749535,0.999713433784738,0.982280571042793
0.453691208502278,0.252513811195968,0.0135367526887682,0.194186845440199,0.904630026285304
0.70649804524146,0.245556551642949,0.294947913412277,0.615849184507587,0.779578771413071
0.534457167610526,0.0977657246112358,0.9249451115676,0.353787671186498,0.233265411661705
0.271241639740765,0.0827587534149643,0.735385634580977,0.527059339995936,0.55119410759653
0.820399606134742,0.883021197834751,0.752630743819749,0.788402442092448,0.57142288403702
0.680604310939088,0.491868246434024,0.614520105349116,0.824811166916658,0.83472759128199
0.741924139205366,0.307615453813924,0.852968660933335,0.557235614813004,0.264511334855342
0.0338796079158783,0.390510773548158,0.0347753354345633,0.135413840998883,0.992800327454461
0.913497544825077,0.0623002267966513,0.157845776099072,0.842285369323363,0.897512716968777
0.76719391415827,0.532087679050164,0.836089268983587,0.642830630404972,0.502367732318817
0.000804104842245579,0.238891587272519,0.499837480031244,0.485044677359869,0.836493925919058
0.369012345094234,0.0257681877992582,0.959387273493808,0.166352651840498,0.200872862391407
0.023364351131022,0.0453712862508837,0.876459218122409,0.154441409683999,0.436320218461333
0.265474610263482,0.433193968696287,0.00272314824986897,0.0217291829688943,0.844382805196801
0.0299256648868322,0.950446779519552,0.0206053648517698,0.00775666976989479,0.00924072475754656
0.829113388666883,0.709632959653391,0.786000525033986,0.787682890192649,0.600254062650492
0.49577059247531,0.204977218032582,0.198631744424759,0.506481787395954,0.855860639450839
0.102266849717125,0.111455504636979,0.367763111394803,0.569568768545677,0.856334552256158
0.163082340499386,0.794741108460585,0.0784734428790706,0.0955830838609643,0.0230254989874084
0.376869036117569,0.0765301474893931,0.845061279495088,0.289192786724586,0.363046696787933
0.994771274738014,0.283286630554358,0.998398338989226,0.647461699440136,0.271720049640862
0.256634860532358,0.191769026889233,0.55448913960571,0.373576658528066,0.696584062039619
0.664488244103268,0.738806538953213,0.452186457589908,0.918034758596297,0.679508625267772
0.325019947020337,0.11519367879373,0.400744192603267,0.183720918695887,0.831904221879086
0.330904422095045,0.361960206675576,0.256711335510994,0.542330298936377,0.432860435597831
0.282219657208771,0.645455570629565,0.370393648805031,0.261354696520079,0.151299338118406
0.0215583550743759,0.933542708546156,0.01742452710436,0.00757673429082158,0.00965780907426961
0.973265935434029,0.988802596431924,0.916775840955637,0.995713270954834,0.869702498224797
0.111627688631415,0.235816446045646,0.456664353054778,0.246577058796288,0.824945392465452
0.0299884735140949,0.194931716978317,0.237551592283255,0.893451847048769,0.89148728895816
0.914562706137076,0.178197999397526,0.394714267893014,0.994884671704911,0.639670288743218
0.141849741106853,0.535386044270126,0.246419201036066,0.411427639373018,0.125198191351956
0.123541676439345,0.556521459511714,0.0150101783972442,0.0598606454554724,0.186693265364738
0.200555640505627,0.292287154443329,0.151368504753868,0.58562894881582,0.83364508007071
0.0931423346046358,0.367153274215525,0.056627522775515,0.314154906131174,0.856994206813397
0.737615135265514,0.585932331712684,0.737606321691775,0.544876765677279,0.0708136267785449
0.00926869502291083,0.273440318269422,0.41656091321301,0.133622372409761,0.961311836988898
0.361862846417353,0.340910279803211,0.620039346725707,0.320680219459562,0.325672472681617
0.133367225294933,0.439428018551553,0.00271472036761933,0.0206509487462181,0.700135749677429
0.482907126890495,0.0219586646708194,0.899095865136663,0.180211252684885,0.363830132671865
0.634877534583211,0.669264939759159,0.533774464474524,0.717168048430538,0.667559736786643
0.119718187954277,0.0797368662024383,0.777541418843008,0.143436407295518,0.489740856544813
0.501545053673908,0.0231556524231564,0.230618847774284,0.944112707866415,0.918373065331252
0.209372660610825,0.161754521279363,0.122870444503326,0.74844083015039,0.934788612503326
0.442752425558865,0.417920866777422,0.00454437775890948,0.0386749884481877,0.644840667693643
0.353073012316599,0.243784479069291,0.317479573218832,0.720061530967909,0.730580670031486
0.948923736810684,0.685023134079529,0.923604955132847,0.878495070543405,0.918398233508924
0.279909535776824,0.311675357370405,0.160786262377308,0.487172261344333,0.897063620301196
0.552364390576258,0.945129349682247,0.42062301197226,0.0413991754646176,0.229166634991998
0.446736859157681,0.864797404705314,0.282265257705982,0.222230817353261,0.22937175547122
0.26418488798663,0.423296807479346,0.206078124705902,0.323506451564956,0.930738855764503
0.556112208869308,0.789775163662853,0.466311378101218,0.703286326202546,0.397017975716153
0.741772436071187,0.194898723944789,0.879825199434239,0.457715767682089,0.385360656451667
0.929177213693038,0.427412496792385,0.893372439187913,0.756613643483311,0.406818434625166
0.730651251971722,0.591427549283253,0.603988743254898,0.81042173075178,0.415039081330178
0.0883770636282861,0.134664583281847,0.339432566186489,0.749038855828292,0.872855873050867
0.015407009748742,0.0645593239751179,0.662206780321212,0.0950215225407224,0.691773349099094
0.195360614452511,0.333084134705132,0.295198973396441,0.385576527276544,0.865963725576876
0.933367606252432,0.456791785516543,0.917277701914732,0.76515526902579,0.773469815118005
0.114421157166362,0.121601106278831,0.31076789793917,0.818516168726315,0.875678192271153
0.125076560303569,0.824105967913056,0.00966897678828799,0.0121758444976821,0.15117807497154
0.746599365724251,0.960219077736838,0.544253691229623,0.877505780354658,0.48582542836084
0.714421565877274,0.147362585092196,0.95721838746857,0.486038125040213,0.434754365618574
0.801551499404013,0.997800002194708,0.536200083416332,0.926648101031998,0.547467914322624
0.533731369068846,0.638803197391098,0.500012135561848,0.780222063522992,0.634966356767109
0.975821224274114,0.688686312438222,0.964094507423019,0.875992779179736,0.816342761245323
0.055703796679154,0.053742273390526,0.699004327760248,0.1001189151492,0.652459857315989
0.614094575401396,0.942459550540661,0.389823611272359,0.509167499073557,0.36404309750651
0.800014649750665,0.518179583450546,0.742796288380698,0.805428121641521,0.660847954422934
0.079983844421804,0.543076574307634,0.248946607580215,0.168881309686716,0.903090924286516
0.789389026351273,0.0653856977296527,0.684137179636178,0.227674233768084,0.525758893025341
0.834422834217548,0.923016184096923,0.695840561520024,0.952162834488317,0.65148072046577
0.528791810618713,0.666220370942028,0.43947699920031,0.520471844915778,0.480116825638106
0.175124077359214,0.699724987876834,0.140781134905955,0.227257328213519,0.0697585585003253
0.909616059856489,0.973297980177449,0.777123394313235,0.993336661944003,0.781121847598115
0.885722388979048,0.587177463312401,0.867413360546296,0.776570074614796,0.621253540768521
0.228335113730282,0.746578690625029,0.00325169858391194,0.0092386467362132,0.0267298552498687
0.290623848559335,0.178515468287515,0.590298912814453,0.362302460254816,0.721946118719643
0.111999489832669,0.21499211693299,0.271502725814407,0.731935275967649,0.882504756184062
0.211978403385729,0.356679537537275,0.278452777322926,0.757955398119449,0.443575813347707
0.673152458388358,0.605850369815016,0.309646298490798,0.876276461867487,0.424416840163758
0.234954779967666,0.739129205961945,0.270927679883576,0.192097518358065,0.202201134903589
0.634229800663888,0.225163863302441,0.556325360611219,0.537556984942052,0.337090108514531
0.261471326695755,0.0768167476926465,0.324442079262405,0.926813854632973,0.858368866058299
0.156979549909011,0.507866147934692,0.276650898896371,0.282833702667448,0.366029909433564
0.39640481560491,0.090901038289303,0.442911690426866,0.355644354094044,0.766926581592998
0.196858098264784,0.147670589416521,0.71233510730018,0.297359076749039,0.555091489077313
0.815319833345711,0.579418463254115,0.741913655353737,0.865021429056925,0.902410828130087
0.227274728706107,0.154867465578718,0.719483065105156,0.182849225032266,0.656061124027474
0.227157889632508,0.355579760245746,0.504314911546391,0.619922368982888,0.518589517247165
0.716327637666836,0.0270627285644878,0.741960017158246,0.299749131789897,0.57174448351725
0.740534338867292,0.787774654658278,0.571098640511101,0.96981406186217,0.866990470065502
0.282473450526595,0.97987183558871,0.139989379358252,0.0272577462773518,0.108424018282676
0.195432683685794,0.716945080872392,0.3522555714813,0.0399723862736268,0.450816005031811
0.599513640860096,0.655358583811903,0.498322232188701,0.707533552497576,0.699614469980588
0.464755637571216,0.21237591796671,0.796653202999081,0.424925717379412,0.701606943417573
0.521036381134763,0.412708217365434,0.865081299208157,0.520330175948452,0.11524814859149
0.642123256577179,0.908296417532256,0.379821864976195,0.805322768580867,0.381916531681782
0.838684185175225,0.196302122116322,0.465184840196119,0.920933542362971,0.498862191830995
0.379693733062595,0.195187956705922,0.448971620992826,0.665172731094857,0.704139689885778
0.290121426805854,0.707759251323296,0.00587914791869382,0.0218346547703055,0.00187421022565104
0.599649149691686,0.976226322789444,0.405097741152619,0.0688848241171037,0.294149743247544
0.836195397656411,0.600588588946266,0.734077423254684,0.904143067089375,0.837519927270478
0.895532275550067,0.345915129495552,0.852880738526648,0.570517587264151,0.0330828896549065
0.770681295543909,0.819410023192177,0.613486593822543,0.971382832334075,0.820227668475127
0.33247936097905,0.77261792801437,0.302602578219829,0.206702844753626,0.0938888516684528
0.122625686693937,0.690388571092626,0.0507199244804909,0.0823578785776466,0.0990043410856742
0.547835044097155,0.641812699759612,0.420226315590107,0.514672242667128,0.176322321029147
0.746679584961385,0.221323990175733,0.898551649916544,0.492210731919882,0.340366542601259
0.854200168512762,0.679063680086983,0.840119758220219,0.749834668117635,0.535185238259146
0.219271310605109,0.62537230012822,0.16091312879925,0.1687860418497,0.93094519994338
0.421828764956445,0.687326635204954,0.400267317858755,0.326612082260211,0.303007464885013
0.305216976208612,0.654920825705631,0.312574671259979,0.268984920057858,0.57183021583478
0.125560070155188,0.200932449399261,0.17641558492668,0.470290364724562,0.962682646379108
0.372570229694247,0.159497896762332,0.240806104396549,0.752078027752501,0.883081812964519
0.000167531194165349,0.888594171294244,0.00754684164527458,0.00444625189406057,0.0012197183968965
0.778819352854043,0.014383901754627,0.31601876246269,0.959455541199945,0.870674691715976
0.881173628382385,0.237469283485552,0.864889007782284,0.597330614912244,0.341752047912451
0.106446203775704,0.0360498181835283,0.506261855138003,0.5794597950611,0.788398362783482
0.269488314865157,0.62200684697018,0.260253460286238,0.395045354481548,0.101110975054326
0.436564539559186,0.211628141609253,0.88027022615818,0.348096012968482,0.273055145604303
0.0499231682624668,0.356123173172818,0.318886744782688,0.572758247881804,0.850348620879231
0.846321805147454,0.342948721634457,0.777235957452386,0.733009642826337,0.472287085227435
0.414691585348919,0.669102957675932,0.471167776201257,0.325943904901487,0.262300136470003
0.998702734010294,0.694206618558383,0.997557201663864,0.917551567872167,0.945953666610876
0.158069286728278,0.0752384104125667,0.969615659511779,0.287923992883219,0.133167275373125
0.10708279418759,0.731921857543057,0.237885112978032,0.0824616670881814,0.135487509978702
0.856211030622944,0.910620281036245,0.735365537306736,0.945845418586014,0.670948463171953
0.757441899506375,0.113052157888887,0.945319535195059,0.380588861403461,0.129508490877924
0.771709748310968,0.848524954781169,0.644315950032635,0.856162981210656,0.582541970157763
0.0917145481798798,0.527324908965966,0.566482601903352,0.054366700982775,0.135576109430986
0.542505749035627,0.4948465260386,0.433896277229779,0.778799584543778,0.398112659720937
0.792712066788226,0.272062409407226,0.91622770705501,0.591019072190534,0.527991041686619
0.169210728257895,0.88561535810004,0.180657614497466,0.0756854359644371,0.0419034507649485
0.300681362394243,0.696982654480962,0.213987174282402,0.27127441215791,0.113249026268022
0.758294391212985,0.555906836612849,0.747386672909205,0.677408425375314,0.505235797754722
0.883441948331892,0.96934715777752,0.700950959292267,0.998987894998622,0.815715757984435
0.285880523268133,0.399545052408939,0.360407380500531,0.22263138542279,0.656095596001251
0.816822555148974,0.939465517440112,0.75335067822824,0.69463736423435,0.453139581339201
0.189538241829723,0.711905888660112,0.0704285221743897,0.127520114513604,0.0566339915094431
0.882530534407124,0.512515936599812,0.82407875739099,0.808627187453132,0.705418641649885
0.826011857949197,0.10975185278221,0.151118345481291,0.758167185294139,0.857688469317509
0.116611684905365,0.262515893526142,0.555695074279893,0.397857389916945,0.556654578627786
0.263889495516196,0.396582052198937,0.0574718173180581,0.309939765845268,0.618036527332151
0.543766125338152,0.252178313938202,0.187250650571336,0.69744803921683,0.782603031111648
0.908446532674134,0.277654024277581,0.847298270418199,0.666203498205274,0.388417568261502
0.517736377194524,0.48938147581066,0.635340605294485,0.640366290700242,0.830974471202353
0.0206913710571826,0.0653918148891535,0.938769902868994,0.22069412479664,0.352351853944128
0.253776012221351,0.604787945892895,0.359837396451685,0.419128832187906,0.331374235422118
0.232717849314213,0.0945256192644592,0.528157317562918,0.176096431763127,0.753971205762355
0.80443397606723,0.316364143713145,0.680972116282,0.76020353985827,0.410980829881737
0.173319817753509,0.471335690206615,0.135796579894118,0.306400628001006,0.705970077804523
0.166375362314284,0.070120300137205,0.684880028229476,0.233226861609329,0.597895929036895
0.579104853561148,0.0146597410493996,0.733969423045826,0.0625614715438837,0.565234979352681
0.683227624045685,0.484230711968848,0.687686383139319,0.729904634145002,0.679399397486122
0.636795071186498,0.114593034813879,0.3151892736271,0.612634448588778,0.80213548525353
0.944398304447532,0.908724136155797,0.877329726218944,0.96988984309717,0.866944005858386
0.0427976953797042,0.122348333912669,0.58747554054922,0.549522659771191,0.720749702391913
0.572512553539127,0.0206285330059472,0.19089800164628,0.927352401892035,0.934731298795668
0.187710660276935,0.221923122851877,0.421206077198707,0.407023996345185,0.757476770406356
0.0281690680421889,0.449424891121453,0.278810001227877,0.466880033313982,0.803126739250729
0.646867728792131,0.159613454801729,0.187232304496596,0.867180556377897,0.818273589509772
0.437194927129894,0.849415181757649,0.334741875704951,0.155322469547689,0.242850116715999
0.967152901226655,0.779399357008515,0.926521539811213,0.950270984505146,0.985965207364643
0.434867730364203,0.0335787153744604,0.639749775219458,0.169954692981899,0.64794109846116
0.45863532461226,0.779360957822064,0.356760590624295,0.239589083773231,0.256548048724653
0.578485235804692,0.941069385764422,0.285549079335201,0.420730190519663,0.289688281452982
0.0744809519965202,0.94909076121985,0.0193662633221943,0.00956557577148691,0.00873578575556166
0.0594051429070532,0.196062314993469,0.514465023988847,0.126365883267008,0.886841521860333
0.846871905960143,0.525883458583849,0.83678104003273,0.718145468102908,0.375943886028836
0.967020353069529,0.0360925876011606,0.617315389881171,0.905148206843342,0.577490411378676
0.788135072449222,0.633636699727504,0.629058107993811,0.961919439849115,0.977107915881788
0.633368080947548,0.196263640915276,0.34682851350742,0.532186995972754,0.744588086759904
0.801739405142143,0.574944082618458,0.746132540954001,0.802731658503779,0.698506719811121
0.581128923455253,0.8119443517935,0.245045246462663,0.544671652423214,0.535804463463137
0.130292359972373,0.950917732174275,0.0555590405121404,0.0216845191854932,0.0364595973223913
0.208361666416749,0.12264822164434,0.447349694427213,0.510350722431923,0.823368447337998
0.545847039204091,0.503991659585154,0.740667331348803,0.56189085252053,0.269296919374028
0.572334789903834,0.468921487714397,0.446637872982452,0.765755183080159,0.655444280448137
0.234872878529131,0.266408432536991,0.214354584871847,0.812223539451507,0.756081982486648
0.460694435518235,0.692286534613231,0.71277881997497,0.438922334388267,0.377609662624309
0.0923208547756076,0.687544753105612,0.0689605096835739,0.093834851997212,0.295419162517646
0.85266685555689,0.251324345677858,0.896738853080984,0.572586380226501,0.400371254218044
0.955547519028187,0.137681471853284,0.884020831035106,0.503892135486536,0.125791986152763
0.544728102860972,0.780555760575226,0.580358479343008,0.412361788656051,0.333409979968565
0.934771574800834,0.830349767493317,0.908756800146086,0.875454709304819,0.639051227859454
0.277263659751043,0.546246000012616,0.0411548860674488,0.1527884641317,0.143503318162402
0.177918242290616,0.017029093374731,0.592546094844642,0.00779998262144502,0.791125591058517
0.956581732723862,0.475990813312819,0.93921241988751,0.746819174019468,0.0699911259871442
0.811067247763276,0.685843056504382,0.755704976669518,0.816312095985912,0.634140362060862
0.880138830048963,0.0519748046353925,0.236372662933585,0.989311593988179,0.868345906696049
0.708289805334061,0.427266101090936,0.740055129738302,0.578894594343152,0.368664340378018
0.734388763317838,0.734728285024175,0.830320615513271,0.616003834999118,0.166134999977658
0.456636614399031,0.321823355188826,0.306561879132704,0.874194377744013,0.506408430024749
0.450679854257032,0.212424490920966,0.551555643627198,0.691723224069409,0.685568714485271
0.513157601235434,0.577932846354088,0.430033819074908,0.65970959836107,0.472845199430594
0.778279718244448,0.459014531486901,0.768314847519982,0.697170531851051,0.234170958487084
0.253496525809169,0.629507225326961,0.312721034080823,0.311997374412941,0.110271655750694
0.343780180206522,0.899023174803006,0.249765340301053,0.0931328341168688,0.119072403846076
0.792663417058066,0.544016840780387,0.803990504363257,0.716893243847524,0.451412270922447
0.884766272269189,0.973525974812219,0.718399502579498,0.997069623094385,0.773728589148959
0.171604512725025,0.588923167524626,0.360799610380313,0.452583867022432,0.0426660824741703
0.227202017093077,0.350519512052415,0.273171735014753,0.605743615879516,0.778923139412655
0.832927360199392,0.558285498613259,0.848218593407855,0.727598867853963,0.748452416533837
0.547006685752422,0.7281697592407,0.344940908958419,0.652729283685408,0.324889821029501
0.136315743904561,0.138225472095655,0.218818816882653,0.826941644306748,0.91896129611996
0.0365749590564519,0.184165674407268,0.977996345713671,0.419843860979131,0.536155440291623
0.564519109204412,0.61114298083703,0.300463584256736,0.798351877122957,0.423402308282675
0.402514764573425,0.256714167102473,0.710735198063955,0.456920090941204,0.175300423084991
0.963047572877258,0.997324615978869,0.875451661313558,0.998788354809569,0.846283946622862
0.180851601762697,0.842176955862669,0.203211665102932,0.132905887544628,0.0502202214847784
0.412261279299855,0.4019218373287,0.448645819242577,0.602660376653054,0.410925390693592
0.963138860650361,0.572690220113145,0.954658776714836,0.817590480589588,0.787387843331089
0.564925194252282,0.489362369902665,0.691992019198976,0.353545586906934,0.502697823074413
0.48860020400025,0.81801201342023,0.430471390298115,0.24169247963838,0.343531966587761
0.379846551688388,0.0635058057087008,0.763432149018267,0.321440740749564,0.527240100811468
0.957459628582001,0.575712552032201,0.933776424837828,0.839532227593912,0.897657031804556
0.562326808692887,0.97120676675695,0.341866537120689,0.147940157122232,0.28193482288043
0.632632123539224,0.366733014321653,0.144713104411989,0.542566864034231,0.605712871561991
0.328843898838386,0.407407883642009,0.48458524135702,0.666885733495586,0.199867729825201
0.336042331531644,0.0281058831315022,0.187070456350093,0.948997804541863,0.942038287554169
0.93128949101083,0.119559217506321,0.47226535405414,0.936456103932717,0.60903587352368
0.0206682872958481,0.860879368352471,0.136260620880785,0.032934984365066,0.121149947313825
0.370575952576473,0.506736097013345,0.526117340554878,0.138958787927708,0.690045145427575
0.567129296017811,0.388582401123131,0.772632543475454,0.551068978234914,0.770904677541694
0.972621029475704,0.653794614219805,0.951483819965217,0.889795050851242,0.95240838456084
0.131863231537864,0.160577690374339,0.892877884778007,0.292726725770841,0.356332493916852
0.456547692418098,0.856160534924129,0.369492622016785,0.161568988617218,0.28184410664835
0.0217665305826813,0.561951462557772,0.341863967174231,0.206842849836353,0.128689315839438
0.575963472947478,0.197473048669053,0.315768479133077,0.74097738410847,0.758759290823946
0.898548670811579,0.765930933033815,0.803769178444284,0.952153437810977,0.925496330281021
0.437202588655055,0.147767352144001,0.0738489738846829,0.616591079598489,0.939775882550748
0.340792443370447,0.0359817907738034,0.717938718135924,0.249310758573318,0.547970050451113
0.97621359443292,0.709934670274379,0.959181139636715,0.904500891872081,0.957938023464521
0.45799543778412,0.795997248176718,0.294197087737625,0.401636177124449,0.257248283392983
0.702464074827731,0.431165059591876,0.742959014856971,0.580121740362745,0.703461052296916
0.806202033767477,0.701972343056696,0.752237102967204,0.823230188958533,0.817095658770995
0.0322884714696556,0.0108187932346482,0.95768938500942,0.102047428311708,0.170752302015899
0.384197422303259,0.926686895167222,0.219361422997672,0.107094698817563,0.185019779688446
0.706894139992073,0.809261182585033,0.595981527974989,0.711041874475422,0.462682189390762
0.236002546735108,0.288346620189259,0.748965552027085,0.460586709363,0.317553996661445
0.718612558674067,0.302869543869747,0.0948139375665245,0.604842997106016,0.505271495232591
0.416252748807892,0.92915561326663,0.227449335235784,0.110783490606766,0.185225172695937
0.920829083537683,0.639925789175322,0.90598385328803,0.832194102340679,0.929207158071222
0.562397233676165,0.789366548153339,0.4015492970863,0.447677453040042,0.511843561340356
0.986874574329704,0.684369896218413,0.972041379837314,0.917519772965243,0.985323103814153
0.385693495161831,0.106083749007666,0.244008395182602,0.953704778000748,0.866670609422727
0.800939810927957,0.925726854096865,0.639160618164043,0.94250874995623,0.571251349319937
0.979878140147775,0.677255064743804,0.973866727156553,0.855791524558148,0.701715153612895
0.48356074327603,0.43972895477782,0.608314366862058,0.432848008797844,0.368418572674273
0.0495327929966152,0.709158154699253,0.030542076068246,0.0474976037920064,0.165181517688325
0.372836787486449,0.531125024630455,0.211170786579181,0.496974257894674,0.540351263218326
0.512678664876148,0.815311440877849,0.307666895908259,0.557982586628257,0.435186056100065
0.667284021619707,0.481605019449489,0.754827692863019,0.631592236092672,0.629011121840449
0.0682362189982086,0.732976212078938,0.00535305003297776,0.0114786647938509,0.0417294261569623
0.664130226476118,0.246107305720216,0.750048991918668,0.33810564156624,0.0316588996502105
0.952049635583535,0.182468879938824,0.53198714196461,0.997907114786868,0.587377922114683
0.173614159692079,0.537399808556074,0.133391214007185,0.267061226321086,0.492575498326914
0.710439540445805,0.0498958049283829,0.331003393065511,0.925748239927719,0.837605384964263
0.700955969747156,0.378287747822469,0.11558078599463,0.638095575499482,0.0158236744755413
0.389066639821976,0.321132229204522,0.303778892252979,0.857572943150861,0.616638390725711
0.15011773025617,0.000784799951361492,0.258337168248322,0.997277232606079,0.952863198035629
0.0791879508178681,0.591611770010786,0.00780611991705227,0.0286328280698902,0.121404062694637
0.730561438715085,0.965911049832357,0.506933725442283,0.81715458937206,0.443480510701193
0.158158658305183,0.519258423330029,0.39113536849639,0.195729657167752,0.642370953020873
0.137821003096178,0.162485870096134,0.903703027513353,0.301686464571275,0.299243971036049
0.618893404491246,0.478931529418333,0.422110453211099,0.540127058934394,0.218066138186259
0.381078579695895,0.32028425639146,0.142041492237681,0.541632323938095,0.762208356143674
0.0545039484277368,0.511339151271386,0.00538553823305626,0.0260283993615853,0.554613195738057
0.893102650996298,0.757785551220877,0.781376196889497,0.964816372634096,0.945415996160591
0.332758717006072,0.355139922670787,0.623779970240234,0.536403118755517,0.660638997651404
0.945967233506963,0.00736211243201979,0.7505033855997,0.301344598007141,0.542001379741123
0.221324843354523,0.432819901529001,0.0401462088188214,0.195431078351942,0.721250113594579
0.549212258541957,0.246457467525033,0.758586379739485,0.539174480686073,0.500376318144845
0.849738912656903,0.759253137657652,0.789954683676171,0.830596585626065,0.628839393757517
0.94937830651179,0.926764474919764,0.888998094273615,0.971910507777097,0.866045804257737
0.857143675442785,0.141766373562859,0.315693362585461,0.759509187275618,0.712245422735577
0.0666750553064048,0.782256839476759,0.0601350197081374,0.0649187448892003,0.0700463744287845
0.603634666418657,0.548400105646579,0.393220168739,0.628072482744177,0.711631335754646
0.686846931232139,0.1069758599333,0.528876223240985,0.83716977682494,0.655904790124623
0.317091488279402,0.501350302627543,0.703415317594049,0.504712733163563,0.780868537229253
0.192435316508636,0.26995116044418,0.370187319078736,0.752234412559213,0.715655319072539
0.437096863752231,0.357087369513465,0.650925114714963,0.664513047157133,0.267746719851857
0.423805126687512,0.0882586820807774,0.378740855426197,0.877467372426141,0.802210666501196
0.753899052971974,0.504002546047559,0.642635907499795,0.869371086951318,0.597191783570452
0.12155205453746,0.0282336725213099,0.837174142971372,0.125377978302337,0.483283603709424
0.432255833176896,0.390497526066611,0.605237664393326,0.535283731145983,0.677569311083062
0.130621355958283,0.236828399909427,0.470769704782847,0.362663632524213,0.733805854717502
0.849007884738967,0.768082760827383,0.76984233678923,0.913824976078822,0.91859008333995
0.795522048370913,0.407393096276792,0.865697091287912,0.577701017726136,0.0744863494473975
0.655699581839144,0.94330331144738,0.397349277303938,0.774556432277371,0.392668343120022
0.736563655547798,0.743952657707268,0.658639483152919,0.67083259010044,0.564630021486664
0.0161066853906959,0.540892240853282,0.0567972881151075,0.12705108178288,0.790234947955469
0.811952228425071,0.615244332089787,0.711615458247968,0.816400968733968,0.597937338839984
0.641539577860385,0.568117675051326,0.759984890562223,0.475562763596918,0.0996344487357419
0.193903150269762,0.599817554786569,0.0891866093670547,0.162595645592355,0.43785445424146
0.901976903900504,0.771798862755531,0.856388712668253,0.872294177610843,0.792303914873628
0.237688786815852,0.888955583359348,0.0659543231109871,0.0565626331207451,0.0602052055473905
0.827595805050805,0.936534153850516,0.701871840611268,0.88898485223411,0.58622783437022
0.994617948075756,0.393241919315187,0.992714706849157,0.756691323214247,0.381114336341852
0.747381808934733,0.191905486542964,0.90194898811509,0.491747416215455,0.345619923871709
0.40509084565565,0.519267628638772,0.496657873511003,0.542851630790672,0.750669752393151
0.987813231535256,0.832078044797527,0.975373595964582,0.94377252925291,0.90471152603277
0.419485483551398,0.922557375422912,0.27394911998303,0.0984185060200214,0.205457368196221
0.716647894354537,0.539226038585184,0.495840072763437,0.877208691818615,0.666835540119791
0.167373474687338,0.326931140414672,0.165076484255013,0.471800533788878,0.874276670190739
0.394657153869048,0.576360504637705,0.206903481661387,0.290022980402935,0.687493997305864
0.912319127237424,0.694395928148879,0.870405418849732,0.871662548833238,0.876008700841339
0.829594656825066,0.235343597567407,0.370438659468315,0.910981722633406,0.609710166318109
0.465095621533692,0.441072969086235,0.588980161748815,0.465634818246595,0.532474901789101
0.172718022018671,0.822634456824744,0.156518103900862,0.127317266581901,0.110478473798139
0.0178880281746387,0.56932561044232,0.225671555225948,0.185678690124181,0.387543536868179
0.252144871046767,0.811223534721648,0.117890895736635,0.131820948243542,0.175451850722311
0.956687073223293,0.942625518626301,0.900145008665059,0.974465276394598,0.837555450882064
0.308967972639948,0.0763606599357445,0.505559898776827,0.342813576258376,0.761463949660538
0.567184762563556,0.13697815182968,0.352053308410477,0.648076435238524,0.793339404539438
0.766644874354824,0.152754260838265,0.650341813987541,0.78723444796031,0.435140717745526
0.115579417906702,0.157196943444433,0.0485692980610113,0.438675818889833,0.989559444395127
0.0759145172778517,0.380071160761872,0.214163287849514,0.429445071631746,0.855547323561041
0.854594662087038,0.843787584715756,0.754475673521043,0.952098921913239,0.849385212553898
0.280122886411846,0.971841686550761,0.102066862116457,0.0308433613266515,0.0857225385552738
0.238286608597264,0.180567658651853,0.435927256989329,0.571968633318144,0.780837281869026
0.0954381988849491,0.445259944623103,0.00950527156853975,0.0517706012303763,0.887592702143593
0.844544869614765,0.109422727517085,0.960472565644965,0.349331780970772,0.0438341812987346
0.0671713356859982,0.258712489012396,0.315082975303867,0.517485019870127,0.864810697414214
0.549860341241583,0.939806884358404,0.272039612029155,0.331507757783376,0.28030379631673
0.168374802451581,0.379194077133434,0.00815225382796864,0.083895204623264,0.75650373971439
0.373508018674329,0.539118657325162,0.370996884605235,0.379234816514075,0.218410016066628
0.600328697124496,0.0819674246304203,0.465825870920512,0.435296061027625,0.706148980330909
0.674837850267068,0.566400332929334,0.650770223932739,0.760899989162104,0.838715503719868
0.657737928675488,0.343673965980997,0.629631580473596,0.612072692428259,0.763934683491243
0.200501624960452,0.573387217795243,0.17334565722421,0.359221386020173,0.124218813638436
0.260479769203812,0.339563780202297,0.116293316145234,0.585192650450442,0.572276636696188
0.0216770919505507,0.473843656625831,0.0603702730567509,0.155659243010763,0.965512356284307
0.676619803765789,0.0617082009848673,0.992743582405601,0.280667798708934,0.0300344925781246
0.0793968879152089,0.143000292329816,0.906471971403378,0.24725285654301,0.461893593863351
0.869949579704553,0.902504898287589,0.768736456261824,0.924179719024625,0.67304230920854
0.225432520965114,0.208911992347566,0.392449036759844,0.837667024898343,0.718117222102592
0.320080614183098,0.631444155034842,0.427658983116527,0.112266519505106,0.357454012759263
0.39536893251352,0.487335619254736,0.199766431434726,0.396329722424469,0.572773866384523
0.258504417724907,0.903499672625912,0.118741798955948,0.0778395629857459,0.0876595409645233
0.4162221706938,0.286246567527996,0.565966061285348,0.332693817442372,0.309914907586062
0.0512788449414074,0.61504678541678,0.312895783736371,0.0594674849162267,0.643383937567705
0.685833170544356,0.230191447684774,0.539770680601853,0.926690508643806,0.521719937416492
0.375457509886473,0.598919302603463,0.385011448719632,0.558519466431262,0.185599527118029
0.814338971627876,0.621747914497973,0.833759052670954,0.706842232301076,0.470960683684098
0.336106951581314,0.38906388709438,0.756261934208312,0.507100091675585,0.937983687530505
0.939907184336334,0.248450732295169,0.935440425399503,0.635241387300795,0.564344930084189
0.588444927474484,0.339853117096936,0.628381510798054,0.727247362969505,0.4195529614517
0.44727611541748,0.466245802206686,0.388688916643136,0.374638360531844,0.96721906636958
0.0531385585200042,0.938102247804636,0.0389699977297948,0.0115883967653084,0.0475347607571166
0.135621418477967,0.0525693995004985,0.569632651220804,0.0824121534687955,0.767902565567056
0.114032202400267,0.041217688441975,0.430424325231392,0.280448775544015,0.854071633395506
0.369265247136354,0.31821748855873,0.458261561325179,0.430182896092008,0.692405282723485
0.787629314232618,0.929740675870562,0.62767354125991,0.847511571753253,0.524146232317435
0.390201956499368,0.0564265064022038,0.649667701037648,0.198578598283566,0.630856604169821
0.858475507469848,0.213364847790217,0.464062889864954,0.959804264344509,0.376538518205052
0.661936095682904,0.707470193185145,0.677064298621107,0.441291274104591,0.354407807666576
0.958728532539681,0.601445071370108,0.954037018697274,0.811514369119686,0.648694595933193
0.308231763308868,0.0946490111819003,0.205475136307073,0.797971760345683,0.918290290370351
0.163726613624021,0.624711581709562,0.278963442739006,0.226344497399033,0.189752185513498
0.00178625946864486,0.678732731001219,0.0114169362874084,0.0287070365888646,0.0107702093955595
0.291589905973524,0.245834352303063,0.476510903653739,0.690643347201571,0.645857030845946
0.524248476373032,0.664677058608504,0.471869197823078,0.228918280403296,0.506815707223723
0.0101666720584035,0.403748269804055,0.595372568372119,0.281723123224791,0.480405410373351
0.5676000546664,0.936446965002688,0.428151773549506,0.204961379524849,0.312998403358506
0.511412292486057,0.554445047775516,0.265141054920026,0.152238039045182,0.729560814943397
0.018291080603376,0.451896614715224,0.207030310423631,0.248619298262986,0.969904674828285
0.301582549000159,0.429407087591244,0.17603105543629,0.478203171272229,0.555758153292118
0.364093926968053,0.279103903769283,0.490398252629707,0.623863831006484,0.769358853896847
0.312202191445976,0.263440991257085,0.28349479175275,0.475792571513005,0.888579681311967
0.783747113775462,0.619655732443789,0.705437015914223,0.858398742854943,0.572245295072207
0.33298391266726,0.40952694058069,0.0823573193439798,0.300368446988941,0.554043343494413
0.723527731839567,0.61149353327346,0.606420189005142,0.891620274505698,0.68168888494256
0.0454537139739841,0.0407675332098734,0.965962682372413,0.208988915150764,0.261932915163925
0.492305373307317,0.215141979249893,0.695486247335826,0.424215392710196,0.607626183511456
0.164395929314196,0.518106138770236,0.179689036478613,0.382524942605515,0.127398907061433
0.138370477594435,0.365118591260398,0.599739297685608,0.218420625779348,0.706361281947466
0.0160041241906583,0.574244701507268,0.289937119699038,0.125455731204705,0.686502968979767
0.52302327263169,0.585610194742912,0.450589251890424,0.525683269734241,0.266607792844297
0.75405296147801,0.0812261909304652,0.423143819361381,0.955892577434498,0.767932889080839
0.411265602102503,0.158172349707456,0.701502545290457,0.294858046324763,0.479129427665612
0.346449385862797,0.762052177946316,0.139270185617913,0.192888283430344,0.293733359983889
0.995544175151736,0.857998789084377,0.989843906465116,0.956286074184912,0.900272913830122
0.70160985714756,0.281626357318601,0.858533019557987,0.532105690290553,0.331150375743164
0.46013565803878,0.178286932146875,0.116561748630408,0.82622727715784,0.884776573890122
0.858817636966705,0.93010767546366,0.736354686248301,0.955255359175243,0.676865509565687
0.987055846257135,0.508504548546625,0.987010728194326,0.782501802230946,0.4398685474589
0.907028527930379,0.986079290654743,0.765545113049449,0.985333362530582,0.697058374906192
0.562085365410894,0.316850874485681,0.466094318583315,0.793165612068519,0.645242738159141
0.902515654684976,0.404549758153735,0.891599200546774,0.659334123743476,0.0208468773926143
0.777523220283911,0.0332528938015457,0.976762860129437,0.252480162406558,0.121128915372537
0.37196710309945,0.996293139149202,0.10020330404495,0.0130793345396167,0.127418937714538
0.961493505863473,0.326148650579853,0.946910911617092,0.705369408264067,0.638545738736866
0.133195341099054,0.0273921913758386,0.548498631379527,0.458853956420868,0.766578110546106
0.0437822388485074,0.686975123273442,0.110991907204946,0.152962640841018,0.0517148312355857
0.10346944630146,0.0159067015338223,0.435385642929561,0.191764769623487,0.872602043469669
0.502787994453683,0.420900253317086,0.631591531254451,0.474071899251448,0.85065298867994
0.0421844136435539,0.0136171831691172,0.740095055425971,0.093972083871092,0.636488061776618
0.770390706136823,0.704875373659888,0.785139052084268,0.616734923057449,0.356813122023595
0.746661195065826,0.402015142637538,0.861789543627655,0.552585694755021,0.0984984527749475
0.383128506364301,0.871670896100113,0.274921214838526,0.147349585433989,0.21208706262405
0.703683105064556,0.841986649815226,0.58169808070699,0.742386260021519,0.580142239312408
0.96058090403676,0.31078415500815,0.956937684664027,0.658268031898915,0.132961001858348
0.238371985033154,0.596176857856335,0.013329477195701,0.0637393788526056,0.00491498681367375
0.197720213327557,0.792883177782642,0.100452237118341,0.133184960397599,0.0753073118685279
0.125622053863481,0.178693420923082,0.669195037000069,0.47281392538375,0.690594601182966
0.535383549984545,0.43393533930066,0.853595331759716,0.507270300215258,0.199060533224838
0.424890490015969,0.795072427688865,0.213103077680058,0.2368163552884,0.24643375290907
0.673363607376814,0.0919665354012977,0.773743499994144,0.329630947124973,0.31560838475707
0.383730087894946,0.145561479759635,0.921768832943442,0.402910628479608,0.227850042370846
0.754909527255222,0.42956614549621,0.689706917134734,0.819940614705137,0.89720714717987
0.610044198576361,0.900146665779175,0.371000188467607,0.6512966318007,0.397643057949608
0.14210367994383,0.124839074996999,0.514879669370036,0.21472613944469,0.739181831275346
0.766344649950042,0.786973245878471,0.712033138192376,0.688043769608799,0.50278948774212
0.80843025026843,0.242991439386969,0.897299989332175,0.535283451237637,0.110020102962153
0.883161256322637,0.383875468716724,0.788780345690409,0.775352710222913,0.220821075694403
0.330771659733728,0.771841420704732,0.0903934134706882,0.154704023780474,0.210857212630799
0.928284680237994,0.955043051362736,0.839852783616503,0.976395345207368,0.775572406389983
0.334414521697909,0.247055970568908,0.325438090016633,0.564423069869078,0.875532333011506
0.865026961313561,0.654677564481972,0.87176550068677,0.722830694286704,0.337193358136574
0.422763294773176,0.646847780706594,0.537620578559034,0.249018255822592,0.896792753454065
0.988311123568565,0.68382160042529,0.985147063640066,0.847281716766814,0.442848809441784
0.209005705313757,0.512126047367929,0.18734979288946,0.204480200145462,0.95845082149026
0.566367104183882,0.723969277896686,0.471873451295928,0.484229317976989,0.474305727781029
0.977956089191139,0.826028133829823,0.951013762971963,0.955728099493148,0.970672637718963
0.358095541596413,0.014330228586914,0.858722057524394,0.093187578505846,0.422194031620165
0.158636707346886,0.0568849924311507,0.675344841812243,0.190801711084792,0.628416115738219
0.415483656572178,0.124901022034464,0.0925043712464138,0.685442530322057,0.945294656645274
0.888809366850182,0.482116844126722,0.92653888945371,0.707655409617098,0.44719963366515
0.110990479588509,0.502743908000411,0.0769483903671034,0.191488332539064,0.66759356026887
0.0163876002188772,0.191336432093522,0.165681431454244,0.577954945187212,0.986114079219988
0.243988890899345,0.396772347128717,0.425311006022522,0.37512811756797,0.483768628939288
0.23172030155547,0.458406264806399,0.338940053519947,0.159593577776779,0.832548421312822
0.270964583614841,0.45778178962064,0.293742338709154,0.779585682470277,0.0241646751237568
0.708677922608331,0.916598629817599,0.494376165878027,0.918425260894296,0.479343855084153
0.20705053769052,0.949800576054258,0.121053553834391,0.0371978924140718,0.0823338501795661
0.760390866547823,0.827258087723749,0.640452765831566,0.888686071832375,0.618822503107367
0.945818971144035,0.338232132518897,0.960064645144432,0.671434446628775,0.246738577698125
0.280609323643148,0.58630878207623,0.492015761332216,0.513162754487722,0.0737088441674132
0.449691967340186,0.903894278133521,0.37453082890274,0.118314666881671,0.255653023865307
0.18435613415204,0.0161900454259012,0.674495202870704,0.125656451866007,0.676404667989118
0.0566339264623821,0.402629615011392,0.5358899990884,0.18899654824724,0.752655386721017
0.919391692848876,0.67206073764828,0.9246031638586,0.764820337429385,0.387685250112554
0.0825953278690577,0.983821333997184,0.0271696712841267,0.00530142292174358,0.0232367352873553
0.867257837904617,0.867217346589314,0.784409363178687,0.886321447625335,0.677043005503947
0.000839003827422857,0.383978191675851,0.059823822946847,0.194362153995774,0.999057463166537
0.850000582635403,0.674737703549908,0.701829155835515,0.958469008383221,0.771826674492331
0.670076434267685,0.254531445243629,0.85483084326446,0.493048302053029,0.479762956878403
0.391061824047938,0.813256934954552,0.311235785482142,0.229807896531044,0.234293581481325
0.482902765274048,0.90186199863092,0.261196478162449,0.270123767706119,0.226563475531293
0.749858121620491,0.641392262157751,0.725044709986804,0.748747599923562,0.486752989556408
0.487513578729704,0.401190969714662,0.419209562890681,0.741942723271412,0.709970905532828
0.82083135121502,0.0269221700436901,0.321466064043801,0.812834412172667,0.847769487561891
0.749179672216997,0.767934812436579,0.674411269659515,0.701280929971835,0.559147071704501
0.694834738504142,0.0812301332771312,0.606753860274302,0.806049156657768,0.648222752177389
0.563919208943844,0.0172944794467185,0.231111927490217,0.83713455860494,0.925141374609666
0.545779640553519,0.724208647705382,0.312418429529439,0.731865701640758,0.372774042451056
0.605940118664876,0.202900685573695,0.087617401932047,0.632261590695897,0.868054956867127
0.78594070696272,0.698664745403221,0.759132790792367,0.714464792850827,0.41103643932729
0.461240513715893,0.215402420406463,0.771971232906001,0.331228414700861,0.402437662443845
0.179921646602452,0.550697875994956,0.113923735536564,0.259943998270258,0.35204338436597
0.290599236963317,0.195676787319826,0.0805172495517166,0.796644694074781,0.875113315501949
0.918074858374894,0.111871709959814,0.553951786512877,0.917530213935881,0.540856620908016
0.503066521137953,0.536839587759459,0.54768967726226,0.40211458486914,0.243981064966647
0.432898055529222,0.838166114263004,0.282231743511998,0.20282259353216,0.212109693820821
0.0940095242112875,0.0581795041507576,0.772351377482349,0.160610580943764,0.555698051321087
0.0625451570376754,0.243066467257449,0.0535392677506089,0.53256554042684,0.953280415065819
0.244977580849081,0.304302531847497,0.23201105720861,0.518465318209896,0.900646216148743
0.0099175984505564,0.939301177946618,0.00156011877325546,0.000900005724226721,0.000731833599274978
0.988902942743152,0.268245466257213,0.989914520986359,0.668080806875847,0.690901647176361
0.160609882790595,0.821944898314541,0.14616765485158,0.104461883320362,0.0894173828710336
0.844790552277118,0.582285167445662,0.739235970187119,0.932523286974838,0.960569852060871
0.0807003942318261,0.412709376279963,0.112088875242317,0.247608837594899,0.978423030552221
0.65778328711167,0.883786607679212,0.497797942675056,0.63535334681588,0.391745676432038
0.357612560270354,0.418174171558348,0.712876220244498,0.355928867741343,0.458030947047519
0.78881357377395,0.456630974746076,0.760338568535485,0.728555505803707,0.451017821411369
0.678777877474204,0.314320820412831,0.840577936222007,0.568062232172439,0.564787269657245
0.0248309059534222,0.124283150507836,0.888433305084784,0.201135632785466,0.52236910580541
0.93440118455328,0.0642927121662069,0.314266898003842,0.896029436320734,0.810580769117223
0.46603248314932,0.469846417283406,0.770625709641312,0.554669679998157,0.692287570360349
0.588459246559069,0.761993970925687,0.551273224402273,0.434785844047687,0.301098113908665
0.667801730567589,0.591335478791734,0.608061619686511,0.602859182053498,0.760016832005931
0.442412910750136,0.834840522002196,0.383909698560818,0.080965863114067,0.279366092785494
0.0404050811193883,0.0413615427969489,0.569352218822799,0.311668733615724,0.755826825130498
0.548819442046806,0.101637605606811,0.648753049020803,0.769577114048242,0.550612067716429
0.284216107102111,0.322358931734925,0.0176378296333373,0.153632567596208,0.881962784944335
0.430529612582177,0.152129872265505,0.856081160697661,0.426865050414529,0.273593820777023
0.728759928606451,0.99698710886878,0.499065845585227,0.26879563557822,0.413414817448938
0.213306767167524,0.429853329405887,0.146387563574486,0.403814853700368,0.572073826129781
0.0194696015678346,0.540597166953376,0.17397255719394,0.349317122232386,0.337802426452981
0.211404832545668,0.141593531210674,0.0134756688587546,0.337398716648703,0.983060113765532
0.276869570836425,0.061356569029158,0.948227717516215,0.288731599709004,0.293385065015173
0.0954146506264806,0.512414910335792,0.21547193124191,0.299404373061709,0.707656491635134
0.0905705557670444,0.82331755119958,0.0158458399966152,0.019006382058334,0.0927635458938312
0.833560043945909,0.670153213461163,0.771037514418354,0.852459025079608,0.777400843362557
0.957094657002017,0.433523438841803,0.95800239277232,0.758421289714297,0.988571643334581
0.760306030977517,0.194604973687092,0.081515481631606,0.667097982973679,0.791003070044098
0.370662610279396,0.702368446771288,0.142708466424629,0.209041529186229,0.294046900438843
0.341051357332617,0.218890708551044,0.499526434140809,0.717599206032032,0.6577281432983
0.216953698545694,0.152914611360757,0.727603443029809,0.433489294362402,0.553429728286574
0.482258434873074,0.506146296480438,0.259676278897267,0.570584016585329,0.521385551866842
0.596953735919669,0.904332791193156,0.442489848992887,0.25314794046632,0.299650783505058
0.37348619219847,0.0438505124475341,0.44930659935986,0.64635342258527,0.807348714995896
0.359943745657802,0.338380946574034,0.0945655450760355,0.441968947252626,0.761239748535445
0.141275951638818,0.662115218612598,0.267723614507449,0.350150965264892,0.00438016510452144
0.408751849783584,0.511663448734907,0.568221507134233,0.593677424882842,0.111019641481107
0.20197473349981,0.442407662485493,0.608371304212509,0.308892706499149,0.572924025618704
0.217030652333051,0.449809220473981,0.528167871820538,0.189081360966627,0.700998390471796
0.69443486421369,0.612350285548018,0.744987240312173,0.510713664895833,0.0721770077652764
0.801651014247909,0.356032399489777,0.877568462126371,0.566583821627577,0.224676632409682
0.86055499012582,0.619704436307075,0.800565752855048,0.854285626731197,0.874011755135143
0.785197210963815,0.74547693275963,0.711998132288638,0.804661716368928,0.591865587135544
0.664576223352924,0.673597280314425,0.557156115956391,0.782543725416327,0.450599242962198
0.652591273421422,0.304413028206909,0.140612529830708,0.393579447002849,0.815146363835083
0.551404320634902,0.504892720695352,0.454559883735715,0.701461618413183,0.960495874431217
0.76856518513523,0.963556166825583,0.616180171343679,0.673151629291181,0.479711624415359
0.862712579546496,0.072906823392259,0.805127747771303,0.390292173114313,0.307563175767427
0.696537832263857,0.0082842662523035,0.52312360369122,0.456409615532828,0.776495001540752
0.0704514884855598,0.831640161195537,0.00330530776714477,0.00380333993994432,0.0724006860109512
0.304670231649652,0.50432332928176,0.495544364646519,0.181082532094629,0.983183268021094
0.408749839058146,0.407668577478034,0.15319063186863,0.422158592950256,0.933526670414722
0.24803934735246,0.521224175899988,0.198084477015098,0.274879872388481,0.497415423829807
0.28794015198946,0.0227828118077014,0.941719302571302,0.133543524450135,0.207685987843433
0.682242759270594,0.189774361817399,0.71006710620668,0.568640989226966,0.350889916502638
0.819303489290178,0.0697854938625824,0.360398205004217,0.855703659443282,0.795449889003066
0.619888035580516,0.934468899300555,0.413964102821402,0.455298673403242,0.343860930210212
0.539582593832165,0.438082687935093,0.545874894310634,0.560431301024206,0.540185883321101
0.510759331518784,0.243119070742978,0.493944561184737,0.453945480318699,0.347462799429195
0.046610891353339,0.572981103992788,0.185222725105714,0.281553724010958,0.20785652086488
0.328073592856526,0.698954225488706,0.331258854633822,0.410876638875294,0.205103039304959
0.363949389429763,0.867957143782405,0.304307160036017,0.0798439554427509,0.183138237363892
0.109967107884586,0.810047290840885,0.067968774529814,0.0731883296978165,0.0166296229872387
0.370215310249478,0.377766714052996,0.444652392012943,0.727174627865934,0.577049088693457
0.515208343975246,0.966544601920759,0.270865095714833,0.135886527086826,0.233959182020044
0.297721028793603,0.0889650207536761,0.755815927849611,0.229341511129401,0.466543171292869
0.443401331081986,0.820866109599592,0.318418919804887,0.197049974875285,0.248138640919933
0.588622283888981,0.911163614277029,0.456005582643473,0.128863922789214,0.306528158282163
0.327631033724174,0.412002455181209,0.26593618318641,0.434683014832393,0.528124284435762
0.725875810487196,0.198582636163337,0.219506719148143,0.697884243621511,0.81601275029243
0.645254709059373,0.89110773082939,0.488183767863384,0.423979037266499,0.372458064957755
0.579863942461088,0.228477443131851,0.8106310388339,0.510189775430711,0.267438120004954
0.162248702719808,0.0266524690960068,0.749250143017852,0.0964721124553933,0.601824043464148
0.956582881743088,0.159135243477067,0.923730528121831,0.482507994072879,0.0111893793509807
0.385327176190913,0.79537180121406,0.0993683755594414,0.171637374056071,0.14507421766757
0.844880244927481,0.528435916785384,0.839769308561059,0.735335382384043,0.896484040218638
0.802729154005647,0.509461818117416,0.656260201916512,0.93040783829185,0.958867912151618
0.991022717440501,0.77754913494573,0.985692280645075,0.897099850744686,0.639928479184164
0.210460501490161,0.539698881650111,0.2295966613837,0.40556256187376,0.430232154933037
0.602260147687048,0.782780774839921,0.492996925968609,0.734758541494284,0.427334267908009
0.249304105294868,0.409404256817652,0.601933835931273,0.591037922793705,0.68823891642387
0.619774399790913,0.343250299600186,0.730135746306368,0.452271075212216,0.545880619058153
0.0552601425442845,0.0704652590502519,0.378562581223546,0.458462818987887,0.88456328122993
0.874365919502452,0.073364168900298,0.94234059314235,0.352643040608501,0.149257433338789
0.09081956371665,0.0456869244517293,0.192034632193152,0.813206170743419,0.966064504376845
0.505430138204247,0.600028741318965,0.562665537638805,0.543925140163662,0.681939852802316
0.778401574119925,0.989822253730381,0.570729880606561,0.538155554115276,0.456599578988971
0.232158181490377,0.890665137878386,0.107463602718171,0.075616322736344,0.0724046216055285
0.356672221329063,0.385930483083939,0.149584530333279,0.551870530094028,0.549078428855864
0.388606700813398,0.230643253569724,0.519416584481586,0.452173811684622,0.741487345396308
0.0761650456115603,0.538548645068659,0.0906910831438484,0.21350171703001,0.502283510548295
0.170100642601028,0.950962937349686,0.104081589987913,0.0353384974348966,0.0522701316222083
0.944928301498294,0.134541542996885,0.635013172442083,0.75959485796735,0.311864513001638
0.582815062953159,0.264744794782018,0.787016228836995,0.445671962673507,0.207224501558812
0.811310201184824,0.988489328447031,0.602071948822844,0.932577609079019,0.550795847229892
0.955059298314154,0.44414999280707,0.961442431598051,0.695656793125992,0.0702783075685147
0.341659648576751,0.0424245877948124,0.807185077979968,0.223587161191149,0.508171048975782
0.242704932577908,0.675594626547536,0.231088950743529,0.157212012032948,0.643279591662576
0.114993853494525,0.0905916173651349,0.601507464327521,0.178092228967447,0.716699051874457
0.527332603000104,0.736705961957341,0.494896992163954,0.549472440099035,0.335230599244824
0.854645698331296,0.0560880591801833,0.752713982713899,0.354512868334997,0.42319423306617
0.230813339352608,0.259148996643489,0.1487473120453,0.592791927226972,0.850482719688443
0.580434035742655,0.853551022155443,0.419908364496334,0.479703593487459,0.314782591798576
0.611000909702852,0.229304174572462,0.885690907485622,0.423262796791994,0.320484804833541
0.62275381013751,0.520190062728943,0.511690526576996,0.75724252282752,0.549508886731928
0.231261594453827,0.0770889289269689,0.732411146265878,0.0683124734597049,0.609075831220252
0.197579804807901,0.970335703954333,0.101214487861766,0.0204891663977048,0.0931579750904348
0.403330201050267,0.465854909474729,0.458100725183004,0.674844348364794,0.166076801921008
0.888052237220109,0.0989214119908866,0.968837771093795,0.414267791143136,0.195285609253915
0.932442631106824,0.59892687460524,0.92621542457593,0.798765251744576,0.768089418677846
0.288048613350838,0.638230537093477,0.125672331603961,0.18395569228777,0.297262690815842
0.439713291358203,0.597755393508123,0.185426669296079,0.432448128552636,0.62062701038667
0.260478550801054,0.44403380076983,0.723998743880146,0.22280192240808,0.855686188762775
0.0787329690065235,0.00898810222861357,0.786068757589621,0.054960585010623,0.568646653409814
0.525330272037536,0.532890237431275,0.288772498474137,0.756049104948317,0.544419065321563
0.999494911869988,0.91322216563276,0.998345735550466,0.982865003255123,0.958027728629531
0.752914005890489,0.717596337402938,0.683754840088735,0.753258874117488,0.529648863273906
0.931575285736471,0.906262662290828,0.855719376433832,0.968855180859912,0.861986426316435
0.795260131824762,0.905407414393267,0.696844380674473,0.737329386144452,0.519215087144403
0.286611258052289,0.645524289313471,0.294421893958303,0.371856748202423,0.56782035404467
0.202850151341408,0.660123009554809,0.15612846266589,0.211758826504529,0.273913706565509
0.770435257581994,0.509330572705949,0.779418045569134,0.749083857222674,0.924521929846378
0.915112608578056,0.337112179986434,0.937814163483873,0.644821749605307,0.469876339746406
0.440028550103307,0.220063194719842,0.403773076750486,0.757813667087252,0.734919183101738
0.346051105763763,0.144143574842019,0.81651153392714,0.314783877332957,0.363027139886981
0.60468014003709,0.634631997178076,0.499753459704979,0.821820982494826,0.421671619900735
0.616561371600255,0.00259081562398933,0.0660974817522331,0.997009391164238,0.969552798633231
0.657505487557501,0.998369095876114,0.386376699761149,0.0502678277376101,0.34223685550387
0.523214858490974,0.984567803650862,0.296525410364104,0.0682787135240182,0.225915476185037
0.0143078432884067,0.449886885791784,0.244130112631066,0.348832401718799,0.815904107323149
0.664140474284068,0.708241500455188,0.721926561046777,0.414279692147952,0.148373555130092
0.926356035750359,0.165710677014431,0.919723788583421,0.476711617403987,0.0361939983267803
0.653171559562907,0.9014904058713,0.449358644920809,0.640303381131419,0.379857501102379
0.794266111217439,0.0201720117765944,0.697780873843925,0.32276060184194,0.57949322173954
0.627164273988456,0.715367568685906,0.592835712238618,0.60969727570266,0.568049768655328
0.332074910169467,0.40207209988148,0.132923830010439,0.454015012091259,0.547900120640406
0.827249159570783,0.390942121302942,0.630448810962877,0.880104748530585,0.0364184682548512
0.278710066108033,0.329502033273457,0.00014045016500619,0.00407053392048959,0.707639539294178
0.367552944924682,0.203857240121579,0.594784763233281,0.139925837443712,0.672198751504766
0.325788979418576,0.588391945319017,0.104030793988737,0.25184063651265,0.194540158758173
0.235164536861703,0.295848768291762,0.849308855708577,0.411205913304712,0.382168530282797
0.220059846760705,0.125910952250706,0.508503338526874,0.163309487482949,0.762644017842831
0.386316685238853,0.854370799468597,0.282824944037974,0.101008843507301,0.271306182112312
0.0150808074977249,0.0968370189366397,0.866844233811395,0.164602573423399,0.458237337617902
0.991256765788421,0.714651741698617,0.986630507855765,0.894752834126015,0.832314294733806
0.10860674851574,0.860990774323,0.0820943979339152,0.0503129803569541,0.0591668896668125
0.0161589721683413,0.169053707126295,0.091857470478257,0.440426843845699,0.998874228360364
0.196843765443191,0.564383867575089,0.422352820842835,0.144914373155448,0.751780830469215
0.0461493751499802,0.350584411149612,0.650414477672806,0.0273883809638936,0.953844525880413
0.312608687207103,0.445018672238803,0.128392621356412,0.397673747765047,0.543579064629739
0.737735479138792,0.518107962358044,0.652770962869361,0.693197692718621,0.2443307612848
0.867300704587251,0.814017692726338,0.783840279089106,0.922659997438066,0.816461116221035
0.461936230072752,0.233372471557232,0.122774481235236,0.628869211962021,0.855580941744847
0.570080614415929,0.169510751991766,0.785423388679272,0.359839395493583,0.347904018854024
0.418561089783907,0.719447971932823,0.268128851568079,0.35917531210639,0.626569180196384
0.637912288308144,0.423178434517467,0.311814485014287,0.930904508049109,0.133400144375628
0.356337227392942,0.468073208787246,0.614592986350892,0.0793691362241436,0.928064546460519
0.266003147233278,0.307861340668751,0.138715630013905,0.498153286409606,0.842907262354856
0.636040622368455,0.198045052209636,0.26581088837991,0.867753098778086,0.721978614194086
0.153186512645334,0.924548452108866,0.0081269882261234,0.00615833889030468,0.0259094381181058
0.811867811484262,0.141099914122606,0.963956295650384,0.430771856366825,0.118002423230791
0.425508180167526,0.438645567424828,0.53156734290541,0.373659718873571,0.199944488034816
0.702553395880386,0.084764738305239,0.855111752948786,0.346239089894511,0.262512266082922
0.415868494194001,0.817424315115204,0.354766385171965,0.197276302347305,0.321407194802305
0.587273752316833,0.0629456255992409,0.541723743610206,0.607611117719076,0.674696137924911
0.806254854891449,0.240201945503941,0.922523463194201,0.538061835942327,0.444570864288835
0.707807147409767,0.655791477911407,0.649745854173528,0.806105752950298,0.931562099576695
0.686409842222929,0.0136643287551124,0.406768190363785,0.527014930256257,0.82538534727064
0.553364711813629,0.295687152218306,0.684094454569862,0.52920196245853,0.611613081739051
0.35323654836975,0.273575132916449,0.599225276583481,0.272839868942493,0.547476321837166
0.486499621998519,0.298506538703805,0.320475347563401,0.57552142863116,0.689014865987701
0.607122153742239,0.721494190365775,0.491391896214562,0.816802842042326,0.492347351653734
0.582110945368186,0.379436956747668,0.805820069106056,0.443865448780239,0.102624303632183
0.822519271168858,0.147573332505999,0.949097509905392,0.437134373468913,0.134695425716927
0.92335018212907,0.527372504555387,0.882747399892347,0.835651266604651,0.943042299273657
0.526759321801364,0.427489411347779,0.655838278921708,0.723632115715961,0.650655154400738
0.983241197653115,0.202032366447384,0.978696142479444,0.563179755555296,0.0242466930940282
0.72354429657571,0.132415620289976,0.43907105424705,0.51753592098508,0.685350047744578
0.739717773161829,0.564828850416234,0.593131351586435,0.919265289680604,0.494721067749197
0.944133753189817,0.501037504145643,0.917221201382581,0.795279999693742,0.622607805446023
0.656222973950207,0.668788558774395,0.767190249668674,0.525512642490685,0.279427642264636
0.760882817208767,0.86952502236818,0.588486739674649,0.965853761406426,0.598726675467333
0.0604025896172971,0.919141670659883,0.00962704841483791,0.00625275707264541,0.0183941666909959
0.124196014367044,0.307930856506573,0.396691442531765,0.314098291419654,0.80393900765921
0.823738937266171,0.701694202114595,0.796800432188742,0.750837550184511,0.610338067839621
0.558485845569521,0.233475928864209,0.861733305892447,0.551987303137014,0.591831796715269
0.612741252174601,0.36669645391521,0.747335857617287,0.493543388150556,0.740436879947083
0.00839847349561751,0.201395092037274,0.149601433791331,0.362637825846703,0.998568679759046
0.314224577043205,0.228001051902538,0.131900202355608,0.584479322793797,0.904856953216949
0.0874010408297181,0.0790307777642738,0.540828075163005,0.268670793384615,0.749148267117562
0.300507748732343,0.0401014550297987,0.476974832352109,0.635799990701816,0.784954372647917
0.187898570438847,0.335343000566354,0.328398397460748,0.458030176663467,0.851885850104736
0.831039951648563,0.760473162605194,0.755657196728242,0.864305012655183,0.674961870332481
0.877058036159724,0.558600014919648,0.900728624290092,0.745925149185483,0.703697029006435
0.235249390592799,0.551673290057806,0.00889075626998609,0.0500677780051648,0.0141439914877992
0.0114141730591655,0.137048375123413,0.927505965355921,0.284836299366689,0.521204958640737
0.0220061033032835,0.890725984441815,0.148324900360014,0.0397186727944485,0.0886187236465048
0.755047477781773,0.757370210398221,0.666365943888131,0.85699423068258,0.695447142556077
0.168992465827614,0.0226735248288605,0.639574912050979,0.1125944553236,0.721700250374852
0.914957606699318,0.552425472909817,0.946527098166998,0.738290757188094,0.661834451981122
0.315892565762624,0.587150976090925,0.339356462428792,0.397869806628368,0.345218053000281
0.934150495799258,0.678486355725909,0.928168932543521,0.808667832595984,0.512794228241546
0.881165502825752,0.345822985545965,0.921828133819627,0.601314662939867,0.169933007360669
0.286866306792945,0.394031782489037,0.542034768901637,0.264305036437477,0.913329664879711
0.791019081836566,0.458730382466456,0.767315762204071,0.703190595662252,0.446959323744522
0.623065629508346,0.544283777446253,0.453587314671516,0.913902519953898,0.259363695891807
0.323152285767719,0.300022419396555,0.355271976675711,0.469937582461672,0.788374083378585
0.914147958625108,0.806150277116103,0.869567344874331,0.860937792822881,0.643052922474453
0.574097925564274,0.206273062474793,0.740591536198412,0.502675911391909,0.324164148332784
0.90912722889334,0.985474653338315,0.788602292120496,0.969746348296594,0.654083931091009
0.562348986975849,0.213330582686467,0.0209072308941176,0.24571616319798,0.928771892009536
0.449471336789429,0.613772795681143,0.449181562603264,0.468409601009195,0.315555661771214
0.730311580235139,0.677344344410812,0.772738427610563,0.565109448540608,0.209205578285037
0.898088680114597,0.802186001819791,0.861896798544585,0.859220098305699,0.714319896738743
0.886277444195002,0.34001596851158,0.836209390769451,0.697629736732607,0.158898195280926
0.494633316528052,0.299768055469031,0.29323137961668,0.745331195300438,0.572539022512501
0.714716640068218,0.240482579130912,0.899574171069726,0.431492970954932,0.118407018395374
0.180590404197574,0.196526788786286,0.679640282935161,0.345793974226661,0.628754868550459
0.756816178327426,0.996292932861252,0.51521882794509,0.393323772563556,0.392171613726532
0.999126059003174,0.452326613449259,0.999036971100644,0.798737354979353,0.421473940514261
0.280669179279357,0.0762227179657202,0.72978763741168,0.16414369096781,0.570803752721986
0.13662733999081,0.417246351804351,0.196165081190013,0.377460032581489,0.737604498077417
0.382763861678541,0.429459869366838,0.142344864589097,0.45539663722126,0.225150122510968
0.944574768189341,0.185354512446793,0.802616131543481,0.696510828053467,0.303674098599004
0.153417071793228,0.880686182848876,0.157096397218856,0.0600428681120601,0.092172541160835
0.450144983362406,0.457019909023074,0.546388159510899,0.250596768254318,0.362329332536319
0.703860892914236,0.958463024784578,0.508826336714428,0.568706799916122,0.411287795839598
0.206211324315518,0.658371709898347,0.0591213143681094,0.140077482607598,0.045224826579215
0.0753700542263687,0.20305157781695,0.312700953323239,0.274963591412072,0.959833745175274
0.920764120994136,0.402188037493033,0.940915344844955,0.692969033898238,0.711904722411418
0.475034888833761,0.115738309425069,0.884629086885216,0.336334235657689,0.257637624366907
0.798006839118898,0.0107768327288795,0.582776039023992,0.414249316249228,0.711807385756401
0.414908974198624,0.986679101624759,0.188639079536884,0.0239644903979844,0.173378102103015
0.209836050169542,0.147324154764647,0.849737581878743,0.344152537200567,0.396007441653637
0.358633515890688,0.350911355955759,0.811555089633925,0.433350875033354,0.414976325962925
0.357826479244977,0.198240396654001,0.216228640045279,0.461682115477874,0.902876173175173
0.641811521723866,0.561231157596922,0.701253512044266,0.596978020797861,0.730220156052383
0.853828536346555,0.87303525567404,0.746534062252292,0.933790528000248,0.695520118490094
0.893870505969971,0.730336680455366,0.857209622331124,0.850300600134992,0.771294392674463
0.104603649117053,0.557821047405014,0.220207066571588,0.386199159235358,0.0955871918413322
0.533518574666232,0.878731341479579,0.388695410542204,0.228578508721015,0.32614582721726
0.451488794526085,0.867683641001349,0.243670792399777,0.243457928125265,0.305702772660879
0.386270589660853,0.860982672282262,0.242893755184102,0.182091415191187,0.156332018465037
0.0378825855441391,0.629334004566772,0.139425928531581,0.190990528435029,0.122050789446803
0.957408396992832,0.0316512005811092,0.660638195566688,0.71738938442738,0.563035764702363
0.698746285401285,0.846434383216547,0.599514898339886,0.604391265136709,0.44184195730486
0.225895957322791,0.963643122086069,0.110659555770063,0.0335155248261276,0.0778519797895569
0.196811147034168,0.103242357406998,0.60010416169449,0.163010484061796,0.734779111546231
0.142104286234826,0.528631906287046,0.436316241595235,0.236601308600747,0.480048761615762
0.96099276910536,0.174832345015602,0.936667592609302,0.503001678938119,0.00682268795208074
0.289372706552967,0.5551100106386,0.561135143572365,0.134074177674477,0.348401007096982
0.153952467022464,0.0271935910277534,0.895944197123307,0.0874548892815813,0.366439091943903
0.404496629256755,0.0909705548838247,0.569820874120429,0.26756463861068,0.652734769537346
0.738624945748597,0.785595211520558,0.659031776503433,0.666608027301083,0.48353824680089
0.0211349565070122,0.758985419961391,0.151494830261804,0.0519835971816761,0.248058069118997
0.451807678909972,0.803535612212727,0.300894727096083,0.330928639105422,0.36684846188291
0.142274267273024,0.126540951692732,0.251569390421316,0.854334705321876,0.89185019073193
0.0602458047214895,0.344566225219751,0.245857475265302,0.275820839035279,0.972886797360843
0.878658024827018,0.258569994970458,0.920995236638967,0.563277923027693,0.271518471854506
0.268813055939972,0.319464891595999,0.12131550100329,0.284179024241999,0.955650015588617
0.70073932223022,0.388028795801802,0.202022848861489,0.769644057274502,0.373232491168892
0.497066075680777,0.636385072342819,0.3108465868836,0.688854488764882,0.944561259268085
0.372956565115601,0.265247760078637,0.109257329635331,0.5299818661876,0.848106479650596
0.845379285514355,0.891017506161006,0.740888903985061,0.892670182280525,0.642555463215103
0.822734471410513,0.578118215751601,0.830470020159114,0.689671809175,0.186060576554155
0.487823387142271,0.131476642767666,0.911263901575972,0.354961077239166,0.144636823242763
0.134463998954743,0.300787772197509,0.430274163101259,0.35397355279367,0.784954994422151
0.966782401548699,0.115074258908862,0.824876957401002,0.513147557896845,0.198326979909325
0.550844563404098,0.684817985427799,0.531639105423105,0.260457729837513,0.213442589709302
0.842562249395996,0.527876924286829,0.911025766275037,0.669083545762903,0.0566993192478549
0.205415559001267,0.261041989928344,0.15616621372472,0.465699110148939,0.914741756831063
0.547183650778607,0.167224270262523,0.789009471207639,0.540133599584484,0.431871628941735
0.934565992560238,0.556249928282341,0.915693835063917,0.77858710318969,0.286150783853373
0.665483965538442,0.815882340859389,0.529162432934552,0.609516445845726,0.478179840167286
0.174012331757694,0.696241458732402,0.222658820637807,0.225518716131205,0.300700977822999
0.843432690482587,0.883453478541924,0.746086851235601,0.878144143090168,0.628425304457778
0.253291405504569,0.144156340480549,0.604197855817366,0.379824046567296,0.610332158365054
0.625929130706936,0.913987687818008,0.485870725587703,0.371504542839955,0.359440904605435
0.445025319932029,0.501463742257329,0.165298644244585,0.469576152517951,0.495570810191566
0.0458244788460433,0.0425352013844531,0.480192058083748,0.355239197252039,0.825345086079324
0.228988931979984,0.149919075687649,0.921709487974415,0.347503525548427,0.198934101179475
0.590505227912217,0.0443301915947814,0.773950522154194,0.254299957152317,0.507748403964797
0.953077369602397,0.613673543412006,0.941545132973875,0.822261608973198,0.684133670147276
0.680601503234357,0.621173737890786,0.565797694491158,0.910176942165338,0.830796305061085
0.540885247988626,0.139215998438885,0.390906711136961,0.697035384807109,0.781186112639261
0.245658654952422,0.965304006909719,0.0685031088548428,0.0228634334882119,0.0813395533186849
0.160178381949663,0.253658149245894,0.272227240834141,0.680665527062851,0.848666839272482
0.250079061836004,0.137136050994741,0.0999303698540333,0.736806085008413,0.953623558714753
0.0706135721411556,0.67492742012837,0.118892511420442,0.172815592062745,0.110385234846035
0.718963109422475,0.947100448800484,0.527538665199093,0.627827449512676,0.428663378028432
0.765918413177133,0.306553749454906,0.839144607548655,0.579938096123434,0.627725521480897
0.520007656188682,0.887627888849238,0.289558464693383,0.342727693655192,0.388401548640104
0.606637615244836,0.448081142065348,0.255227371510582,0.742310084455838,0.742243773798691
0.168341386597604,0.689673277229303,0.363977272643053,0.166427252926422,0.436547594988951
0.568542650667951,0.593075543671148,0.362887478818223,0.78902979899876,0.990247380133951
0.544189843581989,0.44948703047703,0.164760956932556,0.4794789453449,0.331922760844463
0.62703150534071,0.928280681167962,0.431788051868773,0.731746860388667,0.389974359510234
0.151022762991488,0.342203578009503,0.697387203707737,0.212868915007048,0.827015864808345
0.417741304263473,0.778517410886707,0.417196238456732,0.149678480054399,0.167605097318301
0.774185033049434,0.516002108895918,0.761781577497635,0.665108480279601,0.134727038705023
0.289597920374945,0.114438518561656,0.745020315799424,0.471203647438821,0.521258082735585
0.786193096078932,0.0741749935841653,0.515756763863685,0.562253648398317,0.689990872022463
0.374797197291628,0.313609439501306,0.659184358104241,0.546182096639128,0.481428561761277
0.122128752758726,0.709476115793223,0.133143159588592,0.13077003860748,0.301888821850298
0.293884857092053,0.268335524975555,0.511039155795851,0.46949885470815,0.835557681304635
0.661593416472897,0.827897809766,0.501938807226929,0.780195522114363,0.446088432188844
0.618983697844669,0.492534375604009,0.511901432078804,0.754817085374943,0.912701206892962
0.82725771702826,0.715105738519924,0.643752559102835,0.981207056342249,0.780216993443901
0.228625673102215,0.510270414320985,0.334029455812899,0.497544887384063,0.129207685095025
0.565796209964901,0.155400508228922,0.500966563326611,0.481015048727324,0.672153743187664
0.941260503605008,0.946838001458673,0.847291102368994,0.992310410844189,0.927461550716544
0.267056404380128,0.808119393972447,0.129153388148191,0.119297457180866,0.0765099053096492
0.598892176523805,0.772607762046391,0.471307174010935,0.701459807549119,0.458080711279763
0.880075766006485,0.961849276762223,0.744817673947822,0.968846397714837,0.674725876218872
0.539769872790202,0.0258586660784204,0.378804721505107,0.594821504628089,0.841446958045708
0.430461441865191,0.794078517850721,0.326040721909482,0.336714408170758,0.254196252295515
0.962710620602593,0.811343174224021,0.935494186194353,0.916407241990213,0.806627167592524
0.927060412010178,0.494207524316153,0.963688461993088,0.717397621794799,0.474857486813562
0.621114118257537,0.710843894950813,0.481579653947947,0.879467179628865,0.458955925743794
0.187771606026217,0.632354258472333,0.0747830257807794,0.143547400674848,0.230715174606303
0.625031948555261,0.547085229220102,0.616657292557245,0.881167924984712,0.808391991158715
0.225873690098524,0.068715385365067,0.408266054387377,0.749775175323961,0.817362687870627
0.737170287873596,0.873699015268357,0.58875014950249,0.710659383810402,0.457113250013208
0.68277024012059,0.469995258987183,0.551059189692057,0.8289140303032,0.818485177558614
0.283323848387226,0.784332698822254,0.0914992748050698,0.131727567744578,0.143815560586518
0.148529010359198,0.239077123609604,0.867617234509368,0.342408072217692,0.281915208179271
0.455318777123466,0.130416374333436,0.10705863200969,0.792800220925411,0.921076960250502
0.730094806523994,0.108102742320625,0.0603862638581079,0.733942881885684,0.92423205691739
0.126207722583786,0.439990921557182,0.158418350643349,0.316940572388918,0.906906068878016
0.535539340693504,0.980397965031443,0.346428990136109,0.0564764696264962,0.262441275786841
0.184440588112921,0.0328423382889014,0.302954786058391,0.957651762016171,0.902568076708121
0.740558817749843,0.0726028556528036,0.992056751958498,0.347821814635224,0.134070000232896
0.02165861078538,0.611266900174087,0.0944718269147525,0.211353222541201,0.0389927576470654
0.810712775913998,0.619086098769912,0.577732124062763,0.967140388210984,0.389431996416533
0.824147563660517,0.330396008357638,0.553105159047318,0.917728177067327,0.370369819895132
0.965617421548814,0.40649612605921,0.977528607404995,0.681780860344596,0.182157985022059
0.401947870152071,0.242791566677624,0.449859727174421,0.584311819567711,0.69509555233526
0.867029262240976,0.411587485024938,0.939687019193289,0.590768991915583,0.0284886973386165
0.199524371651933,0.517876105644973,0.0452554731616726,0.128083610113499,0.689432302111527
0.993898457381874,0.941064713784726,0.981593110397591,0.986092632257559,0.962268922041403
0.862161585595459,0.996222664049128,0.673028022916988,0.98532528052951,0.635349133488489
0.597763678757474,0.572832696285332,0.628652394311937,0.471230588031502,0.667230667575495
0.368041092297062,0.543001618032577,0.163174009565462,0.375683873418302,0.591553129517706
0.591776262735948,0.337115665868623,0.210335183222308,0.695830407770594,0.412119966378668
0.0479629484470934,0.0617330840032082,0.824604384454955,0.228773237538095,0.47276200572378
0.0710300174541771,0.381627721508266,0.0915461849979556,0.392574819814256,0.811988756497158
0.134604453342035,0.634613286849344,0.319934986171219,0.143317194027326,0.428111356595764
0.215713899349794,0.0290083228901494,0.290172284220524,0.459793219423125,0.922814365214435
0.130756120430306,0.669872880069306,0.0391039452036399,0.0896664193814847,0.0813845860247966
0.292656953213736,0.0434656847210135,0.191535590593802,0.783546485635762,0.94861176572158
0.0883792387321591,0.953845918440493,0.0560016156685368,0.0193184594946766,0.0235752045700792
0.309490821324289,0.336871938459808,0.235700040971472,0.283898640892379,0.854623407445615
0.459850677056238,0.624550682055997,0.391733889237676,0.42539093398413,0.65861478165607
0.154316594824195,0.478225623926846,0.0118171157467672,0.0571939369914402,0.802340744907269
0.799182336078957,0.212292897485895,0.873503155443704,0.489484861483194,0.299114094901597
0.0303477104753256,0.912738914863439,0.00805233517357085,0.00476708212247976,0.0254089910595212
0.789863205747679,0.753028605045984,0.737741570999022,0.726390906389892,0.574734126188559
0.454405036289245,0.292023216694361,0.190733168803151,0.708790226651029,0.733317381789675
0.94073691428639,0.924578285805183,0.885865614652953,0.948428640631578,0.748160604882287
0.866216678638011,0.979128245118773,0.693143651825137,0.990933318600257,0.691751544916769
0.501116018509492,0.0687712459766772,0.682378253511334,0.263958408683876,0.587671784014674
0.244911968708038,0.402343391877366,0.28589819266308,0.409634739015954,0.766833881352795
0.479434743989259,0.929885371151613,0.298232407001228,0.186194091206916,0.233190671628108
0.589195227716118,0.295547787245596,0.848539782768769,0.480773286507548,0.114800991985248
0.568691531196237,0.705742424965138,0.565410514487291,0.377835770455414,0.360854112223024
0.848061434458941,0.587188007164514,0.847274829217799,0.714658074922343,0.252683291357243
0.849696909775957,0.0205816789239179,0.158077435283244,0.927980673572415,0.921908442018321
0.0200575871858746,0.81797055262723,0.0411445741840789,0.0360453572068036,0.0341357129218522
0.545160455396399,0.616563736024546,0.695397100364891,0.394914385263458,0.295690395956626
0.192674145102501,0.27288150091772,0.485783200465812,0.0139976290891547,0.986498687096173
0.951593353180215,0.91473246566602,0.909424811831864,0.936959369319234,0.710103919176618
0.813498639501631,0.873977960756747,0.712831086258336,0.861994542256475,0.634972264670068
0.225115848705173,0.0185160669207107,0.863293879991431,0.110167328819041,0.485694327420788
0.566932236077264,0.729523531597806,0.540845405874842,0.301886986984713,0.285849517356837
0.314466804498807,0.380498464539414,0.352053755963057,0.384673611692294,0.535084935923805
0.942801403580233,0.183272324531572,0.724523344679717,0.822285896925821,0.279611214267788
0.840286039514467,0.721183726069285,0.780298856002814,0.873320941662404,0.826175543043064
0.0312932166270912,0.262393816286931,0.672716712189197,0.173009227805055,0.645662648690632
0.665959617355838,0.85882406969904,0.435576708379154,0.915906908938953,0.474691126350081
0.810188888572156,0.916949494712753,0.650585220522033,0.965278937910748,0.628152398072416
0.12355797784403,0.616892855934566,0.132098672818202,0.204865468279355,0.309343896602513
0.193464261246845,0.138464150921209,0.133071100835045,0.599627706896124,0.964614078140585
0.30244549899362,0.242510025418596,0.631258664880793,0.380482350608046,0.433901818556478
0.931239492958412,0.97659152300912,0.812018515575459,0.996888246518392,0.894246605137596
0.0283938797656447,0.0561629504954908,0.608609922435277,0.0426339641045684,0.781957645405782
0.788271511904895,0.874462670675712,0.660848965307142,0.807355214121566,0.513457245688187
0.91656750952825,0.999221724428935,0.762613251915529,0.993228023722913,0.64840941989678
0.215043796924874,0.483995924907504,0.394423869717496,0.348888353847232,0.495045366842533
0.37563021085225,0.744327953114407,0.691948265865409,0.244223365991291,0.0940058591950219
0.922123148338869,0.857086439762497,0.854242863747499,0.94098046093211,0.81076835791464
0.918499927269295,0.660121369553963,0.893442574049905,0.831810832008652,0.733238432352664
0.792181279277429,0.336891787388595,0.815507735327444,0.692920007633624,0.62921276295674
0.796921470668167,0.69713554737973,0.729618210641046,0.832503508603227,0.617874732153723
0.828333179699257,0.149229295522673,0.69815207183663,0.634955838234946,0.485895635647466
0.891061386326328,0.824332182732178,0.846364085887104,0.870587236421653,0.709984716988401
0.0821841880679131,0.245432978175813,0.137555078885567,0.623997167292907,0.936360693740426
0.0895299427211285,0.101503516751109,0.658112837003098,0.0790777814271405,0.640435898298165
0.641130144707859,0.456868361769011,0.271340086950288,0.748727915984669,0.469405648618704
0.215582456905395,0.105564458674053,0.916436934725561,0.318707167582154,0.357824182574404
0.554874527035281,0.167097544035641,0.647879013753256,0.236233904494009,0.539995648112381
0.249935990432277,0.966535986372037,0.16992477448191,0.0256898646607127,0.10962582679349
0.605991888558492,0.356083780730842,0.146141197260524,0.58599571910747,0.267521578149172
0.0682321155909449,0.12500723337871,0.524136640684765,0.420665928218175,0.773832945531467
0.465188537724316,0.85531554472982,0.116129306103412,0.183438715054887,0.15948347633821
0.948817632161081,0.7178853895457,0.893559063863336,0.937771083862437,0.997173507668776
0.044697965728119,0.173246456979541,0.412831709357399,0.857163172742068,0.810994977335213
0.659671092405915,0.111909891100368,0.163368276553681,0.766333305040981,0.897231644630665
0.963438747916371,0.454978095629485,0.956504483636774,0.746279080003024,0.200895892077824
0.723102190764621,0.757078195776558,0.510497282638467,0.976423412368838,0.718035777943442
0.054197707446292,0.422579514008248,0.420366105607209,0.183462035547713,0.981093727663392
0.977143950527534,0.141223190556047,0.934982333394179,0.524256004761912,0.106269437615993
0.116427618311718,0.890645631152438,0.0920220797078267,0.0549650962129359,0.0404603380302433
0.993188498541713,0.978530271648197,0.977837791981779,0.991859375485267,0.838305253157159
0.417661467567086,0.277361039508833,0.638094552977864,0.516344765156258,0.607353469211375
0.0424774817656726,0.0314997623499949,0.659873355346415,0.107231123711228,0.709400357300183
0.0498571086209267,0.39781748430687,0.249231441716188,0.231903280569797,0.991717224620515
0.722821993986145,0.537568751286017,0.783693782806831,0.587160966064508,0.453870701225242
0.0671864538453519,0.696945782954572,0.0395397530011232,0.0621649725065515,0.281559308321448
0.486922436859459,0.041224659740692,0.082048467216708,0.882516772953259,0.967839711142005
0.214628292946145,0.564989114907803,0.114777737260235,0.253505731357723,0.299945988255786
0.306231881026179,0.243595685373293,0.0294114552647736,0.257085710892088,0.95310416733264
0.432638018857688,0.529945937887533,0.442162112976404,0.265702924933432,0.683097176166484
0.00689369440078735,0.676351730508031,0.127913930395751,0.0959757367612135,0.344506144087063
0.174113023094833,0.415339817787753,0.121170360532819,0.243367372926275,0.965863598656142
0.0511598563753068,0.808781269617612,0.00600841093394616,0.008096705393641,0.0649021121498663
0.500246096402407,0.201843083690619,0.0876148519899023,0.533137152090483,0.900510223727906
0.326958794146776,0.796635145816253,0.161949240527615,0.1635208210153,0.237756097660167
0.770211277762428,0.593711184075801,0.781022022178941,0.726086480722192,0.567441013728967
0.711683773435652,0.320407361810794,0.850726973206693,0.562969731143298,0.3532113051333
0.0568454444874078,0.135858193476452,0.0421791847375588,0.441435234660715,0.996864108805312
0.963803300401196,0.294495696522063,0.978146293525336,0.614822452633243,0.0659384039172437
0.207101571373641,0.149874523660401,0.526412507951645,0.21414733568834,0.704428590805037
0.155571929644793,0.435864179133205,0.162634784217432,0.576240988875771,0.139129014423816
0.900658349273726,0.312850908812834,0.834598061608753,0.720665445991522,0.366740705707343
0.560125179123133,0.615127957804361,0.287909758794146,0.733548392946994,0.759881091042189
0.512641458772123,0.157658065581927,0.637248780152968,0.598286012018635,0.532972066168441
0.0200805829372257,0.493510974949459,0.233037698967284,0.196166077415422,0.889337824803079
0.825987185351551,0.45638119164505,0.837992789191695,0.693847897212104,0.679129487165483
0.500036695972085,0.460633847891586,0.00235986994715881,0.0208721075566805,0.255649838334648
0.564766903640702,0.654932710720459,0.578408752409884,0.318036088544095,0.31701069403789
0.22019884060137,0.458714659238467,0.0669825191346144,0.189331616638107,0.77269917880767
0.790563994087279,0.488781912572449,0.783736999034925,0.75643878914509,0.869092886947328
0.700425274902955,0.80007728972123,0.620155193237101,0.620667611258827,0.432894910889445
0.547195385443047,0.543092260864796,0.680775542215394,0.472884223579884,0.492045135848457
0.125580230494961,0.93404872881365,0.0683965219821677,0.0289892612285032,0.0551984438498039
0.381981028942391,0.674604739440838,0.224472799372886,0.364076149148481,0.0784075610281434
0.331096797483042,0.791578484728234,0.287513326144635,0.102088166764395,0.221527102083201
0.980518938973546,0.0880952103470918,0.570392069472796,0.905679171860159,0.54272245572065
0.366980822989717,0.967792597337393,0.251004837513695,0.0448477236767461,0.164372627885314
0.312547067413107,0.459581873234129,0.342894520226456,0.387656010168888,0.730547555984231
0.681217583827674,0.649393396015512,0.499931711114609,0.902935967364029,0.730807097541401
0.511804300593212,0.254907930648187,0.399717617518079,0.63393193983476,0.628310335945571
0.237516933353618,0.684993717208272,0.166232158818366,0.192265783478285,0.281090516567929
0.541941393399611,0.00963588312151842,0.351607710852902,0.968212745344902,0.87810565190739
0.999700081767514,0.770258992532035,0.999214263818364,0.957184819286812,0.987696432712255
0.522524238331243,0.67565034943982,0.38316486860244,0.713802042758299,0.270371547812829
0.0969087651465088,0.838761846214766,0.0169272026580623,0.0187513985669314,0.0280033179733437
0.605649521108717,0.166394097992452,0.474510357826861,0.681241069410103,0.690594146348303
0.713855013484135,0.600394489680184,0.721887214070174,0.744078931928977,0.919648418639554
0.202408689074218,0.136052849848056,0.849013889140666,0.247300976587585,0.291542042483343
0.122712332056835,0.672962508542696,0.295767816173614,0.134303117204359,0.397828180255601
0.674932019086555,0.808648998121498,0.541677336085383,0.781188251894353,0.533156435034471
0.111301853088662,0.0122498808486853,0.998539064619604,0.171331369772695,0.115476925770054
0.871396783040836,0.392422851669835,0.85104675279534,0.684749475524763,0.371882963605458
0.344776793615893,0.212924991297768,0.740089613704909,0.308189247268623,0.615018849639455
0.366537443362176,0.34737910630065,0.23313667925198,0.523858452271701,0.692967852897709
0.703623715788126,0.858095670555485,0.50576785589735,0.941601328417188,0.485650654271012
0.649961248505861,0.43322354691918,0.761983544400241,0.609544912856402,0.590941717295209
0.497723005712032,0.923348348849686,0.401750056044601,0.0501067359402026,0.243598613102222
0.947853457881138,0.118633787467843,0.934840495844396,0.459975065354783,0.149055696936557
0.93019158160314,0.844737119303318,0.884061852907979,0.916367654260456,0.77158414691803
0.176136524183676,0.960078202973818,0.113471350335518,0.0339705144118145,0.0441580505867023
0.979642227757722,0.764804591279244,0.970124273743823,0.884543190067239,0.654422127787257
0.141018438152969,0.872585244505899,0.17120349916062,0.0702038203616013,0.0798207912885118
0.228609795914963,0.926745936594671,0.035342075291744,0.0247225373118696,0.0538940117403399
0.576017800252885,0.260916294093477,0.433416349285635,0.823771887105441,0.537660590634914
0.182332703843713,0.554449738498079,0.201052607049183,0.344940240935237,0.345144905644702
0.248532575787976,0.417507525795372,0.0828807435592369,0.290364495824572,0.663355185795808
0.0339062919374555,0.800045140524162,0.0431447789078752,0.0367920479501008,0.0862700974976178
0.812840775586665,0.603954047575826,0.803149564466667,0.753276932322212,0.689442139148014
0.125528619391844,0.508576127380366,0.420934999469197,0.143301033567733,0.277943572815275
0.821289960294962,0.492234476580052,0.800021105404689,0.712943344076836,0.638987900485517
0.551761339185759,0.101818143768469,0.0165521965479578,0.572839571819618,0.961031277111033
0.591308667557314,0.904542622418376,0.415130261007457,0.439248802120132,0.314923760102829
0.711961870314553,0.552520420780638,0.663575775238671,0.730663111014314,0.820699203031836
0.19000065792352,0.249901182804024,0.536497224948395,0.428542447927888,0.680962819693377
0.420569312060252,0.916357835667441,0.236999851857889,0.12439207073624,0.227013373660157
0.794775451533496,0.816651237808401,0.670727639957956,0.928676456319299,0.729519978136523
0.482458240818232,0.0219333638960961,0.396873573061616,0.742911013261687,0.841111196466954
0.0902707371860743,0.450086799828568,0.157083294355649,0.252039611624304,0.945464467658894
0.0488812574185431,0.958584244042868,0.0575937331695452,0.0169901840336556,0.0140892796043772
0.0210653515532613,0.768526157102315,0.128164582668524,0.0952748837828345,0.0152499908290338
0.208930243970826,0.454352842498338,0.36506081879419,0.696172350759582,0.360875906335423
0.315383155597374,0.408353593229549,0.254913927873419,0.496077244629004,0.62437243052409
0.533253418514505,0.680833725637058,0.418897024885668,0.630171473987203,0.561001209280221
0.836213616421446,0.70836665070965,0.818448219632871,0.737469422132857,0.553152574546402
0.715909598628059,0.634089312370634,0.63972617211856,0.839455118298132,0.637444371212041
0.109316623769701,0.600068523053778,0.234903323582292,0.228309801758037,0.132847227650927
0.654280439484864,0.166499467770336,0.58018967049569,0.590720389148842,0.586563720804406
0.142444211989641,0.0360462611715775,0.784463922566552,0.286153221961401,0.506446271116147
0.405479738255963,0.914902782271383,0.258663747553976,0.0815318359074651,0.219464105641237
0.53734789416194,0.362695885793073,0.882760233084828,0.548712628345349,0.452131918951636
0.256878173211589,0.492021186597412,0.405722851654282,0.375629305159548,0.507853777351556
0.9946286494378,0.669382497231709,0.990172037357264,0.899818336111719,0.895128330943407
0.721495436970145,0.396350862021791,0.609742530230742,0.810869387368045,0.478571066312725
0.00316893705166876,0.203649212926393,0.51894871682784,0.169030725768636,0.926636892749229
0.762791399843991,0.314296483964426,0.963865271003171,0.53385176088795,0.0531438275647815
0.0578778353519738,0.972271991922753,0.0225908995424932,0.00581678538195295,0.0162836893287022
0.589196893619373,0.75235810232698,0.628144555618575,0.372758708201891,0.326347082998836
0.959084165282547,0.819789485045476,0.925191011412678,0.933866458042666,0.91330187607673
0.860953887458891,0.353981328516966,0.928102745076734,0.618890572938002,0.28622721179272
0.898051611380652,0.101462395134149,0.847782266758959,0.535111776976955,0.416302447585622
0.472089791903272,0.237706098676426,0.528568328542333,0.91005392136406,0.659278800158063
0.81565103912726,0.892715385445626,0.671338053628687,0.962981800825681,0.68794111002353
0.487960335565731,0.864211563981371,0.265170497243899,0.321354572286537,0.26757313174312
0.0810140834655613,0.350377254100749,0.288081757127984,0.638660777165598,0.666794378048507
0.628179938299581,0.90905649823253,0.474337949358816,0.248702426078979,0.349615781946341
0.839656317839399,0.484750210103812,0.837405158036798,0.735179767705489,0.579045568272704
0.509968528756872,0.973277188983047,0.275950853128082,0.115942876417488,0.209153834759491
0.592029432067648,0.624824519705726,0.388619363968306,0.824453936353697,0.825333171611419
0.182366936700419,0.331109633581946,0.603118584156666,0.171677489702312,0.512790405278793
0.837026029825211,0.557017924526008,0.761974526977617,0.854630848131126,0.863767678936711
0.499040539376438,0.821221602935111,0.346612190349166,0.299183598534748,0.448391731566517
0.776832554722205,0.604078236763598,0.675619212014012,0.893227576136851,0.948741540400079
0.493039004970342,0.586686251306674,0.601718525909431,0.419411016085335,0.222716225573095
0.771252984413877,0.356281883228803,0.383851982410467,0.968551012411757,0.115505716443295
0.331749771954492,0.699141802411759,0.130647989344179,0.215053604175244,0.486127174954163
0.75942535768263,0.146699949953472,0.723497130979344,0.459075362472837,0.259050207241671
0.196147484239191,0.935232601041207,0.0548468335944817,0.027216550307201,0.0797221290704329
0.690006390679628,0.8209466188855,0.535382716609837,0.841541475936988,0.488874985399889
0.10131924925372,0.451843464834383,0.183319608178441,0.323917819038506,0.880021230113925
0.259333512978628,0.778034665941959,0.0936299619259956,0.143883386308313,0.0907572160067502
0.221853111172095,0.176763067516731,0.312270522096025,0.708949269743529,0.828609478106955
0.900494557106867,0.255298994801706,0.77256569555336,0.72122344694714,0.262007799086859
0.892466882709414,0.834013195097214,0.828930394533846,0.884651665661521,0.704198782128515
0.491694040363654,0.0210491780017037,0.610949817831156,0.347663707615109,0.702603937679669
0.771989029599354,0.295600813085912,0.145527586273737,0.585604777646214,0.610434475500369
0.326463682577014,0.81942163882195,0.270146854291959,0.13539149182476,0.156809827982215
0.174542027758434,0.0733561838569585,0.681420241584529,0.0812349587549557,0.676127414597431
0.437073042150587,0.777959409664618,0.375859484824017,0.348834936606129,0.263391868531471
0.909669506596401,0.444821329117985,0.883486917184823,0.727589417923611,0.362134060909739
0.677344722440466,0.852127321675653,0.517552432837116,0.678373519075636,0.408594847045606
0.696918816072866,0.352616008924088,0.2386340495944,0.878019986509425,0.220911573123885
0.697142118122429,0.702787865331629,0.557570319721478,0.926435463085696,0.983021742053097
0.116897512227297,0.138654058479005,0.511123979044966,0.345049305504239,0.76939687054255
0.530679472722113,0.406677524995757,0.751472243109908,0.522120084672626,0.760865316988202
0.600982812000439,0.835131569794612,0.478591697749882,0.593403522389384,0.412876355781918
0.677968055009842,0.0710497352120001,0.734085141569291,0.262291336010127,0.543130535254022
0.207675463054329,0.239500603958732,0.400261508726921,0.221997958708627,0.794899455941049
0.527677100384608,0.117938379145926,0.837624075238455,0.356510586277178,0.401215926074656
0.143842197023332,0.607905740122078,0.284957594136311,0.346073518320037,0.0542710572772194
0.976734256604686,0.340777788107516,0.967839477968174,0.690102786210131,0.0622077401785646
0.454765647649765,0.906050309858983,0.252435235566127,0.190899805119433,0.228254089917755
0.798514401074499,0.854475977626862,0.688205602556891,0.870922943658012,0.601511426240904
0.486368408659473,0.641552749817492,0.515761179301567,0.457377128298861,0.312934248737292
0.216987751424313,0.792347668408183,0.0328633118102803,0.0410399693219245,0.196485422056867
0.365955573273823,0.711229030363029,0.297436477612576,0.280781209995247,0.535391881567193
0.172010887647048,0.7938516883587,0.215776131486549,0.0875110264827542,0.211671270284569
0.24054722674191,0.815694118238753,0.216710169335896,0.1432332396099,0.165857197629521
0.147098345449194,0.73379768137238,0.104181466832879,0.134466068146368,0.110281724162633
0.552702097920701,0.204715510801179,0.210886638346578,0.572725878147357,0.843026610702509
0.0315234155859798,0.18004569070763,0.366981491984854,0.150551306530115,0.943648110929644
0.0466086720116436,0.567624130024342,0.0773904084327166,0.143100566806737,0.478987142647384
0.381789813051,0.757884152262704,0.177077250063611,0.208887608885064,0.332265627250308
0.820276947924867,0.362914202938555,0.817685025769344,0.669848021884177,0.867513140576193
0.564615037292242,0.798092798824655,0.455376144332877,0.434277472155717,0.341381523903692
0.846636830363423,0.406263572600437,0.94348537549367,0.580511833227673,0.00930122638237663
0.374224248575047,0.400465403305134,0.564429612623665,0.330719305912198,0.484031139785657
0.657063982682303,0.736682839196874,0.488723390448942,0.843215643554974,0.387206864805194
0.61807679827325,0.63647965886048,0.677148137291832,0.427160388212568,0.215760943567147
0.742009791079909,0.457386278751073,0.784706578039572,0.610565993149825,0.683738553052535
0.696299417875707,0.381534386455314,0.820014830925513,0.585874673566291,0.69132998076384
0.477065730607137,0.942610949074151,0.312006228898851,0.0719454387673406,0.228221271856455
0.360685245133936,0.837201844988158,0.337639222416512,0.0933973113458035,0.254633809701772
0.484908467391506,0.563592066377169,0.268939221979447,0.523609384354781,0.651741609355668
0.441256932215765,0.742367495578947,0.404067872548804,0.452711154882909,0.0951713820977602
0.0968736698850989,0.0653409400547389,0.961913174333285,0.235958263646818,0.149544782092562
0.213571415748447,0.207796733506257,0.385101690975644,0.908763276766315,0.732356690597953
0.0275082513689995,0.832629860000452,0.0152990175719343,0.0160654643772443,0.0253385473915841
0.160721572814509,0.615869558678241,0.0103857288781825,0.0340059949773266,0.155147298093652
0.686377019388601,0.263719947164645,0.279509568920317,0.803664721616448,0.681452764809364
0.631424583494663,0.417753862770041,0.917622158196105,0.558062340849426,0.174131012434373
0.616683510132134,0.274144702911144,0.441612729863775,0.936704778582297,0.387088614836102
0.407484426163137,0.719860427925596,0.189007477461573,0.26485782642078,0.31043524373672
0.475081080105156,0.158466429827968,0.819122543903367,0.264151683566809,0.326220076793106
0.0681760055013001,0.452183593268273,0.324838099163857,0.290071518417448,0.642597069527255
0.00654064444825053,0.147109859943157,0.0206524109530995,0.439176124752164,0.999048144993139
0.327247456880286,0.983518623252166,0.1172499458087,0.026390320249431,0.119984808465233
0.979693566681817,0.589310683863005,0.977146043544886,0.820938698072371,0.681695869221585
0.919088391587138,0.328052859316813,0.937137105153142,0.613580777093125,0.150748961692443
0.0174371595494449,0.208887366898125,0.196974855339034,0.548692338810898,0.988751721422886
0.84726267750375,0.401454396749614,0.839483468151281,0.722464014502219,0.62062251046882
0.845782488817349,0.709784963721177,0.76363112815881,0.861208229070703,0.643646565818926
0.802718136226758,0.0595747678016778,0.950117379138034,0.285303776733089,0.0661471899074968
0.338598136091605,0.424812463257695,0.609278559381194,0.547647310700374,0.759034745249664
0.367841788800433,0.945614074211335,0.177499546592566,0.0778553900964166,0.128906073718099
0.0990753031801432,0.273326893191552,0.714674144375669,0.242833664851302,0.880463913985295
0.244819711893797,0.14814457189641,0.0576118082945505,0.610211245350134,0.968604090478038
0.573960217414424,0.858531563979341,0.306717747712452,0.526033673426537,0.415480325260432
0.895647669909522,0.04341432734509,0.24050766217327,0.982888740242606,0.864338520012097
0.28376552159898,0.141233729227679,0.0155839341831355,0.42053507206856,0.972463519050507
0.54327164334245,0.572414528491208,0.496779201844587,0.70788418576728,0.55395934623084
0.456820719875395,0.109841838508146,0.0409836041890264,0.606318184611835,0.96391414347454
0.125948001863435,0.855431043048156,0.19351208514463,0.0601413642662159,0.1386937466159
0.378565440885723,0.568266288406448,0.454020541751806,0.526890387009957,0.209023088245885
0.0922347120940685,0.603852578991791,0.127736281969445,0.229077753614148,0.11245491655427
0.300684304907918,0.894018440885702,0.200266535508735,0.099609341931229,0.128923023614334
0.921844281954691,0.604190010373713,0.931329434266968,0.772699406210364,0.564814226323506
0.876613219734281,0.515258076571627,0.903613487153424,0.724240979286465,0.394323628890561
0.615266657900065,0.576698300224962,0.59202293222531,0.701459602089866,0.333796134247677
0.0512433322146535,0.552078299777349,0.313083374482459,0.187789943380088,0.392483159172116
0.866474530659616,0.724700616527116,0.829535651564865,0.816402608372841,0.720817648951197
0.102166346739978,0.78468874542159,0.217487302260527,0.146277783522997,0.11019213477266
0.809124146588147,0.825617573660566,0.739046147979866,0.846726860383056,0.647461675369414
0.404915705090389,0.710071732260985,0.081533355431917,0.197138986367885,0.138859814178431
0.113077807240188,0.731346727669006,0.0990203869998229,0.127963211545481,0.0838819160999265
0.601446390384808,0.288697481475538,0.503754870917809,0.764144984976936,0.256990492314799
0.0797158749774098,0.292944045882905,0.0836463729709793,0.451906770899958,0.940804746671347
0.276561999460682,0.189315454888856,0.461413264341477,0.150469113222413,0.803812979109352
0.173544938443229,0.166176258848282,0.449484050979914,0.148714576825573,0.838444912311388
0.3758856120985,0.331587679655058,0.42998659939619,0.520754452478066,0.726721249317052
0.606633117189631,0.303961594385328,0.736432103966648,0.740222110575328,0.808906866092002
0.745052512735128,0.667852196114836,0.624905888439549,0.894311277856017,0.917364871682366
0.719318984774873,0.262245287565747,0.679964363015026,0.647658365238307,0.465430499549257
0.62504627276212,0.666205548011931,0.592494399888185,0.660748880083949,0.560062342177844
0.716469831531867,0.756572297337698,0.67420789027173,0.595498798001634,0.442664824338863
0.85601037601009,0.162172508338699,0.725238887134837,0.631841956297166,0.163145050028106
0.161568623501807,0.242376628477359,0.313753673422803,0.367743964536305,0.879524432035396
0.751434269594029,0.333526769623859,0.279300673770352,0.899509137241073,0.468534753570566
0.731215071631595,0.493723666557344,0.794161977480225,0.661623236287915,0.697063559287926
0.921360074542463,0.769736522313906,0.889059859027761,0.874045402056946,0.762657271319767
0.199334735283628,0.29125696970732,0.354729070755939,0.733543254626833,0.701456484704977
0.999149799579754,0.863185417227214,0.997967326358239,0.954117786460738,0.786776341235964
0.933878854149953,0.85771399710211,0.882780122895343,0.929232205458795,0.801927656139014
0.194040800910443,0.855652798461961,0.150633029832157,0.0875665614898033,0.101413873460842
0.113857806427404,0.916714903229149,0.160893216166975,0.0491381021204731,0.0529369751166087
0.353631020523608,0.970309360040119,0.16685461945646,0.0475314258118778,0.128650484461104
0.495775062823668,0.997113113262458,0.24627368297949,0.0211148534396793,0.204468422132777
0.541059436043724,0.622139657993102,0.570319952451182,0.512552644452687,0.561034237238346
0.120919183827937,0.753412503545405,0.0975001752266073,0.117664337701118,0.035058210400166
0.709464236861095,0.647520082566189,0.725996683531365,0.675480065005518,0.622654655220686
0.793518289458007,0.645524217194179,0.778821353079122,0.778621504079448,0.753830470639514
0.228266551624984,0.827026489452692,0.115684547410206,0.10353143390129,0.1085721294221
0.253913617227226,0.42332291425555,0.140617052442166,0.456094517480963,0.372280467621749
0.411328102461994,0.266247506748186,0.460511410015665,0.71115824465098,0.715230670903111
0.00826163124293089,0.00841600322746672,0.0251314089565913,0.961144496443365,0.999722528707935
0.48815639060922,0.594273302849615,0.252313494860641,0.517134158475452,0.491152077534935
0.654768359847367,0.680226257740287,0.630085935939745,0.355583080287158,0.180914466356626
0.311833877116442,0.851999507605797,0.208261676042999,0.157372554673314,0.176363837817917
0.768352197716013,0.883069468749454,0.616156959524498,0.855652777644699,0.51094973119325
0.157125779427588,0.283853358560009,0.0893456394940671,0.516657403509866,0.867591047397582
0.378821729449555,0.52327924509882,0.448174789046055,0.383227451193026,0.310748825460905
0.452033871086314,0.286474290682236,0.751023661576902,0.394938535275304,0.549841451836983
0.387198179960251,0.307662720239023,0.536420281054735,0.406722773348327,0.472834894171683
0.212547615868971,0.230774456489598,0.0664781632253217,0.43774008992078,0.956244499160675
0.13476007594727,0.0556916587811429,0.615456882491022,0.393725272716343,0.685204752226127
0.00847489316947758,0.819434486824321,0.0273491362445537,0.0271685412905231,0.00512066585361026
0.948836435098201,0.100116539601004,0.686761247487023,0.773957635854282,0.479059943900211
0.134308582171798,0.174655250710202,0.702534356347664,0.322765811107887,0.610387340100715
0.525370997842401,0.485197182017146,0.571864437120807,0.671429434084901,0.833914978458779
0.245169610250741,0.702539377351059,0.141994724828968,0.149002440297015,0.268916305009043
0.447568993316963,0.468283823196543,0.261843556414655,0.568111939298172,0.332532783126226
0.435645561898127,0.0546413605625276,0.0513995828232432,0.870121011906006,0.973014857707312
0.481870931573212,0.141547951818211,0.646875564244317,0.420571628145917,0.476945428963518
0.78491019573994,0.869012619165005,0.636566012156764,0.946770038599811,0.65538090778864
0.574618688086048,0.771986903942889,0.452354891515082,0.623059933993862,0.430458549613832
0.320118047762662,0.0410632213752251,0.0478515793425252,0.891800483228335,0.98166571589536
0.605962819419801,0.672531963995425,0.478905503384022,0.674322595334705,0.427487335196929
0.226499597076327,0.309400932659628,0.666658756029869,0.144590535249725,0.60602834643214
0.575824215076864,0.382995509105967,0.549619991996737,0.541651688017663,0.592839750548592
0.16772867902182,0.276733085367596,0.434125499311542,0.524567942274424,0.691016416443745
0.411331728799269,0.230647753312951,0.201994350151787,0.610801660060794,0.826201161515201
0.211698279483244,0.940247622929746,0.147637122579777,0.0493153914087763,0.0993211693421472
0.864285563118756,0.135179424629314,0.627341838744181,0.726452651124328,0.496187248063507
0.515692542307079,0.703612364683067,0.419868875092507,0.547342332024223,0.375090873945737
0.233816169667989,0.0305859464860987,0.566332417431097,0.0910704259423896,0.760052829486085
0.0957030495628715,0.289603489713045,0.314880990339136,0.549799833092964,0.877466999721946
0.460668072337285,0.331714801111957,0.370608664959917,0.852120963027957,0.424879134778166
0.4680815723259,0.0190080541360658,0.182237680790137,0.889546425512229,0.945498833345482
0.507759171305224,0.177711806463776,0.713804730866596,0.464144319739845,0.295180976943811
0.398769640363753,0.826757214817917,0.273874957623582,0.19404307599056,0.230383323243586
0.23056902945973,0.5307006832154,0.121741749170465,0.394629184883758,0.00592183184926398
0.879246139666066,0.119330996676581,0.980799081023395,0.416661890370892,0.0400989521585871
0.528516308637336,0.0567030299862381,0.1863974550169,0.941888776394964,0.918617238552542
0.175892047816887,0.436764448386384,0.0749708439407012,0.283222919738663,0.641266389837256
0.618786028353497,0.24531850850326,0.933109900065822,0.481536631176692,0.267273927427595
0.797022080980241,0.00598111024009995,0.837645775936526,0.0734119019905835,0.423039618966868
0.757505836430937,0.579260666127084,0.625094893720905,0.928581690183776,0.799693300941726
0.137955935671926,0.857593630353222,0.030637826182765,0.0280352507668574,0.0503796659468208
0.801905748201534,0.599080610118108,0.83942127388266,0.694783756004954,0.531346561183454
0.0970152004156262,0.564955027512042,0.0200326016802923,0.0970145816604743,0.0118151736969594
0.763128235703334,0.650453894137172,0.739339295891149,0.628897789170087,0.430088221415645
0.182965984102339,0.475844651198713,0.212964741567732,0.411016770266839,0.369796647195471
0.350987012730911,0.512399017607095,0.39384086678321,0.463496687703105,0.859126793598989
0.724907484371215,0.361351441330044,0.894738426452022,0.523861506864201,0.0592412072292063
0.296370458323509,0.255897847033339,0.592568401245637,0.297360795038738,0.743378866376588
0.135161215206608,0.638624168728711,0.0529061110975964,0.100727819440865,0.341490320250159
0.821870965650305,0.791148512187647,0.729673276314724,0.846801012627537,0.607840121578192
0.120819719741121,0.0149485428410117,0.924343772064209,0.102984144531126,0.333556526427856
0.577855526702479,0.935415592539357,0.400394471902536,0.267125287379226,0.316655045113293
0.55767718073912,0.020219402940711,0.543879097650066,0.605379326627868,0.749081501009641
0.886977961054072,0.402343117661076,0.911600964677962,0.636965658453974,0.0778391274798196
0.65464048855938,0.44863414784777,0.309261573536582,0.822874107386473,0.90025229632738
0.940985873574391,0.457486522529507,0.943509694576304,0.737285060470059,0.633942665794166
0.956384684890509,0.825302132434445,0.931203644172456,0.905916910458939,0.742082772398135
0.756328128045425,0.848139012377942,0.689310752775506,0.589050068625279,0.47704198063002
0.574570225784555,0.00581803367822431,0.672236513413244,0.0206268711355103,0.676760817848844
0.0275927360635251,0.460455984954024,0.0735212865964026,0.212317680191391,0.886464631097624
0.98842874285765,0.633975677628769,0.987679048217135,0.836825521440681,0.595934492506785
0.567678175400943,0.661644404492108,0.402517349084994,0.569452876249881,0.259256291465135
0.918974280590191,0.826755584246712,0.870885195646881,0.895429709931486,0.733736270893132
0.748047120170668,0.663160447409609,0.544615517809205,0.973305921832033,0.677663872629637
0.0491040120832622,0.0315800427633803,0.451930488291418,0.200103617701004,0.86816241426277
0.885596149368212,0.528023975988617,0.915232845277594,0.695667390282523,0.231656173215015
0.737769912229851,0.641862903517904,0.66119853858476,0.720986644717386,0.606624931126134
0.44734681583941,0.279643729591044,0.636691601258137,0.492981243433641,0.887451942806365
0.069234665716067,0.555474586057244,0.0618436861190983,0.225153553021779,0.0120941673230845
0.459886477328837,0.071694436512189,0.807889674193072,0.297304999460268,0.401335310336435
0.353881878778338,0.720180415344657,0.0435753170990219,0.0937119481697212,0.241072638687911
0.0924585072789341,0.331360847078031,0.00863708053808859,0.0822765246809888,0.957287877012277
0.54666772345081,0.655789608688792,0.421898584332687,0.801080270673001,0.437622295256006
0.370271740481257,0.754938067664625,0.117377423539238,0.19248114493976,0.214891539741075
0.0576189414132386,0.129501988441916,0.59598252697783,0.385915284348317,0.702790725190425
0.492815244710073,0.487392827315489,0.0702128225985302,0.303908064125086,0.384959903167328
0.531708130380139,0.280535418685758,0.795365244767876,0.500161467430977,0.514825581078185
0.83268384844996,0.0468988867651206,0.207612084823085,0.91347361732596,0.881596298277145
0.576456473907456,0.0795012534654234,0.98763452152858,0.320253806428552,0.0935944408702198
0.0519039719365537,0.37539568162174,0.107342412826413,0.335674876097108,0.903777587023797
0.301247237948701,0.247718638536753,0.260396565972375,0.777027059972523,0.76025811090949
0.48578913952224,0.445434552355437,0.595035036546836,0.483175194143577,0.691237321909284
0.351787330582738,0.681835855095414,0.174487310258825,0.320682654558051,0.0675628800818231
0.282176163513213,0.629561940237181,0.229052153777007,0.365563441671242,0.131877374398755
0.380455039441586,0.689973806758644,0.318129350755675,0.332209849433493,0.192659515509149
0.798688260838389,0.319611161685316,0.75623582259395,0.67996182155454,0.520561910612741
0.435066801030189,0.789380125497701,0.324847105686794,0.210269031525901,0.220989798224764
0.06238321098499,0.278204365371494,0.522672563874639,0.186031291226952,0.846456001308979
0.443914245814085,0.828585835435661,0.320849194110386,0.202864696707344,0.285210880305385
0.354959507705644,0.0142424117366318,0.506854681214651,0.778660949388719,0.789885584876174
0.193810230353847,0.0753192181873601,0.813641624458618,0.211317466056472,0.484759908315027
0.0457410621456802,0.248440194205614,0.712786485358696,0.118934478622617,0.521841983281774
0.15815501078032,0.15928618281032,0.498926079013805,0.110715134338944,0.745177118020365
0.469638619571924,0.463273182424018,0.113675329785724,0.415641990622356,0.543907602987019
0.930319925537333,0.60510392129072,0.88938462814188,0.860668843704132,0.904617597261677
0.752087371656671,0.00470634704106487,0.264197960813322,0.976623190791026,0.913644797255984
0.657356280134991,0.780005682463525,0.535245828019573,0.780110159399453,0.596137293352513
0.344379315618426,0.181643361487659,0.212280557657127,0.352685089481927,0.931336693669436
0.710538301384076,0.594849071436329,0.644829642244321,0.767854807272118,0.487857961998088
0.717788079986349,0.442543742916314,0.697241367153915,0.623167486501955,0.250518197397469
0.0578373349271715,0.638897234835895,0.254111540587478,0.214869366396928,0.147310780797852
0.92815878521651,0.385448654211359,0.930979953467724,0.687930401897702,0.315941408305662
0.939604306360707,0.323725035792449,0.900380042794734,0.710100874656426,0.66672344590188
0.939367050072178,0.915446685306961,0.880904928952521,0.950857918532854,0.775823500793194
0.818273699842393,0.796990396600449,0.739935646587134,0.807495724116785,0.562460554850986
0.468383127590641,0.936943445674842,0.264515848585476,0.138748035152989,0.217688049742719
0.317653013160452,0.422133852989646,0.248645813795273,0.50064502039946,0.291625681245932
0.0318206662777811,0.777142870734679,0.075263321219841,0.0604242276880819,0.122593721869634
0.896341108484194,0.694847178616328,0.789145430561414,0.951722662773943,0.979757592751412
0.537233926123008,0.532357749616494,0.187796290428109,0.585060493864123,0.0423842690361198
0.456262631341815,0.525675102398964,0.332484014235754,0.458217930367471,0.584016597276786
0.434093801071867,0.585403790319106,0.372615723967643,0.344274337528954,0.411566041788319
0.0844833049923182,0.0468095924297813,0.798928067213148,0.318429282014493,0.486431714467471
0.635225858772174,0.165173645043978,0.752780127957993,0.619435345056861,0.548482711572433
0.0723261414095759,0.807789569284068,0.0182733945252061,0.0228106342768284,0.0233447302889545
0.29875200567767,0.326010991615476,0.0358012761942152,0.236584258098152,0.879900701955194
0.306533434195444,0.572903101128759,0.380614569981498,0.361321055758612,0.312024903047131
0.0940249310806394,0.204771124728722,0.266811009730283,0.684017474309347,0.901915190479485
0.770433264318854,0.293593420909019,0.711458664317238,0.809065586351555,0.497337600943865
0.0163882921915501,0.473841866798466,0.0885636488223747,0.201501251011512,0.893440970015945
0.324819242116064,0.411131545930402,0.518778447059266,0.179796905125806,0.612271086982219
0.884621392702684,0.573239452758571,0.834260551376833,0.8294274932251,0.727175185602391
0.592857835814357,0.25670005302527,0.717309749939096,0.390269256785618,0.189349221269367
0.276654061162844,0.262698070640909,0.774973172325106,0.299612594722877,0.507258407043992
0.928940825397149,0.320330811751774,0.941698574792402,0.626615644688443,0.219973015104188
0.0242159687913954,0.381412120797904,0.0972911942843647,0.25617782297538,0.985294149577385
0.253241287311539,0.540051042597042,0.463434488726208,0.225008927832164,0.304616470850306
0.88405912858434,0.271945657645119,0.884159060997594,0.591184659924908,0.170916925446363
0.163056151941419,0.147769208910177,0.245122219341331,0.544498106103348,0.927664072689367
0.386092551751062,0.101154072122881,0.416487295573275,0.375563849156813,0.781585995660862
0.504497012821957,0.949887844879413,0.251030566049815,0.183803051208865,0.242948661238188
0.0978977149352431,0.120632040750934,0.492215216977221,0.0651218439651313,0.792155578528764
0.0747925348114222,0.0195441395335365,0.931802580471059,0.147788082136957,0.326440226781415
0.0560244924854487,0.616805444617057,0.0954993643200003,0.163242508596216,0.147388197045075
0.336342384805903,0.0737551796191838,0.609807745755867,0.502445460565757,0.677262018114561
0.833110792562366,0.364707945525879,0.780711788038042,0.743583624159017,0.470824742602417
0.202812937553972,0.345825035969028,0.0343153674036562,0.276976699661652,0.804091183264973
0.686545813223347,0.0607194007898215,0.331894596880817,0.975665709356882,0.828957202931633
0.607690148754045,0.588311301165959,0.241917252305221,0.677842678145522,0.205507202161243
0.235483130905777,0.936090306466212,0.122662250925786,0.0535125274429606,0.0834139355865773
0.891926405252889,0.92833481208072,0.807667491673399,0.913337205614909,0.647663766430924
0.822767233476043,0.855421699845465,0.750989293140917,0.752425586413122,0.518777946330374
0.543402176350355,0.256253740837565,0.49381983192986,0.620387246749919,0.555727876577294
0.30329710431397,0.0882185123336967,0.798324149802142,0.367514625728458,0.46812339455937
0.281359370332211,0.871188669552794,0.15203957808491,0.101971472377181,0.14021993658389
0.0411688615567982,0.158536851900863,0.627838816151476,0.264981521442383,0.632547263550805
0.737794341053814,0.283158103266032,0.583900358806073,0.888269267486506,0.474115121149225
0.0274199687410146,0.317743938969215,0.142694691511336,0.393049905638153,0.97666793395183
0.646176995011047,0.899358099588426,0.46391119670992,0.601411085113487,0.411342077335576
0.407761217094958,0.201833515107865,0.235373684825105,0.555328619740437,0.867366678983672
0.623507229611278,0.77843041086453,0.506514746232229,0.771925878843917,0.51552703868947
0.785744367400184,0.607107916875975,0.687704857201596,0.915595125731787,0.951475549751194
0.339198829839006,0.27473776662373,0.54909424472127,0.296131743801355,0.773356866528047
0.127372981747612,0.942820111784386,0.0202149254996229,0.01154090374275,0.0130408051481936
0.204950579674914,0.098806375899585,0.248454119145052,0.846978570875884,0.901793074590387
0.949421596946195,0.39823237710516,0.942120027710729,0.720039337908032,0.618055088067194
0.341821849578992,0.00054988483316265,0.233855051716761,0.997667224601103,0.954109198617516
0.632670769235119,0.895610660576494,0.45806181331212,0.600106052532343,0.346585930878064
0.311032275436446,0.114085072273156,0.169580846201434,0.709088355925499,0.938352501165355
0.404102889588103,0.375679894263158,0.6905336154478,0.35793652102497,0.315977218415355
0.946618600049987,0.613671870931285,0.93061007080759,0.836234076098329,0.862229604827007
0.895100245950744,0.93138235641527,0.796764199437142,0.933759783328462,0.663690404413501
0.096441681496799,0.884903578233207,0.073169359020995,0.0421223905355767,0.0466105520899873
0.194068595767021,0.518780486978358,0.0961132402700991,0.273420631302813,0.299558795784833
0.274750980781391,0.325998200423783,0.303874131802836,0.480336652582993,0.872655946266605
0.313178988173604,0.955222829856211,0.20565802934649,0.0461618661605102,0.1127869716438
0.519377222517505,0.242155606072629,0.700515510593571,0.404361197293451,0.443415899091633
0.807052693795413,0.467724332673242,0.5079280358907,0.984602638985107,0.730460843216861
0.652870233403519,0.515008576534456,0.785985864447282,0.436689914587469,0.0437335713941138
0.986022764351219,0.985619930987014,0.951112321526935,0.996599615646209,0.93947325120098
0.470254600513726,0.699625140841817,0.39608505543155,0.460080067692342,0.158427193324314
0.869227933697402,0.493561510025756,0.871108338553505,0.763477429306982,0.893371218262473
0.116085859714076,0.400622894841945,0.0994395445971952,0.301643967946315,0.88304396418971
0.398044029483572,0.207241962401895,0.277824730152056,0.449718171781715,0.872917077009333
0.155965025071055,0.68357795177144,0.439474121172158,0.0779302381915677,0.415283639886184
0.226768212625757,0.930524622293888,0.238849023943502,0.0160084005626353,0.172037628857652
0.255833278177306,0.291343025310198,0.083055356646545,0.36779046210967,0.917940495157382
0.808070014463738,0.280875864060363,0.482797842468343,0.772316427945957,0.414333929744316
0.210700150812045,0.572569265699713,0.243561848591152,0.36236031913211,0.649289526714711
0.02544786920771,0.112720737437485,0.0593745660491898,0.704030480565395,0.996008372021606
0.0701320385560393,0.536696790455608,0.204566545971948,0.240623821345277,0.332470272289356
0.293311293004081,0.553156764566666,0.518846766639702,0.172034450417553,0.30317167143221
0.991047415649518,0.217575080605457,0.934638465737625,0.653263315517909,0.0557036389654968
0.661378197139129,0.809165439306526,0.552131380279925,0.635410295228199,0.514053176651942
0.387704738881439,0.235089775029337,0.12685658821873,0.469321032773095,0.922196982632158
0.0219802549108863,0.234228813584195,0.0853329425296789,0.441527462751683,0.993998610443668
0.281969625502825,0.146314259181963,0.690936340495002,0.551354056563083,0.615647637023358
0.471378270303831,0.260816929774592,0.136408687455097,0.492795811655217,0.848146122618346
0.143306024605408,0.706253063661279,0.0459826713540266,0.0759620003782094,0.122923791903304
0.785341538256034,0.660344773583347,0.845399880618392,0.592543431720358,0.132294257957255
0.85864815604873,0.711838349205209,0.794484918652924,0.883758072098081,0.832238350907573
0.457963757682592,0.120890009886352,0.700001900971312,0.593412232791216,0.56154920431436
0.328834508545697,0.98352061866899,0.204527684753547,0.0171772636622754,0.116560903989011
0.283763677114621,0.0805250589910429,0.173464465530298,0.730446500990436,0.945162678923225
0.356695430586115,0.291601814242313,0.691119678239997,0.315914926191725,0.649217937752837
0.85119762038812,0.310384492768208,0.694560246780175,0.87394723327852,0.806198078586021
0.888132181018591,0.961037062661489,0.799270220070491,0.897588987966206,0.578177842631703
0.16102178604342,0.285362585244002,0.174290625223547,0.745014595934089,0.797646797873313
0.118115272605792,0.805245880241273,0.056503603601121,0.0623921169514127,0.0597764603735413
0.128455453785136,0.0042980677972082,0.467948458201672,0.25190518086256,0.871351023815805
0.826418660348281,0.930101279256633,0.687394220890269,0.932349584484708,0.619923396647209
0.0855436765123159,0.433291740395362,0.0389626433139345,0.173812852487552,0.811472334928112
0.392437460366637,0.531818802148337,0.0814630930721368,0.281754757704189,0.0864149409753736
0.367305267602205,0.0869764002563898,0.768252287505843,0.232261063012443,0.531492728827288
0.313925738213584,0.48037929306156,0.585906899606832,0.48411280689689,0.747275015659397
0.375847357325256,0.35293724652729,0.326934534959609,0.732775472086114,0.456678133661626
0.976284769829363,0.879038460348966,0.949694604856727,0.956439666873371,0.894498121371726
0.255556502379477,0.191493882535724,0.408977782216551,0.507336552855665,0.800227609957801
0.35682264668867,0.853368249110645,0.192047628839411,0.149335596611273,0.267983054654906
0.820460051065311,0.841554595594062,0.694218078584593,0.923808304492485,0.654983994521899
0.794188670581207,0.856743858224945,0.642158144039643,0.971485592180637,0.696651331876637
0.435894750524312,0.330108689464396,0.851311577753881,0.412014266263331,0.210805165261263
0.265023086452857,0.382182585919509,0.143325102557708,0.478139507194174,0.692848063801648
0.871801276924089,0.168789713730803,0.840843087742551,0.517750722954159,0.133341901033418
0.199452459346503,0.74997142815846,0.0243666772586901,0.0394783266003455,0.249299927003449
0.456640370655805,0.852569484006381,0.320888541449454,0.253107689782019,0.336914015031653
0.469431843375787,0.589229811070254,0.485559295343602,0.536860564792542,0.977109802566702
0.873321671737358,0.715998336585471,0.818363803553842,0.862046537025165,0.735540665482404
0.525589887518436,0.652423897554399,0.43458054068282,0.643559713285101,0.911140948970569
0.316619001328945,0.172484030277701,0.656221293381146,0.273069884583906,0.560310189408483
0.237882784800604,0.533774858078687,0.294357990336754,0.307886548613408,0.627865514979931
0.149847067194059,0.337445112265414,0.708486576832074,0.500767109309343,0.229531060700538
0.0964829409494996,0.573245878709713,0.0543614644877578,0.148261179025491,0.235141866753111
0.398159204050899,0.943845880829031,0.242319793049832,0.0985778331227436,0.17456162799499
0.717964292271063,0.483071576833026,0.534976306458019,0.900164237206661,0.360368690773612
0.420276831369847,0.607058143854374,0.416341761575375,0.423510313094946,0.736856232251739
0.808814827119932,0.539062449213816,0.761624464495714,0.825993498301895,0.932081861799816
0.744430896826088,0.404036778811133,0.763991445293396,0.588620560954484,0.140971504413756
0.341548056807369,0.423495402937988,0.0742520612150827,0.212224238927108,0.86008247526479
0.657025067135692,0.435239856393309,0.779625897730948,0.557617183830679,0.41235353591037
0.281955318758264,0.707805199519498,0.110985884361999,0.17494148053965,0.107121808599913
0.504517722642049,0.455452863097889,0.543682984887503,0.616449207200856,0.0337522570334841
0.857616084860638,0.490847341105109,0.895585513016065,0.689836270587271,0.311018982582027
0.659771356964484,0.662900013761828,0.424091246950508,0.911648598372834,0.982275030313758
0.0639421162195504,0.147556381445611,0.964026374980877,0.283326062873411,0.3448011475557
0.567054455168545,0.613040004536742,0.54005525240357,0.685941324539091,0.789184480992844
0.659139975672588,0.147482518659672,0.480702816923996,0.70263665515232,0.672266320936615
0.806774565018713,0.614204982615774,0.626852328826833,0.986460509911108,0.998108265019255
0.352862195111811,0.478429092705483,0.548142257985372,0.405552957114418,0.696598558773985
0.933981846086681,0.895962996262824,0.819014060329831,0.99467034577558,0.997384637448704
0.991007242584601,0.156110857700696,0.994194471273077,0.515400809159294,0.02128338048351
0.427587946644053,0.0272842934064101,0.574224251474342,0.564094843464792,0.710946982173482
0.384190574288368,0.0944586259720381,0.108435362184323,0.663167538989095,0.961435388046084
0.751144849928096,0.105311222170712,0.824487346761856,0.430209761525128,0.386004645522917
0.414029135601595,0.190496616676683,0.619510464678678,0.427509393092403,0.610441035387339
0.0870533925481141,0.390200627763988,0.197286629433109,0.389086836946455,0.84932583590853
0.0762139742728323,0.943883604166331,0.084376218506747,0.0243633365909592,0.0445468820107635
0.197463559685275,0.434186740225414,0.230966073640331,0.572390013505275,0.596684421907412
0.737303758272901,0.909994167537661,0.518654375857791,0.944225129070547,0.510724384250352
0.697721258038655,0.64245292058331,0.711627887377962,0.617407090772363,0.478880924958503
0.164232137380168,0.0187384965538513,0.86490063431163,0.164231177268506,0.437207772076363
0.955958958016708,0.520398006745381,0.956231280789813,0.784205139644771,0.820261909888359
0.0662903205957264,0.0377697985095438,0.429393963906551,0.523986055562062,0.85104924326879
0.240479711443186,0.271523059898755,0.263223263704991,0.612788441775096,0.792929614166496
0.0929636312648654,0.588517568161478,0.166314981326066,0.187239410896902,0.394703137077158
0.371528841322288,0.787195730285021,0.122618283193299,0.180690629597099,0.237966898042941
0.712273291312158,0.432203274598578,0.108673342882325,0.510167685115527,0.107254308793927
0.473287410335615,0.427632782055298,0.431253659855189,0.598853434885979,0.421108058973914
0.806009100517258,0.244540503335884,0.412265888055174,0.944772685752579,0.496315315045649
0.740621105767787,0.398133019771194,0.767567558689847,0.661882989568733,0.331457566557219
0.807636709418148,0.268347947188886,0.790659728143855,0.547680948788117,0.115826920460677
0.911300558596849,0.817489630571799,0.862536501230705,0.898255737525416,0.788320122548612
0.636386642465368,0.0327253829163965,0.762622132736208,0.209608746996241,0.486622069700388
0.601241774158552,0.28451671966468,0.768618339130285,0.370376351051812,0.256525906705065
0.992062030127272,0.352552865952021,0.997713990848352,0.682434179415889,0.367777132632909
0.235900019528344,0.478442612540675,0.0203613258084968,0.124112452242475,0.200831266673049
0.775858797132969,0.0565854850865435,0.427993633446194,0.956319991284608,0.763066964544123
0.669169545639306,0.47964401813806,0.674278120178427,0.738590572628673,0.303630484588211
0.152309440774843,0.38609892615932,0.158870430614922,0.321007215170514,0.961029223777587
0.291308936430141,0.453110352304066,0.176944849516948,0.372330788802802,0.698146966838976
0.0846252334304154,0.496215480059618,0.318683174327199,0.302652007474282,0.306573370966362
0.925727456342429,0.957520648516947,0.843726019856767,0.961099458804922,0.71454736762098
0.148615713464096,0.376812731061364,0.369682233477135,0.109094564139288,0.973725829069735
0.902386241126806,0.774144857394276,0.863133187792019,0.865690576969365,0.778505345777376
0.796965864254162,0.10300344627467,0.644695796238739,0.677904351080081,0.54325221219915
0.175576420966536,0.585739238391398,0.0026717682207254,0.0100873595280667,0.704485188791296
0.901149142067879,0.823650960199302,0.86178345610505,0.852875672774989,0.662294180801837
0.013389827683568,0.0396349799411837,0.428330675930932,0.49589218578576,0.8781185830303
0.58103459700942,0.16288043485838,0.296667345743183,0.967232405762879,0.77678425933118
0.207582112634555,0.876454608311178,0.137482435634754,0.0622968856187059,0.150953988864785
0.533069546800107,0.699744602869032,0.46496012535421,0.428726382940496,0.162930776103167
0.378782828338444,0.665807078272337,0.192250921722145,0.293836922618263,0.529259804316098
0.141488138353452,0.741564196912805,0.0778422113215835,0.125486539143237,0.00611682931776159
0.434161399723962,0.0481070545210969,0.455561254628935,0.356861803633348,0.809563411778072
0.538789441809058,0.000871575524797663,0.496763653861793,0.329814230705181,0.827189014438773
0.393187468172982,0.874448341346579,0.339172574017838,0.11626329640561,0.203115466429153
0.740195240359753,0.971448050782783,0.547307370022819,0.484531430842039,0.408339507965138
0.263065476203337,0.29708011818002,0.585776849823939,0.600519293259376,0.224012634222163
0.0717290819156915,0.482694275124231,0.368871052235864,0.220547452722939,0.840597763512051
0.619990736944601,0.934255326661514,0.401397188810777,0.435238630410984,0.340756994235562
0.196569590363652,0.589937231765362,0.209551862660159,0.195360046692613,0.942535694077378
0.724771112203598,0.770632249681512,0.686356334923024,0.69936019819715,0.603718937753001
0.557491804938763,0.54585790654528,0.353586046477521,0.728093701959287,0.205666293593822
0.442087951116264,0.745479638426332,0.418140880286372,0.335569818045897,0.324423354439205
0.648713045986369,0.946578846458578,0.394096491792586,0.705535677506603,0.386127677717013
0.559738347772509,0.51515332199051,0.542317499387409,0.546915685904998,0.57572581290151
0.716831014491618,0.670548768510344,0.670042402823665,0.619934806241029,0.551810592791298
0.287879034178331,0.651141329464735,0.218636433461527,0.33741775244052,0.116076422651531
0.695878641447052,0.339343064668356,0.832249549445053,0.53977078601117,0.168172010133276
0.959780777338892,0.771725879312726,0.927777185872071,0.925608310145195,0.95255209019524
0.0535381778609008,0.863065494311741,0.0531553700642114,0.0328653676972475,0.0895617374626454
0.561653427546844,0.812625399237731,0.391114069250844,0.693147568001978,0.296605323877884
0.976422901265323,0.505831125687109,0.988152379474384,0.744384766952925,0.263162527146051
0.0182218533009291,0.0323409438424278,0.938506788919854,0.144962225159423,0.42745978795574
0.630984365008771,0.122228982829256,0.151949034175119,0.870921440983562,0.86934345177724
0.201428530272096,0.129385945649119,0.308779410028937,0.908362239933509,0.833747527591186
0.685204265173525,0.884699974994874,0.424733402714893,0.926844489946847,0.54002489123377
0.484509252710268,0.0478689887386281,0.130618222671562,0.933517702523996,0.943784751783824
0.74946353957057,0.483263489819365,0.752209349810091,0.757172832537693,0.949064291751711
0.179587691789493,0.76537230759277,0.00290159477674956,0.00677803979741707,0.0383154215232935
0.612025779439136,0.213640228233999,0.801484893053235,0.478800034479999,0.285063370392891
0.347645534900948,0.720932300115237,0.290160396877813,0.285379434238487,0.627295326004969
0.228669953299686,0.0344483141379897,0.0502520070006888,0.903414176964403,0.987297086423496
0.335442630806938,0.36215458062361,0.78834918739062,0.421637596845736,0.436516341957031
0.440105746733025,0.585756966931513,0.137933599277003,0.472325462293085,0.071590989100514
0.87786415591836,0.821630747494055,0.844735484817354,0.772593391063498,0.518290648673428
0.504509248770773,0.984194722521352,0.31338334015715,0.0181110444697407,0.223351061664289
0.940084515837952,0.617480574728688,0.883642254493061,0.89781944523439,0.987409451830899
0.637922510737553,0.913304677786073,0.451324132038791,0.556843655174491,0.403088833292713
0.098651263397187,0.15810853583389,0.431529305412018,0.590291783305223,0.799357021955075
0.932862976100296,0.955678802536568,0.818264442726411,0.996138641119507,0.942519522010116
0.596910558408126,0.656582184456056,0.471887843495333,0.727563702825302,0.610398460616125
0.972709439927712,0.940094037359813,0.938564346587492,0.967225165357729,0.795250822993694
0.52775888168253,0.0286519592336845,0.53593685138632,0.422353357494193,0.742449682176812
0.240074634319171,0.345832280610921,0.41169945051102,0.310700735435145,0.724361586821033
0.827435981715098,0.945433765329653,0.695338283817013,0.813517435715168,0.552733165124664
0.353743988089263,0.551076700881822,0.156387665976619,0.488733247447554,0.038534165447345
0.804802812635899,0.191542055137688,0.254859433422161,0.696964053390612,0.74309145231382
0.465499152895063,0.989488788618473,0.175658120937052,0.0494399982613962,0.170653838576982
0.526813413947821,0.400965845299652,0.110902131979762,0.47572044607384,0.150885204639053
0.707689058501273,0.570416000467958,0.688124939635295,0.659640934614138,0.10101470319205
0.221254212781787,0.248238863627193,0.538085558982473,0.165479001835036,0.946909018413862
0.210821084911004,0.206256563920761,0.516687994046774,0.21432788775729,0.766405989328632
0.979733955347911,0.601996460900409,0.974697446511999,0.831202845345211,0.674706301564584
0.833337677409872,0.734056730550947,0.797332885878098,0.768215300379703,0.62642997855437
0.145241144346073,0.663266767893219,0.0392188549374072,0.0808541443973264,0.205587746546371
0.701872552046552,0.776378186739748,0.605528691686052,0.692518479800168,0.449366809712956
0.534610536880791,0.273626346985111,0.625471889076422,0.648853321665804,0.350673393433681
0.816300779813901,0.401218056184007,0.863573393350142,0.645488076802553,0.217933617153903
0.186651309486479,0.66541308464366,0.0481090564790207,0.109387447095672,0.0780980469135102
0.726920987013727,0.75680285031558,0.602615772843517,0.862090226646252,0.62579076786642
0.537691521458328,0.70095669964212,0.479688552190229,0.556563775992129,0.432677632634295
0.400813663145527,0.474473954207497,0.156503066173035,0.544735834712952,0.00988034033798613
0.510417421814054,0.0360704631602857,0.442580862459163,0.466070794312843,0.813527218735544
0.701327281305566,0.987952895084163,0.467775420506621,0.360106264990372,0.394349504291313
0.68933665426448,0.535443115019007,0.758714363816789,0.541966331642348,0.165122815727955
0.241859934059903,0.310145548748551,0.353742428144943,0.703116966808317,0.68572743065306
0.775766272330657,0.40143237853772,0.894240364091066,0.631457814942642,0.56973165992531
0.988811942283064,0.324612849828554,0.962999910929442,0.722386374900996,0.083141455805162
0.0562665776815265,0.965911714505637,0.0323351585196439,0.00908637102123282,0.0219000589859206
0.582520901691169,0.98368439290789,0.305394680720983,0.140828735609617,0.257168773765443
0.0151986076962203,0.224247435020516,0.61506725839163,0.0431240904039612,0.902532889303984
0.355321811046451,0.841065473068738,0.208948989731837,0.20815055299056,0.211448241811013
0.863785434281453,0.899863359431038,0.772880316337548,0.88506777217645,0.637578031193698
0.358752334257588,0.412525740131969,0.220259077929749,0.480063446014298,0.734312462125672
0.217620048671961,0.825665563956136,0.0269162311249321,0.0385452851269047,0.0595389736408833
0.154902590438724,0.264329228404677,0.0358236381226332,0.257315359955907,0.974359109037323
0.75645942799747,0.51464958456927,0.801838487486664,0.723983709872818,0.871158659370849
0.169206649530679,0.607450100156711,0.15815641068209,0.100369669141822,0.996432639978593
0.796437410404906,0.563570604164852,0.784303993292639,0.738997618614093,0.604370476241456
0.774462088709697,0.635193315189099,0.764508460289512,0.695442683691516,0.526068975712406
0.586647609947249,0.462482911447296,0.54024067284288,0.406312150012047,0.0780142500007059
0.187306068371981,0.732417800667463,0.11016149442247,0.147009336005605,0.175469962967327
0.662880621384829,0.828116991237039,0.486318157817544,0.872077400261499,0.512845592544181
0.501335386652499,0.786890970164677,0.114290718947887,0.242888217806593,0.391402030800236
0.210251368349418,0.520923751260852,0.236330555157694,0.273202253330791,0.819491759611992
0.366956155980006,0.882924416539026,0.19300112663249,0.155985011973618,0.14820669151959
0.939345817314461,0.334832126478432,0.956173210624741,0.664488393953163,0.356205816642614
0.984680854948238,0.870682640612358,0.965979445727941,0.960241657653526,0.932111374888336
0.669929711613804,0.00376705816597678,0.229531425232461,0.975378510265388,0.926273388002301
0.824905575718731,0.628762128850212,0.838430133154563,0.713317681617402,0.54873316254816
0.0428491176571697,0.838528541469714,0.00436283043630176,0.00547615537382266,0.0137204660277348
0.0641568810679018,0.0341299953579437,0.16776272553023,0.890155245866729,0.97976784282946
0.649882877478376,0.16861424423405,0.949288848943842,0.509759948815977,0.353807612991659
0.609620242146775,0.672431951825274,0.606877536085059,0.519096414194181,0.393075406173011
0.655565683497116,0.308946425648173,0.664950206712811,0.633840034211883,0.440773824666394
0.949172535678372,0.659030165785225,0.91405187685095,0.901659396872855,0.998839726875303
0.0813347357325256,0.257511974981753,0.132017498779771,0.354414740968733,0.981359032652108
0.539438991807401,0.297407412232133,0.256823364258192,0.35984954417463,0.81444834251306
0.147480923449621,0.390104769408936,0.289631485794332,0.732359593910483,0.521353251271648
0.281659894855693,0.943697585520567,0.0601121750745059,0.0322989434004126,0.0838812080619391
0.290315300459042,0.907989429455483,0.0426639342357596,0.0361859916372766,0.0660754199780058
0.458720041438937,0.697393288457533,0.373635597774321,0.423438883318788,0.334897991240723
0.849958718987182,0.443679780961247,0.840121977626968,0.720410021670959,0.693408274353715
0.767304479377344,0.126538453187095,0.485475806727075,0.890891943060477,0.696082020265749
0.111759674269706,0.229025011736667,0.396276122815955,0.673294983302746,0.741725368920015
0.443473091349006,0.0950625334808137,0.221154583621414,0.916278013749796,0.887049144512275
0.162970191566274,0.0559052515600342,0.325484823585828,0.670796658426497,0.895516495074844
0.226258700015023,0.00261943184887059,0.738328848206335,0.0738431183102558,0.661787182296393
0.719129528151825,0.669903428206453,0.626174370644102,0.742422486415761,0.483199260459514
0.79782042093575,0.020426297938684,0.669012244400299,0.458677658436881,0.62460097760777
0.469740462489426,0.822643080289708,0.41883080933608,0.141618914853012,0.307555857143598
0.247774481074885,0.470051052892813,0.162179934842815,0.41643947630251,0.345265815703897
0.369193554390222,0.59024032324669,0.724266377221597,0.271449199145753,0.0708808073832188
0.926869933959097,0.462263335037278,0.856069855411059,0.771088566011012,0.0592006353836041
0.50844512716867,0.0577002343779895,0.437957366043084,0.679640078238482,0.783203933999175
0.0434033968485892,0.940112682554172,0.0153144936848201,0.0079018698034495,0.00224667388829403
0.763085966231301,0.843234336207388,0.663634735667876,0.691664582543858,0.495877181791002
0.842570768669248,0.266299783921568,0.929212468252021,0.517244846334632,0.117035361967282
0.507661720970646,0.149543083243771,0.673237821077434,0.252559404210035,0.496087226289092
0.832403219072148,0.343471298780059,0.857482460479536,0.601925673041294,0.207052316196496
0.204252953408286,0.78576975534088,0.111736210339181,0.134098907945282,0.0807338906161021
0.14241688977927,0.206692122708773,0.0142476344990367,0.249886126101154,0.980449595401296
0.631781410658732,0.188155908108456,0.310363601211186,0.916656432519338,0.729494758445071
0.0554503232706338,0.267739776900271,0.457785803655963,0.192387294131202,0.885328378382837
0.539075538283214,0.606756831024541,0.455317867887169,0.602440235481893,0.631012640224071
0.444422548403963,0.184075605327962,0.623392613979093,0.544887863335726,0.540731290966505
0.965565103804693,0.729385079554049,0.946773188306155,0.896796990104304,0.920722483569989
0.19549439009279,0.253376502456376,0.350585352195104,0.37787007267821,0.880086870893138
0.238657626090571,0.491920021275291,0.158789896991743,0.313120808146738,0.565271633764496
0.748729065991938,0.986317335191416,0.542186570738393,0.570437774156995,0.427383329864824
0.536800230154768,0.719691286183661,0.391151124944719,0.697919051422529,0.304040645336499
0.181965941097587,0.654364753252594,0.0983230025383249,0.136553674936761,0.366706696135225
0.306158187799156,0.470145466533722,0.229783782160676,0.490216821192133,0.230144594941521
0.927524058148265,0.683210488205077,0.921715986142721,0.791880952836326,0.47889638543711
0.418578763492405,0.640036331111332,0.477451018590918,0.275895217247082,0.805426628998248
0.42407428403385,0.771155068679946,0.329826773004811,0.296396622564814,0.259853113413556
0.360132291214541,0.237278515676735,0.308848015159667,0.745519746755685,0.776360866468167
0.716820135246962,0.94946656972752,0.498447669916003,0.743072569389441,0.430394484865246
0.2853208638262,0.194443410931854,0.350849793947374,0.71199165269465,0.805152713001007
0.189107352169231,0.839118956908351,0.127633209827216,0.102185865463754,0.0879041219886858
0.944665004266426,0.658099383610534,0.927815433028073,0.830807759355485,0.627620447688969
0.0989418516401201,0.915523146017222,0.0858859192416758,0.0344246885395331,0.0665507287776563
0.775486409431323,0.0887033484468702,0.0817363757505568,0.843340188357602,0.919505250029033
0.282351292436942,0.698985360242659,0.0585504989298627,0.13244497625106,0.0386045245395508
0.375451365485787,0.165479812916601,0.107658052330153,0.556740445689747,0.946690992714139
0.80078091006726,0.398547665419756,0.506333987151325,0.972891611261475,0.098383347998606
0.887175590731204,0.406409202230861,0.925004384011949,0.662543264995148,0.398799610411515
0.567827717168257,0.00654147521709092,0.26443934985479,0.937048437751712,0.91552239478915
0.404586862307042,0.93362239774433,0.287105060842204,0.0744343114974462,0.226395874255104
0.652038821484894,0.0128351592866238,0.166167528589021,0.973162119742478,0.939355719398009
0.819580435054377,0.00978106239927001,0.973517252499112,0.145167170131635,0.0892541354696732
0.418442407157272,0.996782237401931,0.21741663745208,0.0134956255932747,0.160392974707065
0.648048465838656,0.693197110347683,0.644723106463207,0.647439670594622,0.418371797859436
0.839564242400229,0.814200963155599,0.750618578219863,0.877338668567125,0.680489508988103
0.299535213969648,0.925413521035807,0.157023536163401,0.0790450238146621,0.124105485941982
0.093518209643662,0.982586397585692,0.0767890532142316,0.0118314779462503,0.0400787449616473
0.983354878844693,0.933045242767548,0.961848911181339,0.965497262621978,0.78785475352197
0.245449866866693,0.99698139555403,0.0730034499352946,0.00530637089463183,0.0945802272472065
0.910626651719213,0.945581421343377,0.843168769030886,0.911818790787091,0.609667840850307
0.948831147048622,0.551278413186083,0.96039020271809,0.743455775411777,0.185680047346978
0.146194975357503,0.459470959176542,0.129204285190784,0.260071637529489,0.841334310389357
0.936909989686683,0.967207382869674,0.850147937107022,0.983623185095588,0.794235615961952
0.227510388707742,0.866511934524169,0.102990515527566,0.0808449107736606,0.103936150466325
0.0930873311590403,0.960011727729579,0.0160150317964005,0.00746319124381183,0.0051236960280221
0.501029600622132,0.0370540352596436,0.0985020469533071,0.872120251935154,0.96418298597564
0.509339520707726,0.358309354138328,0.141870258539547,0.331163836747567,0.661298217979493
0.413823366397992,0.98578971446841,0.157579091853926,0.0395181885918917,0.168019935401389
0.454616404604167,0.344118850567611,0.722061535209199,0.504609370955326,0.569419831183041
0.60005543846637,0.807843613350997,0.438265872084562,0.606915140840153,0.413446119317086
0.618549196282402,0.445793001359561,0.403942241878528,0.922185949651939,0.144805654213997
0.906730280024931,0.505502810963662,0.935674097734368,0.677225177121639,0.14393652122817
0.614266844000667,0.370173625211464,0.466922717401158,0.817881354693758,0.105563561985036
0.900744020706043,0.438613845064538,0.889402968072929,0.746187343411126,0.897889438696438
0.0227080087643117,0.970163983554812,0.0345799819537495,0.00830014575631358,0.00206980531220324
0.469774610130116,0.785227792017395,0.136407770198964,0.267219013008801,0.219447540381225
0.960968205006793,0.111643758282298,0.889394330010519,0.485654795656562,0.200366863544332
0.699273888720199,0.345762176060816,0.429132064688004,0.928756465834678,0.0665819770365488
0.622632031561807,0.257790985022439,0.688723908654893,0.584952002533487,0.249766210647067
0.667503262404352,0.675480567646446,0.418364931478284,0.917147030062784,0.661236083920812
0.858126176754013,0.682404807739658,0.811328456080362,0.8158772209946,0.602447072014911
0.690665289526805,0.308670533035183,0.370696214446291,0.94482484482147,0.595886438415619
0.446873884880915,0.527559444570215,0.282179318018856,0.623266041182608,0.197613322612597
0.0959178884513676,0.339743963530054,0.548319916146921,0.354018060752497,0.393581371143227
0.439364565303549,0.637818157178117,0.558897652006761,0.386523083915892,0.414753700926667
0.737728354288265,0.31159842966008,0.693638448230583,0.678320019138041,0.440366771159461
0.860417017713189,0.00851554519613273,0.24224866486938,0.985065316675611,0.905175132647855
0.0293694839347154,0.982923037925502,0.03751863656829,0.00593164093481675,0.0265516743820626
0.391407550312579,0.199623552645789,0.755993764239173,0.451128381287151,0.472580579138594
0.881573030725121,0.758290760539239,0.837898382895687,0.855787895697621,0.762839302100474
0.0549985580146313,0.234172723401571,0.348388718590785,0.459329290897935,0.893390923301922
0.786524542840198,0.906365032627946,0.678485417938734,0.747106214699112,0.517938814969966
0.760476824129,0.843867784104077,0.645669003765636,0.747655322752617,0.500738727714634
0.892244894756004,0.274668393278262,0.959581404612879,0.589056658650366,0.366565457399702
0.823007309343666,0.63321760747931,0.59801676571087,0.992275308617116,0.925101458240533
0.0552796355914325,0.338507697189925,0.662040362259248,0.214994698067153,0.827562268153997
0.213692382210866,0.00614116594078951,0.814027825710752,0.039338235255842,0.550516845163656
0.977186851669103,0.152606489864411,0.958011778963646,0.531703972285036,0.126242914731847
0.367994916625321,0.0503571151930373,0.366117784621138,0.58892514891563,0.857853674649959
0.920116734225303,0.976367073919391,0.822940848417376,0.970978695152672,0.689981012401404
0.537175088189542,0.921721343678655,0.422002564852817,0.207660121323079,0.29763248146628
0.0436920360662043,0.804901339957723,0.0238053052333118,0.0269029049371628,0.0510371856798884
0.338119070744142,0.80904660091619,0.0309469334386463,0.0570873095449478,0.0616655645135324
0.285710331285372,0.265330707508838,0.823397322319355,0.428352722108667,0.538309230149025
0.191018203739077,0.388286127737956,0.126879475560866,0.392846470999814,0.786244615301257
0.803318656049669,0.645291540859034,0.733849146110222,0.839887033638203,0.720740955875954
0.592476220801473,0.98739736029529,0.342080580095412,0.0997493827089465,0.303015683573904
0.382042655954137,0.497592276573414,0.315033253773995,0.68674834904576,0.395711457094876
0.00468759355135262,0.981540343753295,0.00578890269346005,0.00113375674964877,0.00433780849562027
0.289827191736549,0.0273823176685255,0.468632133023339,0.227832386333958,0.818912652001018
0.116257202345878,0.140316845994676,0.80870211481855,0.265284387135088,0.426254482095828
0.763556083198637,0.294319834880298,0.138733661163849,0.704320967576101,0.567418445920339
0.646926766028628,0.337991557986243,0.64844843802927,0.696267374109023,0.568192293896573
0.525241703726351,0.849035371822538,0.486005915439001,0.0912969803457476,0.253820212878054
0.767191674560308,0.767606185487239,0.589734365159275,0.976910417850657,0.652561489579966
0.933147292817011,0.987014424434165,0.823564287846212,0.993388891236179,0.788419005664764
0.649199480423704,0.745108926406829,0.619094852946859,0.620307394353432,0.486186532856664
0.773302589775994,0.612816228618613,0.770489307102027,0.639541734798757,0.311032555386191
0.57347884750925,0.283634276216617,0.274952954761771,0.76742801400657,0.705455830408027
0.170386269688606,0.54142706390121,0.191996867052775,0.354384422662773,0.202503460895969
0.15890822513029,0.468251623824472,0.39960120874103,0.294979485170933,0.382163390720962
0.286438318435103,0.149277059099404,0.614949668069096,0.345034739027906,0.647397772205295
0.383535851957276,0.428418513940414,0.170062636105385,0.628183297106114,0.116901822475484
0.75647781114094,0.4322541783622,0.684215210979106,0.742709615466529,0.487732283218065
0.083172629121691,0.163365669286577,0.318451068330405,0.861841420544336,0.858692227950087
0.122792556183413,0.993267492362065,0.0400977283255742,0.00450544276293048,0.0463002383185085
0.322969018714502,0.107024377415655,0.837300243343394,0.395398846159267,0.368980232829927
0.224090049276128,0.39183516704361,0.0286942255297211,0.133221078421581,0.915162281162338
0.177790855290368,0.860077755321981,0.101441446599662,0.0779706562573652,0.0415593493671622
0.257541500963271,0.822949427383719,0.163809270841413,0.1307890188523,0.154752944101347
0.545646350830793,0.118749034329085,0.260108455193463,0.841480594021577,0.849272958264919
0.35941514163278,0.471982753515476,0.249868698365014,0.619527980930997,0.630014824302634
0.82169824372977,0.672771370183909,0.722005544545781,0.930880174729077,0.908455092605436
0.132376912049949,0.551877500925912,0.2341449247805,0.193640006539285,0.989120610203827
0.283014382002875,0.0236823424638715,0.806829543847916,0.0689431786929347,0.509353827539599
0.260180924320593,0.266920194524573,0.770025289110251,0.47877510574355,0.313900910754455
0.0941330587957054,0.957240873278352,0.031627994469837,0.0114272607319058,0.0378610569459852
0.614440795965493,0.223767574731028,0.769602089713102,0.43893249523194,0.296736779419007
0.154655849561095,0.126039682800183,0.467600737996659,0.317036867927413,0.784881744213635
0.388482146896422,0.506405534135411,0.436232359925824,0.488318629602069,0.662522393249674
0.862380807986483,0.588675321516348,0.796472817471706,0.864950475432124,0.807082382874796
0.651222004322335,0.767997253482463,0.580049640095955,0.586693199687126,0.536328068963485
0.424254139885306,0.326732054440072,0.660934739879969,0.305651515371653,0.287827972526429
0.819417224265635,0.809657631936716,0.730633104304296,0.872592619649112,0.699581084918464
0.343249330297112,0.479862990585389,0.112255114320396,0.312719613071392,0.641122413246194
0.0345079409889877,0.110347869544057,0.382206492915755,0.513377875755498,0.885687449859688
0.968749957159162,0.599083418288501,0.962407267456559,0.8301867334195,0.848176123545272
0.764734091935679,0.30658354415209,0.801699305966527,0.589753007780689,0.132504519977374
0.964942184509709,0.571513369533932,0.957539511438744,0.813070373720879,0.70542563466006
0.479845285881311,0.131618537561735,0.2534468560744,0.750182108587762,0.867005835840246
0.256537861190736,0.135864337586099,0.833586513799403,0.341686941167781,0.438664289977169
0.644041767343879,0.954314584058011,0.438772503139095,0.369919623222774,0.357119905616855
0.302175085991621,0.105398819985567,0.382662492350294,0.691357957595544,0.824979405588238
0.970647477079183,0.830296832689783,0.953836061459999,0.910062616871989,0.735893649776699
0.767796391854063,0.303028463473311,0.908010530877933,0.52861592073965,0.0764981530082878
0.355960689950734,0.702371013438096,0.270393333057177,0.341098248908023,0.161864516703645
0.142794985091314,0.00285693854675628,0.436757292460527,0.715531707852227,0.878925567347324
0.291983118047938,0.197769783757394,0.36193746205329,0.348440390259267,0.794473780173576
0.930362578947097,0.999470283190021,0.771731307766899,0.998955713155961,0.738275683921529
0.109870141604915,0.580299102613935,0.240704346056774,0.172370506315454,0.861313255183632
0.358276945305988,0.354803880647523,0.564109314245304,0.326587877705453,0.72924212468206
0.626959517830983,0.571682478446746,0.63309233293714,0.61026004279892,0.627351188421017
0.585820518899709,0.631073111755541,0.547889435451262,0.815236772416351,0.89407456459594
0.159069617744535,0.197712905559456,0.773289573683091,0.378663654007356,0.393530223082053
0.119340192526579,0.500727805105271,0.0873644647500224,0.285496149688726,0.13758366604452
0.26184414117597,0.507670284452615,0.326757147938173,0.673947661070617,0.0614507791760843
0.899923871038482,0.793107084493386,0.828147522854775,0.915676726874893,0.83606137658353
0.9592598634772,0.10646822975832,0.774803409166974,0.651064221637222,0.387511192791862
0.496522187720984,0.298691667005187,0.883853692716198,0.483168591895574,0.769014463730855
0.755338502349332,0.977947515289998,0.549227891442186,0.790527813454412,0.483055515884189
0.52814975916408,0.349005073221633,0.465594261509644,0.656590657193036,0.576352120522643
0.990480800159276,0.740025210572639,0.984429987308839,0.908176525352361,0.870791732362704
0.45905825519003,0.783462433231762,0.397497261817501,0.356844286434871,0.219482592627173
0.482959667453542,0.343375229771482,0.53691233679239,0.586376701104184,0.716659893136239
0.451333683682606,0.630051256885054,0.329951597037419,0.450427947804803,0.919845178927062
0.879948673769832,0.601330540463096,0.829960912300313,0.831545309653566,0.717242915037787
0.697863596491516,0.266531917877728,0.584589948355777,0.876125650341861,0.375262832181761
0.988909343723208,0.593215881643118,0.986742662331097,0.837448145799426,0.698382250062423
0.126665096497163,0.555618121492444,0.398813109223493,0.424454067982804,0.0879777126538102
0.200326728867367,0.491132057475625,0.429164545541812,0.158500889153706,0.797439268993912
0.391213699243963,0.419848846591776,0.667770024679882,0.156325568530093,0.186355281301076
0.941668019397184,0.718564286507899,0.919482116140884,0.868921773763874,0.840756321063964
0.440433350857347,0.398172120243544,0.426598566998897,0.851586063483592,0.325495935016079
0.839964045211673,0.0612658107711468,0.675282912179532,0.520140292271719,0.545658381743124
0.681322260061279,0.677532877743943,0.511233671627102,0.8970918968792,0.57571148921852
0.640899837482721,0.00325606626574881,0.389640037787263,0.698821029564548,0.866526346973842
0.652415848569945,0.598116115870653,0.568151882992684,0.69005829636671,0.636835616052849
0.560811450704932,0.334013766463613,0.361334403505416,0.769854585983717,0.454294705967186
0.889865651493892,0.479187160293804,0.860663786453784,0.774234279290563,0.8185594950628
0.456780607579276,0.7766593703127,0.232923387191895,0.347505264221897,0.147320433374261
0.904240783303976,0.84973437039298,0.849915417150429,0.886101634779277,0.687029582186369
0.296193642774597,0.893919933383586,0.131473141515747,0.105633353785552,0.124262910539983
0.66338722477667,0.146522152906982,0.655760813885249,0.58894197989525,0.552125285234069
0.132974624168128,0.890152491425397,0.0703326035945085,0.0494356302136928,0.0526605450140778
0.705774353817105,0.799925553583307,0.595610435215738,0.687439806388663,0.472279937093845
0.852170127211139,0.317370232689427,0.717291454626551,0.77447652550846,0.264509341010125
0.146163308760151,0.777893673832295,0.112175838142414,0.111047672410511,0.153066794708138
0.696238695876673,0.203441100515192,0.241722636597418,0.897548225651704,0.730818645417457
0.914008145453408,0.532266025111312,0.911605243196931,0.768580974449092,0.689402729360154
0.711756843607873,0.941531705291709,0.515909028443992,0.771904233080171,0.452640705247177
0.212890029186383,0.870718739315635,0.010774145482623,0.0127076766989678,0.107704032008769
0.674334052018821,0.858220416324912,0.49758146003594,0.837422215341049,0.505529386020498
0.177499564364552,0.543561603728449,0.00955625315820224,0.0461462443809642,0.201357522193575
0.156839980045334,0.352394755493151,0.0838106224891227,0.32122799551989,0.902367927803425
0.710520706372336,0.287962577451253,0.635188385394784,0.697078443438858,0.0565317349100951
0.745955122169107,0.524583435879322,0.756923412283774,0.677863095234573,0.301693421119126
0.121451775543392,0.844301794102648,0.050258088535853,0.0497416649676044,0.0243937687773723
0.719917358830571,0.742873974639224,0.615455683588547,0.845257285495127,0.815465708699776
0.723178062587976,0.0263798717933241,0.439801329657519,0.680207536690122,0.794922371656867
0.994560033315793,0.209276485576993,0.94674615227729,0.637859677534237,0.0159261890512425
0.312149009667337,0.433909606334055,0.542210691727689,0.245728172963281,0.246016596705886
0.839971246896312,0.300519336102298,0.0449037705753562,0.288203824024418,0.537414480670122
0.505161792505533,0.917137982702116,0.246123906722536,0.257937428355215,0.236323723423993
0.347312708385289,0.439299141726224,0.324543681715554,0.50036719049815,0.64631990386988
0.0905158752575517,0.446986030350672,0.172324715660981,0.224714777058835,0.978405028727138
0.905138918897137,0.622110838448862,0.900018140369743,0.785792269745768,0.670005926192971
0.829896241659299,0.36085294795339,0.843331152471603,0.677030832253674,0.64358665884356
0.500853973673657,0.312395668792306,0.670044305380353,0.643954992667608,0.826210777653614
0.623364113969728,0.347274266037857,0.0899890694904918,0.462368534754178,0.502614912431454
0.387857004068792,0.374709731229814,0.20497992529617,0.548447497355923,0.643385472911177
0.885714595671743,0.763650742504979,0.792004823012919,0.940624772861768,0.853313697938574
0.555165394209325,0.746894401992904,0.431689031603196,0.209820846853366,0.443529034877429
0.241616962244734,0.454504012042889,0.0192975453316347,0.118877533833662,0.488253852381604
0.898488052655011,0.980935891828267,0.743401678131616,0.996999554411876,0.791025621263543
0.0929873227141798,0.34113808508846,0.0888279453680255,0.439606381738884,0.829673820611788
0.65848471224308,0.297126968711382,0.742560605629254,0.579855901616375,0.610764640005073
0.284738774877042,0.362535424734233,0.804144447883956,0.487264469819417,0.462234295409871
0.792778735049069,0.708558109094156,0.729770364197913,0.790709128038425,0.570787172910059
0.595479124225676,0.224567636701977,0.728273994910282,0.48572692979572,0.25620667487965
0.632255314616486,0.56792589041288,0.627711545618629,0.755044666806564,0.437836679891916
0.776856030803174,0.369060368655482,0.806162418437134,0.643812200757683,0.192760180478217
0.596334396861494,0.791898847703123,0.420825152764443,0.696734367700583,0.456725356605602
0.862188768107444,0.424776951578679,0.734860628960222,0.855689667027283,0.309351492935093
0.19949828623794,0.98751775137498,0.0438193744603205,0.00923833541888256,0.0446267767983954
0.939270953182131,0.314747612312203,0.536691639527618,0.99810773620141,0.452364487136947
0.859660825226456,0.628140568122035,0.855777742214982,0.798397791200301,0.910933947219746
0.140075262635946,0.191923449543538,0.68963956436898,0.433630851988412,0.508316397346789
0.214519380126148,0.0860699600016233,0.959204162400705,0.274564897342104,0.257521994848503
0.963026584824547,0.798063238937175,0.920758001599559,0.952550803453715,0.988332198321586
0.4392929461319,0.722416386386612,0.466646577629952,0.344569024494722,0.491440899466397
0.482199102872983,0.714888806425733,0.286275751907515,0.506672636937311,0.42729813294136
0.338919367641211,0.684343743516365,0.146287598175709,0.192080661592286,0.525546692631906
0.28091718419455,0.248779893590836,0.380709628916828,0.747800130099021,0.773680852056714
0.495534473331645,0.24562695689383,0.12563841160984,0.573366300403896,0.859386221825844
0.756238366244361,0.579244011285482,0.725301584163927,0.760365391115616,0.724988238158403
0.35230920324102,0.138162439776352,0.381142862195361,0.674231669809842,0.809798345522722
0.963947200914845,0.341367938817712,0.976160467625656,0.649653034701133,0.204549039277481
0.127834212500602,0.903975652850932,0.0996738189469473,0.0615460735814446,0.0273163889360148
0.559034344740212,0.144581991102314,0.500823776624213,0.401711204404022,0.632555387535831
0.243338794680312,0.638993510889122,0.236924463250439,0.303389138421609,0.251821288402425
0.187724261777475,0.954418671230087,0.0826550990898398,0.0295969108049628,0.0780000057129655
0.946726214373484,0.750319664919516,0.922171110488225,0.885940422835564,0.829587081301725
0.0980036195833236,0.715992150973761,0.306886993794648,0.127833958784558,0.113805113971466
0.645054492400959,0.941094572743168,0.451332305277451,0.408567081923523,0.369396024412708
0.764846081612632,0.709612687322078,0.705770017926707,0.723941074104725,0.451835834217491
0.30222966754809,0.450898026319919,0.0789395690820197,0.225088130318362,0.926208452758146
0.989864824572578,0.0527193546586204,0.383598963437483,0.998143261360236,0.731442036310909
0.671913436846808,0.35378730375669,0.770218563097042,0.472811324007033,0.504344321176177
0.0234672545921057,0.826498912734678,0.100546774974736,0.0545209281025439,0.0689280201622751
0.0501836363691837,0.33360583029571,0.299650186528264,0.475618632908862,0.836551774962572
0.807324541034177,0.99201770752552,0.580339615618683,0.976360513085802,0.565227080398472
0.9922034451738,0.390224426490022,0.991905829124913,0.740164837410216,0.321442828077124
0.989942524349317,0.888203106907895,0.980072559559158,0.949219585594448,0.76468799894792
0.76075198315084,0.98499928766978,0.540371111277644,0.809731340190269,0.464335846918402
0.260026233270764,0.0737153546942864,0.0429112807833631,0.687178483450842,0.986355563713005
0.692604064941406,0.937476209684974,0.520294793688009,0.383506706237142,0.40787917675334
0.657158966874704,0.433341158641269,0.597527322896694,0.817595005174235,0.739137568714796
0.397656813263893,0.778563033120008,0.345654318453099,0.232191565775655,0.363444645394338
0.593132221372798,0.504362125037005,0.618451235067808,0.642852748591508,0.463718817656627
0.262153776362538,0.564203667250695,0.340109536694352,0.293521106171528,0.423409878945677
0.0685917243827134,0.294269196310779,0.19958899678031,0.706535782261404,0.816034719027812
0.844607174163684,0.762631792371394,0.820676925681605,0.773410449717743,0.58698444525362
0.297261567786336,0.401223758555716,0.126171699895696,0.482307656060861,0.488952802406857
0.496140172239393,0.316268513124669,0.686402754384698,0.403564689369625,0.459558133647079
0.201665460830554,0.618580840033246,0.0509366836075139,0.106541273638063,0.424732624349417
0.177804621635005,0.482279509684304,0.166570407566888,0.406917327473844,0.480190960312029
0.448586225742474,0.325117010535905,0.890723468260334,0.519493202928821,0.231858757411828
0.896385959815234,0.452965218370082,0.926133290227198,0.668693043361152,0.106708234670805
0.489038859959692,0.37999801398837,0.139639761869581,0.536530849567209,0.5036815709027
0.841096078511328,0.443160053313477,0.788226613804848,0.769369493830949,0.510686536756111
0.265326629858464,0.165162907302147,0.914642857944016,0.351705215066453,0.111595462454716
0.48062972468324,0.969413389015244,0.264680490726554,0.122958162059074,0.203068787435768
0.422300570411608,0.125913828000193,0.0499296948765023,0.556207514780888,0.969593927700771
0.138718634378165,0.820666153769707,0.174962875950283,0.0969247801276111,0.0393269883061294
0.111828282708302,0.166162589302985,0.150401101381828,0.594124053013576,0.962914711883059
0.497796927345917,0.177835425158264,0.872412190625201,0.378805593575838,0.249806119740242
0.0484086112119257,0.320520031295018,0.60364474447358,0.557248248003027,0.40581103976001
0.333447023062035,0.17229973958456,0.43791020224164,0.71531562138513,0.746767790842569
0.210718169808388,0.588662678521359,0.0622397491794656,0.136946744554571,0.561567190365167
0.555060604820028,0.239996533695376,0.850381366144129,0.435915377831769,0.0848990130180027
0.0473147933371365,0.293370740982937,0.314771070096938,0.200397625352214,0.986317379894899
0.0928179882466793,0.106050781469094,0.0129096785070784,0.347424409490478,0.996693296328885
0.419793567620218,0.334707562084077,0.7693748877185,0.375075808815334,0.494057120609796
0.465801578015089,0.487357288744533,0.483319090029097,0.451240826362049,0.792132792150369
0.299626981839538,0.453679334634217,0.343153537950922,0.505729554048067,0.288702689256752
0.560250676702708,0.340709982468979,0.765631749876008,0.519478050098893,0.163585898146266
0.850467116339132,0.526967553509166,0.790499317043808,0.7702111444914,0.470573206926929
0.181294056586921,0.155917253374355,0.179250712315148,0.727338962741561,0.938333501369925
0.928767561912537,0.923330003308365,0.845517764312673,0.973217445430549,0.817770377296256
0.937715002335608,0.609173206525156,0.915299079343379,0.843510475934509,0.872534545342205
0.221750502008945,0.4957547148515,0.300357776973705,0.478131244284162,0.19654454648844
0.78754890919663,0.919142255646875,0.638802991664777,0.882881189480973,0.545343049947405
0.569914448307827,0.142550095828483,0.278534450678093,0.91342781417671,0.80458264311892
0.60406165313907,0.249762584368,0.604772344511511,0.709780387499322,0.298347223753808
0.150861232541502,0.035239123768406,0.0546783897826491,0.919749071154783,0.990222230815561
0.809224040014669,0.973329794971505,0.642937767986927,0.836020358403298,0.532397909992142
0.925327715463936,0.954906301194569,0.812054076050768,0.994669422451669,0.932428257568972
0.633594414452091,0.791071546060266,0.546549268592186,0.424052272513562,0.357703800400486
0.552826220635325,0.768551119865151,0.386482737352851,0.734282966640638,0.424997726717265
0.440995987504721,0.503166203998262,0.395680394315376,0.462611860753641,0.760186491272179
0.64923792053014,0.998824933863943,0.360874623929743,0.0389647824116667,0.312492397235474
0.96505580144003,0.863198353763437,0.939432063115305,0.915917704145815,0.699961311329389
0.0758561752736568,0.219181270542322,0.332437042846895,0.548054550554847,0.893926518183434
0.431214948417619,0.175396036502207,0.500983863017175,0.258552836360046,0.74387972583645
0.893634001258761,0.538476187182823,0.895878538342441,0.740891682225176,0.55759906079038
0.750314705539495,0.662516490468988,0.734732984634331,0.638027489168333,0.417078702914296
0.533606071956456,0.445864576060558,0.0786467493613949,0.34938267103057,0.153129986807471
0.934028079500422,0.376990641554585,0.928926177654239,0.661898901458023,0.0337457083223853
0.110771361505613,0.934611247008434,0.053023843310913,0.0238024515153758,0.0413373049523216
0.782971727894619,0.689555579650914,0.718503300518013,0.789380117047026,0.658496596122859
0.15095555363223,0.0643669455021154,0.297375975669755,0.582747519791271,0.910007921542274
0.0264285185839981,0.386733857361833,0.146762684571766,0.273906483163707,0.978700199309969
0.305373772978783,0.136600140860537,0.172520109428109,0.745550742151537,0.920435461128363
0.984450264833868,0.859774383570766,0.966273555784874,0.960690525416326,0.965975340659497
0.739833623636514,0.0763001464365516,0.608787756665951,0.503364655242682,0.561826416902477
0.6873524854891,0.831892018701183,0.610113835892636,0.555273570477281,0.397725003975211
0.141422631684691,0.654019820067333,0.278432756570326,0.196450209911558,0.22228444259963
0.172870530746877,0.0955863789713476,0.0980430062327112,0.736790617649102,0.974512773478637
0.573769831564277,0.326511642808327,0.263265851881112,0.819589100974526,0.615700764377834
0.254388015251607,0.686388357571559,0.00411670510901518,0.0158903467896734,0.0102502806403209
0.703439417295158,0.324177712289384,0.700438184476082,0.526009286106453,0.179993928730255
0.747600253671408,0.596849435096374,0.83757831854211,0.61755796938332,0.25072042804095
0.542400478385389,0.311174951464636,0.723088514972529,0.438655825613741,0.452371956926072
0.986659359652549,0.0138028546643909,0.998238661393507,0.218674575516734,0.0112549062178005
0.328623922541738,0.579775605088798,0.371659165885815,0.407766566082585,0.466051131632412
0.456219672691077,0.383885697141523,0.0244335734776897,0.125947306521014,0.641126587375766
0.606501965550706,0.02604692793102,0.622514113194676,0.410752851427398,0.662554744427325
0.440659269923344,0.753185636451235,0.424892180477136,0.35495843372477,0.197942299913848
0.98960958304815,0.763243965018773,0.983591074443666,0.905516179183988,0.785172891482944
0.852657711366192,0.919605531409616,0.722875400412253,0.949012773921644,0.660686946910573
0.07419388811104,0.163938236510148,0.713292573256254,0.104683392356268,0.486675505322637
0.252604477107525,0.259938976989361,0.185892118951662,0.613824076019748,0.888436220149742
0.691555644152686,0.245855351531645,0.522250234862967,0.491517583833652,0.418863633909496
0.260265421355143,0.038094077113783,0.666112640108265,0.279168126256577,0.633718399185454
0.923004460521042,0.79500863244175,0.866768364734663,0.931858173292964,0.930334100179607
0.347975387005135,0.471388675650815,0.317800848272768,0.376665873311746,0.846943462529453
0.901201838161796,0.593465821555583,0.925219157277748,0.75151988797761,0.534554050682345
0.500894219381735,0.0864092011761386,0.613642266833171,0.313816230932747,0.612696710537421
0.207436508964747,0.351297649467597,0.162860799991406,0.424085675057854,0.889063220791286
0.783028482692316,0.648164462501882,0.76166203745866,0.661480584688252,0.402919750456931
0.776200741762295,0.166222902451409,0.800476517145529,0.470610024909598,0.203508122795029
0.422752783866599,0.527999557409203,0.463963487388938,0.530986115623385,0.775997364340583
0.375130239874125,0.0094632166728843,0.33106279839186,0.506105746573518,0.905826782487566
0.988702373579144,0.361377348279348,0.988086209234757,0.728929722894416,0.666419556684559
0.58083784673363,0.48910101535148,0.560542645847943,0.217677484993535,0.471088814170798
0.80818581697531,0.508152696449542,0.810307093464654,0.684679858016806,0.621709976956481
0.839049210771918,0.640576076082652,0.795444610215297,0.758433276136711,0.358655841118889
0.896732504712418,0.36555229863734,0.933842910717741,0.636369839166735,0.356067804124905
0.738550110952929,0.157649138913257,0.459464256149676,0.67089699290653,0.619738827721449
0.705448187887669,0.564799932268215,0.583026603530805,0.938279660262575,0.909135650465032
0.940576608292758,0.363671126862755,0.906660201901533,0.712616459759209,0.492393907188671
0.206094807712361,0.867830322211375,0.0877777624034739,0.0645067500483312,0.0789821877551731
0.266433574259281,0.0889677345694508,0.571449619237124,0.406051250407805,0.665704501821892
0.462707170285285,0.911816350155277,0.368510076677571,0.0902538234230326,0.238559093995718
0.004692338174209,0.232673589227488,0.206439752990759,0.528709750439118,0.985683720587986
0.82392411166802,0.497395489626797,0.873866864450268,0.657848950185381,0.234183997294167
0.898082237225026,0.847347420785809,0.776963771761494,0.986607083223533,0.980405764043098
0.342319165589288,0.688171013345709,0.439323920118552,0.0844034122282309,0.184609838324832
0.897894312627614,0.732893723848974,0.862112788208928,0.840421896590163,0.683494327036897
0.29035369399935,0.554037903930293,0.363144326043909,0.320402508758765,0.675761333521223
0.917728408472613,0.938985754473833,0.846798783968217,0.927632748576828,0.660203158651711
0.505676240893081,0.357812260830542,0.457158318524238,0.36262802743895,0.355748295871308
0.163091689813882,0.302018009329913,0.0711256398303828,0.379189266036495,0.900780049356399
0.943633031100035,0.840057114226511,0.897742081914953,0.935311321026523,0.886345205857651
0.630872980458662,0.271617482911097,0.457162232238662,0.607546042854999,0.682046594651183
0.128163265995681,0.316324468323728,0.590583316748143,0.350650843899028,0.893973575992277
0.0831449497491121,0.502607812202768,0.05984421528678,0.117266865171788,0.975849541166099
0.675464351195842,0.109587029815884,0.555983222770955,0.731582492882171,0.64305518034962
0.611447893083096,0.461997488542693,0.826258146784228,0.409144845065304,0.00197957843192853
0.884782782988623,0.503830022440525,0.95062510192901,0.714073473399859,0.510468814260093
0.416008588857949,0.914838674390921,0.382677894186383,0.0816003290634089,0.190828665945446
0.946601731469855,0.960752053972101,0.87123203922489,0.982244803311147,0.819248034764314
0.758611098397523,0.480891499813879,0.831125674661243,0.652155109838266,0.780447023076704
0.470202400814742,0.537423607631354,0.285011504439554,0.539688595506506,0.798831677151611
0.590909581165761,0.826795800501714,0.515579579003089,0.31642228405945,0.432641883700853
0.359085804782808,0.0650421869067941,0.532525535379242,0.0841130974566185,0.73643064693897
0.227571486262605,0.732590256695403,0.278395357609327,0.215409007519099,0.293932742119068
0.237609398551285,0.239383628620999,0.419938087368185,0.952638043707467,0.522017079783836
0.922175019513816,0.398232221516082,0.581990074855623,0.985386522311314,0.30266900578863
0.789570723893121,0.689302177139325,0.636765013130666,0.96459206481324,0.891632934304653
0.938964577857405,0.551621977967443,0.899825313301315,0.842022149442747,0.904917659558123
0.764480285579339,0.882148061267799,0.533177945192983,0.993643033647975,0.672390331194038
0.782188629964367,0.500076964643085,0.714663767611267,0.804104604546672,0.373266254522605
0.750472848303616,0.830763507838128,0.640495429201982,0.786817053371222,0.519836455612676
0.324568982701749,0.758547734323656,0.302480982262582,0.222126090971086,0.215566265542293
0.839024412445724,0.443397801689571,0.681128340067033,0.864274387166153,0.2308275088144
0.703511741943657,0.90973681610194,0.50313942388955,0.892182332500833,0.468987169355387
0.918758429354057,0.79789324713056,0.855911045060456,0.935061697948822,0.927526819723425
0.774692871840671,0.0224865608906839,0.746757152370484,0.389181986307031,0.529603095230414
0.72611646912992,0.56857481240877,0.633743548694731,0.82559798867974,0.948452414450003
0.310419541783631,0.549619297584286,0.209538697386103,0.35971880333336,0.436975719901966
0.336092225508764,0.00300283820251934,0.945157837642401,0.0636156829959849,0.286134715395747
0.25578732858412,0.241392714349786,0.930783629387254,0.439817899640839,0.345515187043929
0.746390231885016,0.132448158547049,0.824977775581969,0.29946741837926,0.17069830573746
0.234946612035856,0.186818545073038,0.700780535301662,0.240065832172217,0.390661686746171
0.914907289668918,0.544535850087414,0.879244952770024,0.809080456269988,0.562233379721874
0.701236193766817,0.600038243312156,0.615782413917005,0.757961543261842,0.334350360819371
0.755895049776882,0.888398637733189,0.588816227892431,0.898248063512805,0.508023142494494
0.995754599338397,0.712958126474405,0.99268913130327,0.913300201733876,0.953230741986772
0.857859708368778,0.671877271932317,0.787846226751198,0.881002803575423,0.811343678826233
0.0616699196398258,0.809816824301379,0.197188897219185,0.0845162652551627,0.077906825550599
0.632189447758719,0.461192860704614,0.581494397607991,0.932366455244029,0.804985262308037
0.870786383049563,0.217548841232201,0.0259651334116121,0.372614210676936,0.758872553386027
0.191209445009008,0.587762730108807,0.277232057191465,0.215815382159478,0.640237367915688
0.644487040815875,0.467131893761689,0.328301540818506,0.63278842605757,0.397752691322239
0.304147692862898,0.715522480750224,0.422457508320769,0.184873205858264,0.0951758703740779
0.828728599939495,0.0459585814096499,0.687307232611859,0.474395863065459,0.579236378864152
0.179686498828232,0.420242108375533,0.235943623801345,0.296858189967831,0.930005593370879
0.151519460603595,0.580979156686226,0.273399997096723,0.266248277885441,0.76158626601682
0.751860027667135,0.65271830841084,0.805112662185693,0.632470265960432,0.471027633320773
0.835353490198031,0.764054970321013,0.774283979390067,0.81458517010724,0.64366742465063
0.933978660497814,0.126312955893809,0.947775737022845,0.440932546724347,0.0762489777698647
0.875195415457711,0.737943943444407,0.827171484362696,0.824898333361945,0.571838623058284
0.59400931163691,0.935592420370085,0.413711381759014,0.238787439682781,0.341235820524162
0.620381887303665,0.89395751428674,0.451316519598071,0.437875460509275,0.317273301567184
0.907853872980922,0.759347168874228,0.849160731401786,0.910403521298501,0.890567169029964
0.975964872632176,0.570455179869896,0.959665769332417,0.843404161815855,0.724433520488674
0.937779282452539,0.355374395119725,0.968727846821959,0.624581492186228,0.112660452810815
0.16070885816589,0.732092850579647,0.00771240464653705,0.0183875491878735,0.0593879248772282
0.600474835373461,0.39863827280351,0.663858217577147,0.588127760337692,0.495322914241115
0.311463037505746,0.0811678101599682,0.791131634500088,0.146966609017352,0.513684060686501
0.501592457992956,0.349362533568637,0.577359855004552,0.482158924305517,0.476372847770108
0.960628431756049,0.851280305738328,0.930003263654556,0.921623070543949,0.765122025884921
0.128645478747785,0.878892613778589,0.0725304401501834,0.0510171518336139,0.0626544670958538
0.303629614645615,0.0309655956516508,0.875753779542235,0.148392797228767,0.37431957750232
0.187429822050035,0.173219023010461,0.60385467754136,0.317248569238334,0.642009933450026
0.933051251806319,0.753353015490575,0.879580627911815,0.924777825469541,0.939098544215085
0.433541956357658,0.986611468106275,0.269072004097641,0.0168903333247953,0.196626968827331
0.502154455287382,0.701082238025265,0.463414937513527,0.351048860494472,0.311991702328669
0.698299933690578,0.395053348242072,0.892320600760168,0.51374760855515,0.0877186055586208
0.607535063754767,0.844760418782244,0.45405146706947,0.60310693413276,0.291970442194724
0.443753835512325,0.952251445007278,0.279556754937564,0.0843466881691072,0.17894066896406
0.816773224622011,0.85575466856244,0.726813798900973,0.784449808325853,0.56510495886323
0.880476239835843,0.135670089657651,0.067332569202783,0.674201978124791,0.879498184163822
0.591190323466435,0.475410408369498,0.486989022969404,0.7519034184013,0.105791774491081
0.894871501019225,0.821520937461173,0.866084063263753,0.839749730156717,0.635208377236268
0.773240852635354,0.0988936400099192,0.418410612575854,0.976867293454028,0.744314758252585
0.644794021965936,0.702947475278052,0.639037575713793,0.469854967246894,0.356619207101176
0.127972832880914,0.33134215863538,0.15090411222006,0.575990837367254,0.800302990450291
0.882311813998967,0.605124017427443,0.862859611752419,0.775605407765448,0.592609631101368
0.85846656630747,0.000310907285893336,0.522211842561794,0.250403919939815,0.800660068140132
0.511444116709754,0.954109876736766,0.277019798684994,0.182100088909449,0.201787980942754
0.602007855428383,0.348196281498531,0.383428082822537,0.56141868468483,0.593360862956615
0.601181378122419,0.18044947666931,0.41437638183817,0.724226028166255,0.755050242441939
0.0494763497263193,0.780729446822079,0.283356738498599,0.065108684008095,0.0235964007151779
0.203785640420392,0.841806961718248,0.115887045649313,0.101164553056322,0.0794716345553752
0.809562502894551,0.899792797194095,0.570983039344041,0.998112774961851,0.644547920004698
0.945975690148771,0.609272472356679,0.934155629696576,0.827741289237924,0.863071608560858
0.345357562415302,0.628073562955251,0.284011711456746,0.474532131035057,0.44503013647045
0.460679071955383,0.363932642299915,0.610251311370984,0.574921568740335,0.0329735310224351
0.604427843354642,0.698798084195005,0.649394409087301,0.354087968248881,0.289376947068376
0.137832328677177,0.501641086215386,0.251751743284491,0.545185431609643,0.177567135920981
0.580234736902639,0.927173470758134,0.395643448847639,0.360761635217115,0.3166327845247
0.404897910775617,0.138015441276366,0.0870511134840613,0.757403554629862,0.933430846984265
0.0591402978170663,0.435724769573426,0.320759267051423,0.49326832394769,0.563393642747542
0.974580838577822,0.980369182041613,0.927013768800551,0.991838759927626,0.856891748058842
0.217427397612482,0.772665030875942,0.0961988754784051,0.144050186437307,0.029810637322953
0.794367757160217,0.742647211271105,0.729040032323236,0.806282109056059,0.728662445413647
0.190920056542382,0.741280763613759,0.0907757870022376,0.133708306217983,0.122394632693613
0.304393709637225,0.0321935150714125,0.676508239278159,0.220368192160376,0.658498643228086
0.203944103559479,0.120104857865954,0.623428059920152,0.232257117553926,0.597957216697978
0.507141564739868,0.161114427464781,0.303140316240138,0.894065702406529,0.819905009266222
0.0780195298139006,0.950764270935906,0.032476320135563,0.01313145871907,0.0270873141416814
0.303409019019455,0.652238113951171,0.205572629709849,0.222162445238798,0.191816757578636
0.0724862252827734,0.335816486069234,0.405257675694946,0.235084755401181,0.825905063626124
0.981341018108651,0.00480018006055616,0.589534613881742,0.619108486275601,0.676768677105429
0.125785728683695,0.545413899206324,0.0301846235833082,0.105469180818598,0.566105904552387
0.904565010918304,0.567069141805405,0.884518428949033,0.799382550487677,0.821710532734869
0.30694547528401,0.283979305619141,0.578973025501769,0.117547541834187,0.43100553759723
0.162934169406071,0.648680858110311,0.0846623258003248,0.193111093303153,0.0467777047597338
0.257144394796342,0.481247760733822,0.113033758468372,0.341387859054508,0.473959509545239
0.602919550146908,0.392458378482843,0.75525643297325,0.445460093759515,0.318574713746784
0.138517645420507,0.999935600993922,0.0415287171313608,0.000291054266671648,0.0780466411088128
0.134678786853328,0.180623818974709,0.353912059805948,0.244322232338773,0.922499470616458
0.766436597332358,0.496835922385799,0.741471414530763,0.706721454496822,0.497763380612014
0.333930760389194,0.0526807477290276,0.0258537587384203,0.76147067200015,0.986273810471175
0.246859536506236,0.00227046202053316,0.303047214282616,0.936433312015916,0.932933744072216
0.0875033987686038,0.808009240805404,0.129015620436649,0.158542774553501,0.00252073179581203
0.980612532468513,0.160832587833283,0.990918527099137,0.530153886712719,0.0881862993992399
0.144399978918955,0.299459577916423,0.52088870427362,0.260371762139539,0.763343070837436
0.343679704936221,0.0560225455847103,0.487710269472217,0.640255923818208,0.772630182298599
0.533115503145382,0.55205979195307,0.44568814396288,0.767181715853139,0.991309335833648
0.881748472340405,0.662970087287249,0.861250751519949,0.792659435380259,0.657777688320493
0.629645301261917,0.243208194646286,0.659160633811702,0.742108976153704,0.502989645901835
0.418244153494015,0.573012055276195,0.381912224493753,0.501994105449931,0.400107504538028
0.213514335919172,0.312104058131808,0.266198910150792,0.443550604618181,0.859879752475535
0.850487435935065,0.413166879414348,0.886609441234764,0.60565236517436,0.0508126006752718
0.699181789997965,0.476556414127117,0.758934685089256,0.461844341409534,0.147866660234286
0.79060507635586,0.419198950316058,0.828118846191469,0.691571586349368,0.772795949626015
0.792753236368299,0.701743027340854,0.711033801957657,0.860228236478275,0.785347839497263
0.359997412888333,0.0273485048383009,0.805984344965017,0.13410094215592,0.479311485163635
0.55578906997107,0.842813762574224,0.514711702984181,0.266811788890112,0.32495264019235
0.0631517062429339,0.787659277586499,0.0547956995398611,0.0491707849682534,0.201529295620276
0.24587049940601,0.078594862279715,0.669255787552284,0.22739694130388,0.612509675935144
0.0432133416179568,0.578410350630293,0.474676835260653,0.0845866346420069,0.146111588663189
0.0815010434016585,0.716035331221065,0.188125103763756,0.181945243747453,0.138543026783736
0.568010069429874,0.442571751918877,0.40852952324758,0.684443119715462,0.89087130597909
0.168954655295238,0.28972528441227,0.386699604534538,0.312903229451443,0.905181453068508
0.00918949767947197,0.117301766265882,0.0332103977470734,0.493496726053506,0.999428929615533
0.0860462803393602,0.464200453978265,0.103596355469859,0.300595360957224,0.502530188212404
0.238933336455375,0.948403851507464,0.000633946122538087,0.000543781410684765,0.032032130722655
0.4443865690846,0.999683875852497,0.154300379740181,0.0022184994230227,0.178736154251965
0.0881787571124732,0.748998720344389,0.151684453628699,0.102860312982148,0.23214621146326
0.51969197881408,0.0464116158836987,0.848473441181621,0.199262918732278,0.375355348078301
0.793495340738446,0.45775762948324,0.913365057361723,0.642759833505482,0.374159761267947
0.688198966905475,0.430623295920668,0.807525996220538,0.577552973118997,0.187284941232065
0.0317540660034865,0.102413699758472,0.616097155975421,0.381051361882882,0.687579716410255
0.422586014028639,0.812468363059452,0.279491318758597,0.326449636279345,0.164943306910573
0.456123273121193,0.183241235412424,0.871768938251025,0.362353750559852,0.157607772183837
0.627461491851136,0.60441647443804,0.581638766261497,0.597262664444255,0.207756703399355
0.11241908185184,0.359195903380169,0.474360326697061,0.7257297070329,0.449419878044864
0.674389523686841,0.0429922016046476,0.841746525503947,0.21599212875673,0.333731484744931
0.644506291951984,0.0706740984169301,0.918010475026275,0.258500526718119,0.212706379621523
0.588260403368622,0.119260288513033,0.657031893807889,0.316965584618026,0.668995702144457
0.173353467835113,0.709236717870226,0.535166099726061,0.0602515961337221,0.164774797944119
0.191371613414958,0.939942549419357,0.0380534874593847,0.0234692179453494,0.0128172419208568
0.943400216987357,0.571636909007793,0.87708307119445,0.890797500524115,0.987378325051395
0.605871125590056,0.243594977917382,0.318178016929573,0.701346473275381,0.574265222327085
0.872023536358029,0.271982362581184,0.809689800404881,0.672920330151409,0.377182867116062
0.719843535684049,0.765233065554639,0.602149116637609,0.821848609459896,0.583924301405204
0.494377709226683,0.26972845630371,0.577790442661374,0.334296766348693,0.56818687132909
0.73601522995159,0.428415975387907,0.799238867976817,0.616949651780393,0.196909724414581
0.774545972701162,0.826688305503922,0.729356287106996,0.721567095493159,0.562875687406631
0.0418907839339226,0.555664659099421,0.137518687201126,0.210510593435426,0.810910190019058
0.888098126742989,0.949944081279682,0.760090674795741,0.977068194137696,0.713225554180099
0.853501772740856,0.39522047250648,0.888541602265747,0.643142285697454,0.312652801309014
0.677721546031535,0.718762445176253,0.565287387766362,0.866359284517994,0.719741473469185
0.124135968042538,0.704945609119022,0.168364157777807,0.177270657834692,0.108309156697942
0.348452197853476,0.472586531745037,0.0543574950425425,0.238185026483587,0.348100624192739
0.135091140633449,0.920091586565832,0.0940228910819166,0.0400897780496027,0.0768578113347758
0.277364718494937,0.596874679409666,0.077475951458419,0.144972438287028,0.835365571576403
0.605424717767164,0.879250055673765,0.448580217297785,0.475188210704308,0.369029535126174
0.456932760076597,0.344677207263885,0.827905010430836,0.461873510950626,0.0301505272800568
0.257013054564595,0.413235467014601,0.614733057740844,0.392939604872594,0.679779159690952
0.372534638270736,0.622867600555765,0.441164003103713,0.332271741950286,0.313114267395576
0.0186155426781625,0.320593671262031,0.562714692509792,0.0336497212685487,0.973196240054676
0.604285856941715,0.790532138344133,0.470938088046149,0.562231703851491,0.337701179290889
0.234071361832321,0.421217895724112,0.0749266670621792,0.309047235942746,0.614923332381295
0.178636614000425,0.88192484548199,0.124632707409486,0.0771794056607972,0.0721361823088955
0.937637842725962,0.686452788213501,0.878025647504603,0.914373192466907,0.933598734991392
0.32887797919102,0.276417312474223,0.0591022160454158,0.435906625958196,0.865432825085009
0.418644113233313,0.880209527706029,0.148115544819164,0.165395649687082,0.233452871761983
0.030066657345742,0.123566206399119,0.0455859275367285,0.57471982737634,0.997169081092579
0.217666286975145,0.546036930260016,0.0307911874016787,0.0890630775435305,0.653072735964088
0.747899773763493,0.990240492421435,0.449476247763455,0.90966850741937,0.472120370046468
0.345969974063337,0.384500007989118,0.320605479861267,0.532200513434774,0.865640705655096
0.117621527984738,0.67875190768973,0.385045912294841,0.0761367315998913,0.116673818294657
0.546718673314899,0.815768442611443,0.446794842314762,0.0832848968277231,0.270600982679753
0.464087647851557,0.481521072302712,0.37373134179861,0.66914719920721,0.623385643091751
0.724547438556328,0.175654209131608,0.948387664221867,0.446247006719771,0.121568485890748
0.917790436651558,0.738467835908523,0.909803813898322,0.804781846779234,0.470821680995869
0.343594638630748,0.444177503261017,0.281810673770002,0.294929985950592,0.967530475958483
0.968823434319347,0.795393871871056,0.954380881405972,0.895859393020689,0.742913885071175
0.487798201153055,0.856249973847298,0.308431306465474,0.337978250992029,0.283172210591147
0.212464970769361,0.466145960235735,0.357108578474789,0.687518772242508,0.164178317500046
0.13791066640988,0.358219672256382,0.813510624855548,0.332997674811052,0.0201027388393413
0.561465450329706,0.889464065927314,0.380505107109297,0.422954089713185,0.312893847731175
0.681267197011039,0.758199417818105,0.605307293815639,0.538893713579806,0.482424094429007
0.600016372278333,0.246583022322739,0.062131862268118,0.370608031590471,0.867662052070955
0.846059539588168,0.908190505899256,0.72251433648634,0.94490109069382,0.649091438826872
0.199075755896047,0.489252901781583,0.201025558899149,0.424125962134953,0.217736918333685
0.0630775666795671,0.733429254061775,0.169171966571072,0.115146631105236,0.270732258824864
0.289665453601629,0.265760685695568,0.34312630151967,0.455221123066862,0.718954287440283
0.22036838135682,0.679148392897332,0.349518633483815,0.25997654931187,0.0893827350519132
0.0959174588788301,0.386370585561963,0.0226341655039195,0.164839473659406,0.817364466231083
0.127627071924508,0.649109394144034,0.0446768961337456,0.114929892564475,0.0430448358238209
0.291239080019295,0.352252902317559,0.0148119860571382,0.16426691921314,0.609632475039689
0.133285685908049,0.227441548748175,0.170139802139116,0.558328029609263,0.959065017319517
0.197056735865772,0.299354948772816,0.446847820900526,0.194193905654355,0.93066326904227
0.521115576382726,0.490781547006918,0.354173141411553,0.716064156331024,0.74893158939085
0.815844191936776,0.243963633169187,0.760852230659157,0.612223242738366,0.102002141968114
0.308711195597425,0.533888986246893,0.235243990539644,0.517727128966486,0.390568464499665
0.00444766436703503,0.456089674466057,0.181570542702869,0.189831717560829,0.98554182270891
0.310857466654852,0.956411874241894,0.116408259178273,0.0478445198545454,0.117021192010725
0.901621904922649,0.608339130791137,0.893980765501026,0.810861628267289,0.910853592591593
0.233643826562911,0.712782857153798,0.121262673518465,0.164286689042075,0.195450766856084
0.955261630937457,0.869126211706316,0.903417025484718,0.968668696991126,0.975119622744387
0.259775460697711,0.438076932070544,0.0758712489073645,0.232424505052709,0.696862866840092
0.271719795186073,0.25449487825972,0.112591752332784,0.529468072667372,0.895157761435257
0.0958593648392707,0.835046032414539,0.0776141863632895,0.0579563846863369,0.110039853927447
0.493502341443673,0.610209409933304,0.123129730047149,0.229916647096518,0.394555154227419
0.55475097685121,0.364696004224243,0.562898972640194,0.853249437876177,0.778327009844361
0.00259583815932274,0.355543494602898,0.114685914244352,0.330543737596095,0.989667087531416
0.390502107795328,0.529616001498653,0.193418770002487,0.483416384322767,0.0709259672148619
0.0120923398062587,0.608385477244155,0.106500573984975,0.131055938363477,0.691349259141134
0.715404170798138,0.957676983583951,0.491496482472659,0.815192149159369,0.428747668134747
0.744374867063016,0.633596774394391,0.491295455071623,0.991328413699774,0.425599116337253
0.725413657957688,0.946511248621391,0.48346247829348,0.942443215343345,0.460586789151421
0.678396494826302,0.131104642903665,0.990156363300374,0.441236866321933,0.193642903905129
0.39975985349156,0.479638077755226,0.432062049638341,0.35850435838074,0.957074426143663
0.135163473663852,0.978282594674965,0.0861787083949132,0.0166114057503749,0.0368200178199913
0.205176615854725,0.695357759686885,0.258267495156606,0.261247538966195,0.119132551102666
0.0514902048744261,0.71575043341727,0.0339626493359381,0.0478667498183029,0.227525047055678
0.123588237911463,0.890101523051271,0.0491160480965,0.033788988586953,0.0433511617302429
0.687663165386766,0.716519870707998,0.653462048212007,0.668733094144058,0.509226526861312
0.643943243660033,0.461667799652787,0.476051493946789,0.8592996041267,0.438765797152882
0.520126105751842,0.765529199241428,0.43396112837431,0.576270174749297,0.491429447225528
0.343072065385059,0.880576332710916,0.187569445573821,0.145563799216011,0.175896985310828
0.0639673327095807,0.865048885956639,0.00672336967027448,0.0082142393939413,0.00371786448522471
0.59850453492254,0.903247877111426,0.441954557385556,0.422255462495299,0.331576650292845
0.906247221631929,0.670691540959524,0.884388864919633,0.843713210332487,0.894049371563597
0.743751117959619,0.826024817855796,0.607289310068693,0.779206737169701,0.50993384575122
0.0932684887666255,0.425927226053318,0.482697368440714,0.0954618219939386,0.907298588106642
0.125150382053107,0.305590077448869,0.0506521108453612,0.302926304017092,0.937695528758923
0.57339253067039,0.476753243798157,0.594658598719714,0.76942717741072,0.949580317392247
0.818063699407503,0.605242641031509,0.831160328575191,0.720382653427008,0.543243783089565
0.770091054262593,0.651677229063353,0.876240155320673,0.672925407213026,0.222414563555503
0.729130327934399,0.149102899216814,0.685737137667381,0.559806302215528,0.417288544791518
0.0654158391989768,0.618765414255904,0.0578575847028503,0.12890454228761,0.0546532773587387
0.999567558523268,0.994545480032684,0.997006280490018,0.999562440457111,0.988973989413353
0.908585977274925,0.731647829554277,0.891079746809754,0.823617594380253,0.66019408221473
0.527778883930296,0.745647739298875,0.535184067370222,0.386359223776699,0.359471654839581
0.162621654337272,0.336968567484291,0.785520727998775,0.353296251752443,0.534734795190161
0.203740565571934,0.231982261961093,0.75712262637709,0.311738308062819,0.355211874906672
0.554749228525907,0.592057039291831,0.464569589474812,0.841602035015396,0.626648946519708
0.642905612243339,0.0772379946720321,0.241999443797268,0.869586387684558,0.878477494377876
0.449075972195715,0.869179993780563,0.286429737020368,0.270412115333063,0.254386597807752
0.987434743205085,0.408453794632806,0.98716649459693,0.743926849027778,0.516912761871936
0.674025614047423,0.259499106643489,0.682083535889345,0.461095714478867,0.58238074471592
0.487838863162324,0.266051993850851,0.787939025263018,0.430448496142191,0.466440372023499
0.968241412425414,0.896267894044286,0.9331509984121,0.954833586548965,0.836477069620742
0.243623523274437,0.096930041530868,0.298839303739801,0.948651103986787,0.859006453101756
0.550048624631017,0.0714237113425042,0.942326329091689,0.289614036741335,0.119941513083177
0.67133367434144,0.429331272811396,0.642441398673029,0.75349338159153,0.610778889764333
0.694444218184799,0.398836505861254,0.653618092223109,0.683310519737072,0.263235028513009
0.0197015737649053,0.618592113576597,0.17523142032448,0.160475709550204,0.311743666854454
0.0733306978363544,0.490743381116772,0.0190230037277817,0.0662498739450922,0.944032653496834
0.875693015055731,0.778435400250601,0.842193511005605,0.818082908674822,0.633024472132092
0.429617118788883,0.150534436950693,0.214099331881427,0.634841277888404,0.897774598357501
0.414495081873611,0.593531064427225,0.266630003015275,0.603503423095209,0.223381003685063
0.972736412193626,0.536407094768947,0.974983306997996,0.738752660537248,0.0253060551185627
0.80723388842307,0.615807900641812,0.742782046762584,0.749269489475927,0.429145243746461
0.527315013343468,0.250191159400856,0.613336514147731,0.30261126578365,0.561874106730102
0.164642978459597,0.679251976922387,0.16063047942493,0.195446731604771,0.174243545130594
0.103863757802173,0.248724322445923,0.48576230496249,0.341967413049906,0.790798847825499
0.23493861220777,0.215368021017639,0.964359630509889,0.493937567191066,0.450552653084742
0.656877141678706,0.0136684701719787,0.766673350017713,0.248043590582397,0.538619897299213
0.78126468649134,0.244885472668102,0.882270401974971,0.488783006550088,0.235428527084878
0.286967055173591,0.492476174345938,0.214285148752819,0.439962820198034,0.508866636577295
0.496447490993887,0.191471460188041,0.0150402744577297,0.296503738967221,0.912922720861388
0.804417527047917,0.0602130302868318,0.826832113790154,0.292450280639237,0.356077313859714
0.834356457227841,0.435459227737738,0.757485183305647,0.804844746205077,0.351599658984924
0.801120103336871,0.420381302916212,0.905360246903861,0.606866019504227,0.244932862435235
0.185417136643082,0.0120226653816644,0.533394121252577,0.567173178903963,0.801393817033386
0.841410802211612,0.499536382703809,0.827085292102363,0.74483741429392,0.766879219881957
0.0450446489267051,0.25232752514421,0.139138646243243,0.385705688982858,0.988429227116285
0.997396720340475,0.902861542970641,0.992191976859433,0.980231625337584,0.976587467099307
0.0797322732396424,0.689344981539762,0.217587041316865,0.219867494452596,0.0435988098906819
0.871517576510087,0.00084198554395698,0.743389797849677,0.162869498955498,0.590588050457882
0.365489844465628,0.367975986591773,0.802035875752136,0.353801860074671,0.0528379024181049
0.92590292613022,0.632556314551039,0.907943545079895,0.821852948131222,0.732474075892242
0.192870762664825,0.142454158369219,0.22315228348023,0.690778375365196,0.918954773718724
0.705037557287142,0.0498092716734391,0.584424945428725,0.569594557150219,0.687426501041045
0.165618514176458,0.500133076071506,0.3359103727794,0.414080372059958,0.167023210116895
0.345496893627569,0.0677762434643228,0.857437238798164,0.227566509887822,0.370844193763332
0.393284863559529,0.677877452719258,0.324318349045616,0.506363620861011,0.18066004422144
0.0170803144574165,0.587260384083493,0.266050540057718,0.242801847605577,0.0804047438141424
0.878358410205692,0.21810654134606,0.839094665701513,0.628034157274358,0.281620134221157
0.672226291615516,0.11634781039902,0.770392506639008,0.449839493314748,0.471704808442155
0.461567596765235,0.148216772970045,0.817665848682164,0.320721811459481,0.402764787344495
0.869141704402864,0.787181078834692,0.834730622479369,0.789273495854872,0.547611086716643
0.248214561492205,0.725623767910292,0.343663647962559,0.247460887402946,0.0701014901569579
0.00783566944301128,0.349020244990243,0.223694514944162,0.444524850831695,0.939033466362162
0.339122124714777,0.250708047271473,0.232787664510608,0.500435267804267,0.865692841383861
0.830445245606825,0.678353482537204,0.840690137770246,0.720827980597418,0.528710750251776
0.791882245801389,0.903334174159681,0.690573716654133,0.650714896969662,0.484357030683896
0.0967507818713784,0.612437348783715,0.0630965736127104,0.125255136623255,0.260153190843994
0.53808491001837,0.983832953410456,0.27377600747712,0.146770318076406,0.241896261723014
0.825979576213285,0.242892765178112,0.228447356653331,0.728950117561404,0.716824318486033
0.628006991697475,0.11195923158084,0.271516431182894,0.91486941653486,0.832534280983964
0.630199584411457,0.982015186251374,0.342073964550867,0.321022619847726,0.309550114820013
0.104650910710916,0.335380860982696,0.266624622442532,0.268625469101219,0.984555713745067
0.802578527014703,0.778167514858069,0.67370030889552,0.950533172383655,0.742293407063698
0.373474481282756,0.556495406344766,0.138879322105208,0.361619640123289,0.232422930683242
0.571295249974355,0.776955609006109,0.520288272592527,0.45353108167455,0.439411137514981
0.905788863543421,0.950098109402461,0.802987242089713,0.969428471016674,0.74313829318271
0.605058040004224,0.0376207990047988,0.910923885484664,0.220937728688375,0.290084056701744
0.188851913670078,0.236667512072017,0.6090221818313,0.156801434308806,0.750998162460746
0.164753451244906,0.0762125007167924,0.991002321024541,0.309872373763877,0.190256735746516
0.612033163197339,0.725978676025989,0.41655675066977,0.872075281456572,0.691388238890795
0.560829780530185,0.787009182880865,0.33650406440276,0.664049062449056,0.307451400411082
0.168971017468721,0.49835569030256,0.119610397215038,0.271701915834543,0.716587053233525
0.318591505754739,0.215783463645494,0.194109809571241,0.553404978219579,0.882209640025394
0.435881258454174,0.976201062294422,0.189545862856647,0.060707144513823,0.152570265199756
0.240435207728297,0.571269657142693,0.231651411292315,0.284965725684547,0.917435373266926
0.999890806386247,0.844349154765951,0.999675130587254,0.970657469963215,0.952306836523348
0.0191258487757295,0.173124604014447,0.67295547196678,0.114061275915783,0.625645521649858
0.531840036856011,0.312166961753974,0.624946341571448,0.46466542924039,0.692037571250694
0.683660375420004,0.337163187650731,0.575549495224687,0.855246737553651,0.690438561694464
0.114800567738712,0.0731996964022983,0.770999516474307,0.226296305886107,0.538302373868646
0.622009102022275,0.156031694699777,0.298194857752809,0.830176983387018,0.778512380464235
0.603062527254224,0.366164557199227,0.419657059524164,0.809471219149215,0.563712000002852
0.324967347085476,0.544987642293563,0.207195525558564,0.488834848953043,0.0638215198123362
0.585167407058179,0.280790012300713,0.491261527538474,0.665364026840289,0.391159151186002
0.788584248162806,0.238187871262198,0.710321065266967,0.684121243532319,0.520420770655619
0.507336819311604,0.458759670989821,0.677848674350248,0.343045015857157,0.384684741176898
0.794988040812314,0.123346477426821,0.974725472908563,0.402243841174152,0.130721627472667
0.507323374738917,0.814625729486579,0.240465992402511,0.480683081010938,0.263957891758764
0.541424647904932,0.969190038769739,0.346459082993572,0.077691046757366,0.230228711181553
0.201568848453462,0.741619180509588,0.0628718226985222,0.109106028103289,0.0195233564882074
0.82974860467948,0.781776700139744,0.701332663807237,0.963052185852496,0.903369213774567
0.896778545342386,0.856264136993559,0.818949688883391,0.929183279073345,0.779264878976392
0.327044870238751,0.127667287219083,0.643133022371019,0.441508946115357,0.624804196617333
0.0610758161637932,0.561943649401655,0.188640681938851,0.268045486676155,0.201993097580271
0.115981540642679,0.657519275293453,0.0243725167283834,0.0573887758741771,0.0961088693293277
0.431839782511815,0.773367198562482,0.371219215013992,0.504090808929371,0.254633779259166
0.197534607723355,0.0875015245110262,0.208251712678268,0.771685366223848,0.929865126643563
0.636280256323516,0.97095826183795,0.425764459759143,0.2357197695201,0.353835440269904
0.226556207519025,0.0510907097777817,0.365115653391659,0.875350957086426,0.863317540002754
0.626196635188535,0.888015151751461,0.408737607187174,0.74069093708066,0.440989262162475
0.123711225343868,0.589712116197916,0.124087223560768,0.17461121397082,0.84301774049527
0.0183504763990641,0.575830956251593,0.148748928628843,0.18539892680908,0.3622956952604
0.842324379831553,0.457692056108499,0.730410121534685,0.799672100684819,0.0665284740098286
0.571105026872829,0.945442638621898,0.340813801709187,0.195288810779398,0.283078903827118
0.370144575834274,0.393777089804644,0.146279661255313,0.573179426073523,0.239022715046303
0.823603990487754,0.00294719557859935,0.644233180156944,0.261509779081337,0.677006526762852
0.784236278850585,0.235105096100597,0.575027609296426,0.742858661248038,0.0241737817705143
0.531380170024931,0.635489106789464,0.465004865033095,0.61692599879021,0.0520301380602177
0.350084110163152,0.287471073592314,0.270375723806256,0.841412789873228,0.560703389783157
0.810607371386141,0.847741336299805,0.654886608953874,0.968798162785169,0.668799418286653
0.934869198594242,0.00459794557536952,0.968298350700422,0.116465210399455,0.0512895110005047
0.680052659241483,0.241771331318887,0.827120573029138,0.493776246038727,0.285494969662977
0.168782687513158,0.65141975399456,0.357844635581373,0.160521394432274,0.236638404865516
0.700589520158246,0.581629356340272,0.549787998280135,0.826484831451452,0.374919051682809
0.438712512841448,0.835487707197899,0.291977177285235,0.341125988802316,0.221312071225839
0.569755541393533,0.169372242555255,0.679344100028857,0.275837497083372,0.418346426886274
0.806893819477409,0.196212967130123,0.0827969083406486,0.695912357741155,0.753091685503023
0.13465647213161,0.715458898310317,0.160754421520152,0.216510598714891,0.0313946668466087
0.490480728214607,0.235013607278233,0.624169823472987,0.484057514011061,0.264976092235884
0.949591354699805,0.852092459885171,0.926593731027469,0.89961543434198,0.644254274055129
0.882396358298138,0.619034285628004,0.833901209011612,0.850455910862197,0.899609394284198
0.737705436302349,0.521590148127871,0.763332485203411,0.622268179194198,0.148157749994425
0.0988652338273823,0.974821351323044,0.00941439630467872,0.00315128952457782,0.00673590754740871
0.913326659938321,0.581134883250343,0.895906228349363,0.74321821088154,0.114040691201808
0.717208712594584,0.445711498818127,0.889966172905147,0.578634965283025,0.0778102285403293
0.130492735654116,0.159227685100632,0.504348666856029,0.171906595955437,0.836459658894455
0.00892040389589965,0.413656870339764,0.261636353175123,0.144377717070307,0.994057050120318
0.657626867061481,0.43591996942996,0.419060077178396,0.766402873756676,0.127427250117762
0.599442859878764,0.515168618963799,0.349426191693475,0.927541066017411,0.344874737464124
0.0438218028284609,0.242997187626315,0.72065632569023,0.0923400070980261,0.598199182568351
0.701687232125551,0.899474564968841,0.579015510081095,0.479814513448621,0.442991080548381
0.865837307181209,0.838041064998833,0.78898028304367,0.888203720571076,0.691396104084561
0.072920637903735,0.021069837763207,0.417736436163748,0.849777742073673,0.872195508825826
0.700743624009192,0.555845587485237,0.676270313948519,0.712881748351422,0.592330324667273
0.461855101399124,0.103878330817679,0.234382223257298,0.933663632650291,0.86634222351131
0.894803151255473,0.366064675996313,0.840643215036499,0.722971873925474,0.448225874599302
0.091922125313431,0.0341824748611543,0.982843370765069,0.222361152407399,0.130183149973163
0.688250457402319,0.745555377070559,0.725892037663042,0.345509184435993,0.16439498445834
0.0952890603803098,0.570181064977078,0.1187990887212,0.171850759415826,0.772906516707735
0.301789440680295,0.031222135090502,0.117426384654287,0.874324083176527,0.971574470371706
0.970941389910877,0.67356919721351,0.982978192513791,0.78744578650801,0.0628024204343092
0.879245465155691,0.998747106670635,0.661983934975137,0.997241501023728,0.686419079982443
0.607721026521176,0.777908472315175,0.530159988537455,0.378912425834731,0.342048825899838
0.531625370727852,0.718643869069638,0.475928466818171,0.315238483962697,0.269175946217729
0.850369215477258,0.875705685553839,0.754332921030916,0.896463817150874,0.676335869036848
0.559712193673477,0.365086279081879,0.649792982932717,0.552987082082784,0.382168489071773
0.329376805340871,0.0622725634893868,0.764954604740135,0.274645305752762,0.512757475749822
0.556641185889021,0.570652623748174,0.494730618498596,0.716146791401767,0.832338787411572
0.349321337416768,0.89228727077716,0.378959356926366,0.0539449886017546,0.234282005141722
0.0581495489459485,0.871153123880504,0.00193548582819209,0.00204393686982525,0.0205167084641289
0.295441285474226,0.440859388647368,0.274713595680826,0.337110694580852,0.873084660939639
0.36683350475505,0.0257120898168068,0.607580073880011,0.183003994573368,0.72241708621732
0.708574590040371,0.58097271839506,0.694472928225873,0.747435371130617,0.877413708221866
0.965038734488189,0.292266963137081,0.600566597879288,0.990557907714103,0.132739715481875
0.0687391767278314,0.887333127524471,0.0132806406793053,0.0114942918479211,0.00533182107028551
0.359021307202056,0.909001040126896,0.22826350428986,0.153765237129486,0.103848549042596
0.0243723196908832,0.448367032659007,0.333732959122217,0.182167937642865,0.770805540058063
0.858565824106336,0.487330216943519,0.824932162998999,0.719511758840678,0.120926297240658
0.477339220931754,0.425813584442949,0.261436419433569,0.706598570601171,0.584685181354871
0.112080667633563,0.759662435535574,0.132785019701013,0.0681910952729626,0.243124733009608
0.726905917748809,0.151306557381758,0.66869029700732,0.692683661631028,0.375016816746211
0.809490838320926,0.821821661869762,0.778045054679872,0.704500335278878,0.50901290946058
0.585945366183296,0.72991198694217,0.580401684231707,0.28163030259814,0.380617160204565
0.839220379944891,0.997107851231704,0.627440838145237,0.950274431970052,0.576070093346061
0.9430776105728,0.38304370539845,0.956978708603095,0.662007846573523,0.0716962986916769
0.261930364649743,0.0951458965719212,0.480532766281949,0.678461124901052,0.751845211634645
0.9968306501396,0.795203706220491,0.99341212185692,0.943251948865012,0.948583793157013
0.516795128816739,0.0712756158609409,0.435334361212293,0.653773146393305,0.777646848437143
0.993878847919405,0.989625934133073,0.979378408941932,0.99406152643642,0.702305534417974
0.4108519742731,0.796703547151992,0.325223579783057,0.324799343864214,0.181586469669128
0.8953804501798,0.965869348932756,0.779224350328454,0.957531850633693,0.670028890745016
0.989985302323475,0.519235065410612,0.984354042762404,0.834710840420717,0.921427792840404
0.213634958025068,0.363367093523266,0.198545125196736,0.55477059129631,0.771042208507424
0.641151094576344,0.42142913324642,0.767660356127595,0.568628699575984,0.623783640650799
0.845994797535241,0.350595585914562,0.817793873227237,0.640544659530999,0.161977282812586
0.13725780392997,0.21084159318707,0.192784337311448,0.365919532984758,0.971736735518789
0.675778908887878,0.694019363640109,0.654570583960151,0.611963173048269,0.57879868344753
0.655785799492151,0.755347826139769,0.646943463305936,0.402070670127477,0.291739991487702
0.0908178333193064,0.459132852818584,0.114929222177639,0.259034122271864,0.85885857991525
0.0432547267992049,0.547859423066257,0.388731723761145,0.113340991442466,0.690612196718575
0.682977748801932,0.743160743295448,0.648935546579991,0.738937935578444,0.486672975152032
0.975677117239684,0.560491988464491,0.974320687505066,0.823560049092537,0.936827369296225
0.36562641360797,0.299990587140201,0.44770732108394,0.559761616763765,0.692440922925016
0.754244516370818,0.149187599745346,0.502947544520897,0.865384144630885,0.589198793953983
0.107680258573964,0.856950736051658,0.0234837820382874,0.0213693133975097,0.0636265435314272
0.965908458922058,0.0223077594710048,0.667947718820809,0.540046755800179,0.586835957277799
0.697429839754477,0.590345439180965,0.63827859113183,0.835181397760684,0.773008541058516
0.381098782643676,0.689160292298766,0.315472428458855,0.478069420176503,0.143016731453827
0.316977837355807,0.600048411259195,0.375515344320485,0.381205433186038,0.478518611838808
0.0686636215541512,0.390342053869972,0.146502569312809,0.34790521370107,0.938488817162579
0.35734207322821,0.166878799762344,0.573159864052005,0.412359474368098,0.577207404276123
0.48251595813781,0.141848001308972,0.524593218900898,0.921920674513241,0.687967649690108
0.219887293176726,0.252961299062008,0.691032213341518,0.343059479118371,0.562133826693753
0.438865007832646,0.977628030144842,0.187069990433114,0.075546448933908,0.16984687911463
0.849344436312094,0.67330365741509,0.788643947450006,0.842647266376471,0.726210161083145
0.111405116505921,0.484062313946197,0.136845309392907,0.228903374289183,0.8174499803863
0.614640476880595,0.750044033484301,0.540781577889904,0.727529265770112,0.596488339739153
0.988294513663277,0.115110309066949,0.993347941748802,0.468930019377665,0.0448129245487507
0.310351613210514,0.182717065006727,0.239386232791063,0.86931720472274,0.841952892282279
0.704237697878852,0.107667533186032,0.845984412689145,0.401459327074156,0.325074280641275
0.545446159085259,0.722226805490209,0.417552301259487,0.71572681300978,0.429074045008747
0.878933018771932,0.373132979875663,0.799197456611274,0.748537455718708,0.337365724641131
0.880505995592102,0.613214699580567,0.873489914029143,0.803237860060054,0.864753611880587
0.594425721792504,0.0407838755927514,0.477961917537032,0.901093166083943,0.781600161659298
0.55590991396457,0.938741809717612,0.352055494054465,0.353594733766661,0.290726739127422
0.157902873121202,0.342412871163106,0.463197578493262,0.516301230164348,0.668460012791911
0.418302346020937,0.101663379493402,0.218500590815053,0.83752470909863,0.894506925455062
0.92279746523127,0.615432190330466,0.913221057692775,0.797783826449024,0.699983048805734
0.896784701850265,0.268126765586203,0.899989800605234,0.595515889364492,0.179765136592323
0.86009862436913,0.614560452377191,0.854967488130971,0.727269778345169,0.453117338911397
0.699178793467581,0.861724095972022,0.581010454755301,0.582964726872556,0.432063897285843
0.149268378037959,0.324307776201749,0.449909579222949,0.457681859599547,0.757189793192083
0.685459906002507,0.818215035978938,0.606032626309887,0.507474034917297,0.451310393953463
0.00320222578011453,0.335748936602613,0.368661093611692,0.270869713174726,0.977095257054316
0.341648798435926,0.622814014990581,0.30795623808101,0.16882455940709,0.599840888375184
0.657276596175507,0.359769146394683,0.556203779182973,0.718985074731762,0.652371143019991
0.793608981883153,0.932911778305424,0.589833541603028,0.984934444117089,0.574708469881443
0.874481188133359,0.591133339592488,0.780856744637093,0.904938963299402,0.876994644728256
0.278394183842465,0.438408582849661,0.087830933930746,0.256347265319137,0.791432368889218
0.0596545559819788,0.985718981683021,0.00889152972464924,0.00168204112127794,0.0191889406123664
0.909817089093849,0.63932969092275,0.847789928572592,0.877167532015615,0.771425695245853
0.259272372350097,0.894997370050987,0.101659422258909,0.0891336642914169,0.0438514829438645
0.125547590432689,0.305541389650898,0.096330848811088,0.396748860511313,0.945905791741097
0.333405913319439,0.244942160352366,0.885778030822855,0.394090056007782,0.127363005856751
0.0615363663528115,0.664985060779145,0.0216224467803812,0.0618044003704285,0.0054937508830335
0.923238077200949,0.0757044601195958,0.673142332883148,0.596395875843395,0.454021411860595
0.394624218577519,0.595623361266917,0.359719425883438,0.491823670470364,0.147517082717968
0.874835084890947,0.467722133238567,0.830909310394345,0.789291149952037,0.872440119535895
0.910289957653731,0.899962625437183,0.84546437173424,0.919998111219041,0.708302982413443
0.774048156104982,0.407438901165733,0.819717396487976,0.570435973109173,0.0648088102170732
0.115699151298031,0.543494106532307,0.256335070027213,0.212100178532498,0.594082163152052
0.358152930857614,0.601071151235374,0.230003801372126,0.385225123575948,0.116836257191608
0.715248608961701,0.262634525046451,0.53770027072597,0.909718388013049,0.652871003869222
0.145127112511545,0.265675161179388,0.318668580171688,0.618824952594251,0.861294222268043
0.237868809141219,0.531706222711364,0.0999153511750974,0.267838096409494,0.551486112206476
0.742479573003948,0.324228179262718,0.94393702616757,0.516789722032405,0.0822787006327417
0.171168765984476,0.125331010873197,0.413756713244419,0.482451566084435,0.803730152110802
0.559680730337277,0.831723850540584,0.464117305032684,0.311815815840088,0.390325451880926
0.116616539889947,0.229388379520969,0.332448129847285,0.72284661271781,0.787191392533714
0.0959535469301045,0.66789145176881,0.176452937039477,0.159298116248845,0.243695797718829
0.217963269911706,0.436430940433638,0.044652348812692,0.176236142083845,0.70803031543619
0.30463550449349,0.0930930640606675,0.811133226751617,0.214349866580912,0.469342637079535
0.241037986939773,0.442910474346718,0.274324756795853,0.177422638250005,0.947327316709561
0.0808076788671315,0.00920199314714409,0.322674560499259,0.973706480511454,0.923322358605219
0.601844855584204,0.212649868131848,0.113829686907093,0.763447900377214,0.792301243141992
0.0717314628418535,0.390647141699446,0.568068863555635,0.0807562180936555,0.582992892625043
0.0493506465572864,0.547754547238583,0.201308310577434,0.136484519397599,0.988768129929667
0.897472845390439,0.521040753781563,0.940322125165293,0.708523060749095,0.372131349489791
0.13652147562243,0.591930437454721,0.13819832837966,0.16560804252478,0.669519042625325
0.897913191933185,0.738910074724117,0.866103250727394,0.832108741144277,0.655701293697348
0.813896263251081,0.20568630573689,0.960261737477613,0.507930296847593,0.171140367136104
0.256054295692593,0.79724026817712,0.113534634146493,0.124331032568664,0.153845924505731
0.208315124735236,0.185135924926726,0.710988719606117,0.257036620717922,0.426121410535416
0.455726977204904,0.975949848972959,0.252298947862526,0.0638418013098418,0.182629043207271
0.729458129266277,0.183165330177872,0.734072224998431,0.440613728112439,0.250264202099061
0.409044441301376,0.112081732106162,0.340602569547951,0.964914017249689,0.805514242762001
0.28886969992891,0.527588853408815,0.340835608980565,0.391477528305866,0.880473789962707
0.624481966020539,0.627096550626447,0.673250855262835,0.667697427206786,0.643194483738625
0.239963666070253,0.88368485312094,0.100187761532363,0.0737239327267578,0.0975629281892907
0.742140989517793,0.908917098393431,0.591062718323045,0.726389251893416,0.47485276820953
0.314119399059564,0.358241186972009,0.804588726876451,0.396639184196047,0.169637796265306
0.702296450501308,0.734875576308696,0.653676111178743,0.582126478026883,0.497083659662167
0.440833061467856,0.957992120151175,0.260332538280536,0.0668912222230438,0.188086050766287
0.440517974086106,0.649799734732369,0.281030067646261,0.474422386905305,0.118254817411071
0.481255932012573,0.88907066124375,0.319926601128321,0.216944600315627,0.272274192160694
0.99580389726907,0.449396005045855,0.996122281029603,0.785196407916403,0.721489995106822
0.479213014710695,0.558802037296118,0.292336084068766,0.72716406779727,0.171787714323727
0.337669521803036,0.463540629221825,0.235113543974581,0.366074297845413,0.694298988470109
0.474192622117698,0.738809311209479,0.149928336805801,0.282399492613168,0.24983720635646
0.42363749537617,0.25714541200432,0.816593375228939,0.518042758212504,0.546467608975945
0.615372783737257,0.221826173627051,0.815422930669771,0.42617891033077,0.287259485252434
0.764397699385881,0.472949097427772,0.866639651770291,0.574949019720091,0.132038270734483
0.7945688997861,0.947795584535925,0.656400404029191,0.65447385691658,0.476185394596541
0.146587103139609,0.387155820004409,0.412721309123787,0.762029929512557,0.778691961750155
0.70651072403416,0.277677762467647,0.974526757152799,0.503601593432759,0.104089953267248
0.198169002076611,0.896584732196061,0.13805163653562,0.0706869955350811,0.0651071474130731
0.11534702591598,0.823773876210907,0.0630557431472483,0.0585751767816618,0.121285711211385
0.521273074438795,0.298809334432008,0.33414681513039,0.829611006084808,0.653536152996821
0.963156946469098,0.874333969288273,0.931981383397167,0.939338060048021,0.810966165707214
0.578758032992482,0.50106323583168,0.466396256922161,0.902794070068309,0.681823655584594
0.409733924083412,0.907537424383918,0.325973140192025,0.090388453402221,0.182271136989584
0.64699347759597,0.823313836444868,0.512210950098349,0.64801224783619,0.480187442182796
0.921166949672624,0.943200915149646,0.840954977384863,0.947017502486542,0.707362794055371
0.187301123514771,0.219222265324788,0.487625452955695,0.650006486226315,0.687004075472942
0.983813441591337,0.676700857613469,0.979927751684194,0.864220303825792,0.808314002148109
0.513384260935709,0.892872205498861,0.292644743398799,0.366323008126994,0.315516004426172
0.759691559709609,0.506797430251027,0.715474990244325,0.736371504320221,0.446744450746337
0.755077315261588,0.307519599067746,0.807348877287478,0.672365606303311,0.498456349159824
0.436342076165602,0.249343951785704,0.869635278571465,0.346609966062634,0.0106694262649398
0.11238786415197,0.945586097281193,0.0135958194043397,0.00743561239200833,0.0178129140695091
0.933160807471722,0.818548382114386,0.878086674099371,0.943452802784722,0.962597700214246
0.173923144349828,0.147924993216293,0.322184533035498,0.630949471791574,0.860161925054854
0.387939457781613,0.537695029604947,0.367009395149353,0.450726793180005,0.563869298115605
0.185823539504781,0.141362357797334,0.479969735562497,0.398107493628925,0.757399214111501
0.379489068407565,0.870190009911312,0.403528486705323,0.0505541243748367,0.281139947444899
0.0244234190322459,0.948972056241473,0.0239513976854486,0.0102590075022325,0.000451177038485184
0.7755811533425,0.330397073266795,0.472415959567509,0.984256056608769,0.333988566679182
0.51505780685693,0.958180415997049,0.309918092817136,0.137331184747605,0.24066299086553
0.75837539602071,0.0385851930768695,0.245391142610098,0.853407221189915,0.883304029150167
0.38883495144546,0.944988756877137,0.231643553340144,0.119038075701531,0.171657165250508
0.431986138457432,0.89042154015624,0.310238602026161,0.155385178453189,0.180754954722943
0.603015525732189,0.748918590921676,0.508082584124154,0.522541549728349,0.434140337951249
0.225881036370993,0.0584906008734833,0.648096880444566,0.598693489948406,0.614535658067325
0.773782540112734,0.21631087656715,0.360574972933517,0.826782607421255,0.608898770908127
0.422296898672357,0.92762024604599,0.249897876983445,0.111132705339032,0.155900817568181
0.163629070157185,0.623970559419831,0.0401591166811675,0.103806529190318,0.198795072530629
0.0815320154651999,0.610864165093517,0.209901672989297,0.17867932008967,0.343925067427335
0.984914194326848,0.610176174232038,0.975563238891852,0.866648500401601,0.885210347158136
0.9646167519968,0.476183309307089,0.980611420777848,0.703289120267438,0.0868296004773583
0.389709140872583,0.111638284724904,0.501944277651038,0.517764209965157,0.707105874986155
0.0123015141580254,0.235161033604527,0.360692101155999,0.627171555097075,0.920743260736344
0.142168201506138,0.0893920006637927,0.284085973316999,0.603959003140973,0.912418150837766
0.858181207207963,0.215994896920165,0.9920863144605,0.514956489479709,0.0733500359638128
0.939253832912073,0.481622746825451,0.944586440809126,0.725366304303202,0.279667492228327
0.672841989202425,0.77452229624032,0.569950395633538,0.578637418385553,0.602257732971339
0.478628881042823,0.140743254014524,0.181269367361024,0.823988361921475,0.880659327056492
0.853765250882134,0.0146909242903348,0.647817316003733,0.328006360279816,0.634989357815357
0.47005860763602,0.20483261733898,0.381071555453152,0.720445575221179,0.627397131436737
0.654378672596067,0.662285291735316,0.732957699956343,0.478824468801172,0.39355789279216
0.505175223806873,0.497651949204737,0.58995143067166,0.576769352058661,0.362044305104064
0.912735285470262,0.493829401413677,0.872909740237939,0.808867455231016,0.903240298241144
0.57780127110891,0.591479699389311,0.532260212409138,0.672722633405543,0.740337803581497
0.85999241983518,0.971414165309398,0.719603702218924,0.929435369977649,0.601534106797772
0.280015823896974,0.538264167815214,0.176074217094622,0.378617863596018,0.226210099441232
0.0200242374558002,0.674210828001378,0.0478820816839625,0.105951430744218,0.0147765335568693
0.762256941292435,0.450574256043183,0.651059621349779,0.698263946060395,0.191039342986187
0.76829831674695,0.714698607771425,0.536875104145356,0.984212977554311,0.805966871703276
0.58055213605985,0.688088624476222,0.639576836802399,0.379720320826451,0.341335236240411
0.779323812806979,0.765460122056538,0.626097184746581,0.96316482873526,0.824129684042418
0.195770414080471,0.289883342076791,0.26348982621379,0.64516250900972,0.829630785650807
0.5691819624044,0.810707154945703,0.602976947980349,0.151582516226393,0.300860445218859
0.0902084999252111,0.435718662134605,0.281101611944826,0.511010169455863,0.572446089208825
0.67709185089916,0.31654978406732,0.366596855547743,0.839496766896588,0.615526394016342
0.1954189396929,0.112240218470106,0.147302717360264,0.833474322823778,0.94623776289518
0.0937664173543453,0.644894648488844,0.0515612803880576,0.0980824690172783,0.310672936873743
0.440145152853802,0.468721843877574,0.394084658599945,0.463355103124916,0.595511620311299
0.306446285918355,0.633047552051721,0.534021176524454,0.152609853875609,0.291209180577425
0.701270619872957,0.640158369584242,0.61815951142832,0.884230499999598,0.915514779364457
0.618654129561037,0.305480928072939,0.167765139258846,0.689844051966034,0.555925713590113
0.200392080238089,0.368815670983167,0.049025865390298,0.215997420951836,0.90415465013939
0.484646401600912,0.222575919673545,0.210872473759835,0.43453310704413,0.841604609246133
0.820144371828064,0.766781331883976,0.7175084761323,0.9268997433772,0.861615276633529
0.280166225973517,0.851308523473563,0.275639269836938,0.0959744339054937,0.190001434559235
0.965917794266716,0.56609247342567,0.96365547556841,0.815009303747176,0.903136528650066
0.458256936864927,0.828494779969333,0.307708988812444,0.0364629520038535,0.214021022809902
0.17211438366212,0.517902387509821,0.0920381816435301,0.261920623108249,0.483203190698987
0.934200195362791,0.224468903819798,0.945916717284559,0.554306014922745,0.0877297960978467
0.490877460222691,0.506156338058645,0.386853703403826,0.864778873480101,0.261734184838133
0.383559660054743,0.0416330819425639,0.996565324683043,0.25280513256232,0.0374404850008432
0.176651280373335,0.174262973392615,0.0157133830448468,0.281298481136681,0.98061578211491
0.762294351123273,0.701039693580242,0.72903443616044,0.716441729575783,0.602846781810513
0.262111634481698,0.630402693379438,0.188863629275554,0.336105571616333,0.158631330617936
0.553028880385682,0.344473673932953,0.578853656919483,0.753338144016221,0.202115130814491
0.54032650985755,0.104584052314749,0.722454757513969,0.445450741265895,0.5052801228303
0.559284032322466,0.691105044417782,0.225106997205421,0.496052905113954,0.533552413486177
0.210830206982791,0.48611458032974,0.140095598383099,0.365065715024785,0.344090839585988
0.303001918364316,0.319515089184279,0.599019194851001,0.365700776875492,0.936067195230862
0.580720205325633,0.925570103718201,0.43106672402144,0.161511040028748,0.323101746413158
0.77797030005604,0.924605964653892,0.673122194941079,0.715873431832681,0.502533527527703
0.526887737447396,0.750950271176407,0.298956352950678,0.621394363983925,0.321047444682335
0.449963863473386,0.274034255562583,0.856351155589852,0.388683990148891,0.272432530269725
0.896952891955152,0.237157386232866,0.196367638255405,0.898889199007708,0.568878150865203
0.765030250418931,0.102488765231101,0.977680306407636,0.372407180556118,0.0399874481663574
0.878255578922108,0.0193361489509698,0.76278884362728,0.282391290163042,0.498687075654743
0.0337129621766508,0.16454897398944,0.468558225562319,0.0473510734820642,0.866238955553854
0.189592355629429,0.836343646136811,0.123190197994879,0.0982456813027528,0.0781133547716308
0.782080879667774,0.638250628457172,0.742673024617342,0.74363714822842,0.55137304586242
0.00392041704617441,0.214434648369206,0.346919079526696,0.40846622768787,0.957722605409799
0.0534841998014599,0.719845126528526,0.168131851230838,0.103243863950742,0.210358068492496
0.301935988711193,0.848630167922238,0.146279703639271,0.133055328346263,0.213100281107472
0.819136064033955,0.957594690524274,0.619841878047931,0.985893133312836,0.595123969920678
0.948084628907964,0.688225880352547,0.904522125200433,0.902689285626798,0.908714511868311
0.0618370168376714,0.415872715268051,0.474535635276488,0.348443163729822,0.366013716877205
0.842597772134468,0.935923060897039,0.731849153877285,0.843666748801743,0.569837977440329
0.926606904016808,0.392776091437554,0.860072210682369,0.780115252695514,0.74889738150523
0.88718059961684,0.631232572864974,0.813647235357781,0.854636773253307,0.486469876166666
0.756608013762161,0.343544189672684,0.928814185667005,0.54881461944696,0.19944038221729
0.284454350825399,0.295411494356813,0.236506421652407,0.433715840277666,0.89267663503415
0.52842145645991,0.847695828211727,0.395020924416567,0.246834140698558,0.353734154283302
0.956252661067992,0.985410996858263,0.883556437129358,0.990890021339865,0.786148438433884
0.995400002924725,0.457485116930911,0.995035902310823,0.784660111566933,0.510039651737316
0.677061403403059,0.707038872962585,0.705166392412132,0.416138783963909,0.113673508021748
0.571552452631295,0.76769207927282,0.437658793120023,0.339548827854802,0.332471266476205
0.89680156391114,0.892374180286424,0.798751538072658,0.965441058371988,0.819638179527828
0.972363556269556,0.385774573573144,0.978059780244681,0.703506536360979,0.228487584536197
0.350691934814677,0.229767985903891,0.611028895228297,0.441002486098882,0.553186307806754
0.992597855860367,0.576363211061107,0.985886306435587,0.872151334982645,0.950347466074163
0.103500036988407,0.302737604972208,0.0445718670106986,0.284214081483078,0.950509429472731
0.623063582228497,0.142296852805885,0.545923597805406,0.454365413365673,0.655755561689148
0.181972102727741,0.879376225435408,0.0459982706840031,0.0354420259980991,0.078675660333829
0.828987885033712,0.130950934108114,0.760892408250491,0.546587941446614,0.359686568874167
0.729711859719828,0.522860221419251,0.772700778852612,0.680975819957029,0.356100673641777
0.923214382957667,0.444560044707032,0.946655334818429,0.723791783198699,0.724357388244243
0.146064390661195,0.0167807917750906,0.221805599130632,0.94478494843009,0.9534825332521
0.0950249121524394,0.18202421508613,0.0571693036258535,0.419763135030332,0.990194018202601
0.727875822456554,0.200261434045387,0.936146802627058,0.434546013197571,0.0824245923140552
0.724911620374769,0.531776286457898,0.626850714259427,0.816744361391371,0.606076125492109
0.597571726655588,0.558856918913079,0.474513477376219,0.847887470395094,0.502421632962069
0.0107410724740475,0.431861597549869,0.24644299807419,0.191183569482722,0.950464532681508
0.157853966578841,0.471480828447966,0.495930018092596,0.185630172503013,0.576087181078037
0.467644100543112,0.972452829155372,0.323758327447583,0.0274803205230516,0.204494643345242
0.467123033711687,0.315885090414668,0.438419481738001,0.656047898689276,0.756871792516904
0.878909063991159,0.166860428318614,0.868150271255804,0.46350570960948,0.0721352520340588
0.775796806439757,0.365598325472092,0.648720731802955,0.856394365950307,0.439994471467799
0.629820878850296,0.979309008427663,0.342216419756286,0.376322472197191,0.331479814514751
0.73107633064501,0.282834544632351,0.357942445034833,0.960448261305601,0.702635835652472
0.589805562281981,0.966329901042627,0.398351737472892,0.116886306751241,0.273235552042024
0.641008879989386,0.580630426149582,0.491020238622375,0.953181152501129,0.842222771869274
0.0594884739257395,0.225851721043,0.704240046665372,0.197929346594556,0.633722536993446
0.201718085445464,0.48892509835423,0.739372618996532,0.212024234150381,0.25181306360173
0.428726259618998,0.0265344913641457,0.503555854404089,0.809084715571528,0.761443459166912
0.758942841552198,0.953251065424411,0.528200445289351,0.964186006563292,0.503497440455249
0.250946109415963,0.0112992127251346,0.164322220600152,0.984421650547149,0.962699104013154
0.438622955931351,0.330355415615486,0.500587252553873,0.723733167548479,0.634109240229009
0.870691123185679,0.889971173455706,0.752746487214789,0.972230545280208,0.796663678338518
0.861169131938368,0.653665782971075,0.750965206695151,0.943321465544964,0.991840574686648
0.310656190151349,0.44280449199141,0.321873181755655,0.538371147670295,0.233656001073541
0.411103470716625,0.133834169915644,0.487779397192709,0.654137211009565,0.701744745689211
0.30519766593352,0.411662737926235,0.0392916793164664,0.205058294514967,0.530635576084023
0.104705369565636,0.628096028784057,0.0782601676902951,0.172434845864417,0.0439210609474685
0.0767631318885833,0.728256852395134,0.204566443222794,0.193206239798117,0.0295717838744167
0.0866280894260854,0.795363450219156,0.0280818060056839,0.0358764003139742,0.0308903279656079
0.503276711562648,0.172534824319882,0.0911138445511951,0.658530383333548,0.899157689447748
0.365352310007438,0.899393268191488,0.16887918739189,0.146521736453938,0.162276665883837
0.991582998074591,0.914052394946339,0.979257068903233,0.971413768730027,0.904704490181757
0.0208099638111889,0.0508517301932443,0.529726749699124,0.306791585696116,0.815440652164398
0.928297981852666,0.887953887373442,0.865413715061061,0.936575496230436,0.769052188639762
0.851762811886147,0.521956991491606,0.602086811714243,0.993153501732023,0.704504251450999
0.526862690458074,0.773136979696574,0.595765533095083,0.106853748395131,0.258082714542979
0.625476063461974,0.134536716534058,0.183640834721829,0.811183758012557,0.868771293404279
0.275552646489814,0.674955166381551,0.103515207765701,0.166166887936769,0.570870310388273
0.910747758345678,0.887988458009204,0.850381702021632,0.897983360890394,0.658518748619827
0.0139069375582039,0.153931559267221,0.772038084985117,0.152241824315274,0.617821114108665
0.128917363937944,0.0187192822631914,0.369086531420705,0.666926617819643,0.889966192509746
0.930724727455527,0.934547624230618,0.851320581778314,0.968955636425107,0.799922430567676
0.368783698650077,0.0277827205427457,0.969255042019886,0.201210864898811,0.178622794774128
0.638613086659461,0.81334349597455,0.536902811962646,0.425929998728168,0.378596921305871
0.328169644111767,0.745112807519035,0.447987394183192,0.0672138592719653,0.265775790991029
0.168910319451243,0.649695603206055,0.261131300329189,0.272805052834806,0.040213246451458
0.715469750808552,0.0769708992738742,0.733315533606248,0.387950428045263,0.53447978242184
0.0438724516425282,0.235724637313979,0.490772734850306,0.755013114181004,0.666039250354515
0.538060120306909,0.589481753384462,0.254499219651865,0.646772754655369,0.159602988598635
0.773694077972323,0.925945732946275,0.60359349027259,0.903685261592951,0.52822960758931
0.23001765855588,0.574243374721846,0.208412685422323,0.438979870386686,0.14770552518894
0.797089483356103,0.840814737865003,0.674006909640594,0.918237053719732,0.689575686323224
0.586972829187289,0.217643208539812,0.505115391585991,0.864576175477781,0.600871392263798
0.835598228033632,0.262530812091427,0.874609525231399,0.498516638609569,0.0924239228770602
0.259161122841761,0.266060702357208,0.374982322434205,0.343297460008729,0.824913103628205
0.892852230463177,0.90784961663303,0.778833533349546,0.973933091211129,0.774938226531958
0.355227583553642,0.266947599739069,0.0823866968536257,0.385826046255254,0.936151599133154
0.54492372344248,0.307493116852129,0.515250909183272,0.820358315339459,0.460023656807607
0.49215176072903,0.694352977065137,0.416324163806348,0.510572956575883,0.582155677228002
0.497267938451841,0.302338735637022,0.5509081266751,0.492105757251692,0.378270138142398
0.091104164486751,0.754056858742842,0.102867553213843,0.119856986491395,0.0363980792753864
0.782209530705586,0.319254840520443,0.87146581735771,0.5099596508748,0.0974740822275635
0.580824171425775,0.616432018898195,0.590273988489111,0.490771028925744,0.526448183431057
0.88126338715665,0.605649597622687,0.82660912346531,0.852922425544013,0.931183459208114
0.465271742315963,0.0329692549130414,0.808240792452816,0.147729797713476,0.510627974610543
0.186211289605126,0.928228996664984,0.101490395408102,0.0467013627478994,0.0517530321667437
0.882301207631826,0.551551762764575,0.869526547274661,0.774378017466921,0.723429750272771
0.305968208005652,0.144005821406608,0.263991110014097,0.49278119217985,0.886752861813875
0.855673695681617,0.885812813678058,0.740476311692438,0.924980254363064,0.658842303004349
0.902372566284612,0.672392406879226,0.866075987034127,0.859214850650493,0.929101299872855
0.241668069968,0.7114508622617,0.12554419409673,0.155670843023037,0.215644276031526
0.79561708890833,0.105689617310418,0.881850310107777,0.415600004838044,0.305031012831023
0.580714045325294,0.429897065070691,0.492746401468019,0.939234851867728,0.535878022463294
0.666186222806573,0.135380167426774,0.219941906541838,0.773738458252692,0.837320896127494
0.296130704926327,0.1576699539728,0.178123543730088,0.70087285661753,0.919038933265256
0.212924628285691,0.181288653897354,0.809137907543816,0.274732097471065,0.471185160655295
0.157211531186476,0.166081061965087,0.459724346815446,0.162693907459833,0.80912483096472
0.613014039117843,0.824403378908755,0.548319660867092,0.386071059366814,0.412779030128149
0.580435998737812,0.402694208052708,0.567539558381468,0.68568056390523,0.267623779858695
0.639116035075858,0.229292890726356,0.607558526463435,0.799255179109153,0.267006643203786
0.699797064997256,0.651067392056575,0.689090270005709,0.683313876570798,0.455819383234484
0.922042445512488,0.475224271212937,0.928928009014131,0.726910270373423,0.648611937096575
0.751865728991106,0.542209480976453,0.613143080701364,0.879782400937374,0.607981010136427
0.0547701886389405,0.421731073671253,0.108832394398615,0.313065042090012,0.833789948170306
0.568178789690137,0.175023811549181,0.187477816602667,0.822627796570799,0.813785613310756
0.589538195170462,0.763571168849012,0.554267600750496,0.37477859675597,0.33056645837496
0.911782275652513,0.116547856450779,0.890431954396812,0.460370399761973,0.337470599188237
0.109251064481214,0.496252273820573,0.101218802239916,0.228476439608337,0.733775601984235
0.78812541346997,0.259906769933878,0.920044534236138,0.525660745939838,0.13166780184838
0.944417262682691,0.0298542318341788,0.0371930525983231,0.864070372993183,0.939458379376447
0.760604183888063,0.166464340727543,0.726633704991221,0.648916286996089,0.472716279880842
0.0820398959331214,0.16633923430345,0.0775819485700934,0.621519758923592,0.982066524360562
0.0605373468715698,0.135667084628949,0.0771485995155824,0.589974475298238,0.990611966146389
0.43591164634563,0.149333981709788,0.618415264697136,0.139958532675087,0.621390188200166
0.700263762613758,0.468713751266478,0.675702346096682,0.575477110426282,0.0149430593883153
0.213531396118924,0.359890813677339,0.364134604451951,0.482449379082199,0.725404726428678
0.993964344030246,0.949628414731706,0.980555890235833,0.98971477830899,0.97020188337774
0.272238307399675,0.303312872623792,0.119573169721671,0.394353273965181,0.904983984335558
0.550641792127863,0.418570104957325,0.618852598636167,0.748186422623341,0.756879751250381
0.75373952370137,0.0121399645286147,0.316417754706587,0.989765608729273,0.873279462073697
0.474101439351216,0.183185083937133,0.104949805027953,0.629143935798819,0.907750344165834
0.635808129096404,0.972650843701558,0.417633103777659,0.223770165133893,0.334756026073592
0.512402819935232,0.947249862743774,0.309822158826842,0.16572960873359,0.263245241629193
0.381135455099866,0.422618680895539,0.318855960246421,0.481458011611334,0.565349243144738
0.796876303618774,0.673152160743484,0.785903731414776,0.744287610877765,0.660352394363144
0.922960511874408,0.950706880103098,0.839354140985181,0.962833783463378,0.734669744590065
0.475782934110612,0.781555888679577,0.340998824318661,0.287268710274787,0.383147966087563
0.626137560000643,0.876999549072934,0.465087062676549,0.520774883595579,0.393233412440168
0.0827356367371976,0.664669901278103,0.122731807952206,0.161221276292678,0.0947204119584057
0.835902716265991,0.508927603630582,0.868405522021149,0.729584062539486,0.925303442316363
0.821065155090764,0.491533814376453,0.844784013382206,0.656554123399754,0.0404376695805695
0.088839610805735,0.249884393677348,0.862511154471385,0.271213980080306,0.0237356989237014
0.904327330412343,0.87721945575322,0.842782055087381,0.891671655912561,0.665710543777095
0.893201377708465,0.509032828471391,0.93219659204008,0.69531841303037,0.306306690705242
0.164439264452085,0.447672146634432,0.0530366022156109,0.13378490660067,0.965981614746852
0.480133678764105,0.557365888176719,0.516339464388462,0.505222881451601,0.311488605540944
0.831360302399844,0.755550914182095,0.771705116761945,0.807696338859984,0.586720387247624
0.827006086241454,0.521793168707518,0.748901112978568,0.831826229094075,0.683638763584895
0.650116551201791,0.983586519461824,0.450122618538289,0.20711523298086,0.357816505449591
0.545074277790263,0.680949715577299,0.343360091618721,0.659387751789694,0.427564739627996
0.5205137883313,0.901315517752664,0.480894070963699,0.0117306726592066,0.239352065458661
0.28054536995478,0.637271190847969,0.411855357101933,0.245149392111495,0.103988735208986
0.444296490866691,0.906080568180187,0.335917005658295,0.161009715398301,0.232485167536652
0.00187807460315526,0.990473197220126,0.0278222816477622,0.00284454843452058,0.000947486696531996
0.319880443392321,0.638030378177064,0.336127613299981,0.0814771900364387,0.386916035466129
0.132110419450328,0.0120564391545486,0.440413113356743,0.221388193213377,0.872938035026891
0.674096422502771,0.374608669633744,0.770751438631043,0.552901089465448,0.0621217759617139
0.754301551729441,0.925933945196448,0.56120657993114,0.93254395378789,0.529942711262265
0.110922424355522,0.022573657828616,0.887078946187821,0.108745573156958,0.466486183839152
0.831183878937736,0.853282118128845,0.720982725558977,0.915178285523711,0.652052041521529
0.487742506200448,0.192710976552917,0.149376724422798,0.66656628444693,0.887219291966176
0.783427962101996,0.537821453617653,0.866723595112395,0.55943087829294,0.00218527737888508
0.605967641575262,0.240259539306862,0.337203414761678,0.926775023055088,0.656059605797054
0.889619277324528,0.0400254396663513,0.578833799295366,0.448171231328853,0.626604276912985
0.726570626487955,0.915363368781982,0.545513465416774,0.825500977724746,0.460068775486434
0.533358295448124,0.665515625005355,0.207417824640351,0.518381719139587,0.174118805996841
0.0340491710230708,0.070609543210594,0.0727597689819641,0.941983189270889,0.989693128765794
0.481682892423123,0.0786952639755327,0.840630245537629,0.247166557826457,0.386666291306028
0.654329424491152,0.909709404717432,0.414601777888825,0.777291776948197,0.434047806629678
0.948311958927661,0.805813261395087,0.897937803020549,0.945576268487309,0.950399203138659
0.157261944143102,0.673549393744906,0.0800409238022814,0.150316086768237,0.138893496565288
0.876999142812565,0.448633153835544,0.91788643024152,0.672103079000409,0.368819957104279
0.278971513733268,0.862335875368444,0.134775943625464,0.130990546402343,0.0619379563431721
0.55882132682018,0.62683310880675,0.530878634670154,0.676626790195723,0.467228789551882
0.222669853596017,0.25614063165267,0.343294498612496,0.730039810611198,0.721955921180779
0.147518158424646,0.911368324741488,0.0366098910061374,0.0259050218908908,0.0379451333719771
0.0610580460634083,0.503676697873743,0.0519647110379592,0.165402087930405,0.672130240796832
0.447890103561804,0.0970136130054016,0.476214708889849,0.797263117783277,0.725834310607752
0.0115628340281546,0.655070782784605,0.0449675284738972,0.099510231249023,0.00532341169309802
0.334878765745088,0.359435126680182,0.665861053219977,0.241927932857322,0.264635388244642
0.648951695300639,0.814388353988761,0.441698110304575,0.811862982677907,0.513524778332794
0.268316911300644,0.225890479661757,0.113047273026373,0.6161457384327,0.90190393247758
0.0337364680599421,0.28542038393789,0.593100008217727,0.193812111109734,0.720203660224797
0.752702281111851,0.183712994883535,0.558151941943959,0.927705739730332,0.535818386502797
0.621257439022884,0.34977660010918,0.247011790994702,0.516625472835874,0.746736318600597
0.0823064118158072,0.445367572334362,0.081434346582395,0.251774875660322,0.701379827369237
0.526923515368253,0.148946957109729,0.543436528641151,0.249158744799271,0.678642945509637
0.13649356039241,0.568533371115336,0.154283504388493,0.331468302792222,0.0213725432695355
0.626873336266726,0.93094680501963,0.416822384124651,0.524358428037487,0.343940015620319
0.196919365087524,0.0261882435588632,0.355397667973326,0.913120418738926,0.886405283497879
0.0824935880955309,0.257799540268024,0.465243290103013,0.117837722950002,0.91130861340207
0.217304863967001,0.547887748020003,0.0777410403919582,0.239270837280984,0.115752169891493
0.262354539008811,0.480941926507512,0.468503900774848,0.263308432272027,0.38700239136233
0.127349576447159,0.0580470709537622,0.778384527614134,0.10731605508787,0.528954010893358
0.643192679155618,0.616586666757939,0.553629538660911,0.769655992143126,0.310582511505345
0.680472559994087,0.565667966991896,0.685742142852411,0.676666547250927,0.635096457990585
0.223422874230891,0.0629434567235876,0.88652432142828,0.263223958422565,0.342572574591031
0.869481092086062,0.206070530141005,0.699492562812544,0.756366090391715,0.432089239679044
0.766458611236885,0.230333542305743,0.6220433246663,0.832080975680985,0.424616557225818
0.841889300616458,0.252985570608871,0.490202473451635,0.98415900392295,0.556199402868515
0.424314114265144,0.880107303935802,0.225575657561364,0.247859856592661,0.276707218639785
0.301105612423271,0.319791187386727,0.439205274614326,0.704880544685655,0.529831390682375
0.723692708415911,0.78803699745913,0.67564972388287,0.516676741000385,0.431001839548117
0.450465688481927,0.548519753006985,0.373161253204574,0.583869838283808,0.138867459638277
0.218789463629946,0.0149041283584666,0.253422861845446,0.839661983686894,0.945126522652572
0.301067131338641,0.265395348862512,0.537485957347993,0.879501011504752,0.283573051478015
0.871628300286829,0.441921967925737,0.737386524164557,0.881193969868256,0.0882670040300582
0.0371265967842191,0.172372837696457,0.517062128285501,0.377016272145889,0.740182915556943
0.238380833761767,0.287019215145847,0.763440828453195,0.349093857006559,0.285293082793942
0.380489435279742,0.361968054116005,0.1606340873669,0.449795356286482,0.812823026877595
0.892615866614506,0.689176498708548,0.864572691371558,0.826734862733578,0.688118322490482
0.70949557190761,0.200004836689914,0.186584855589596,0.717027150898764,0.791453565616393
0.302372360602021,0.26210811684723,0.470054387614641,0.558465085562175,0.55840279822587
0.523716912604868,0.576742730539991,0.56438393210105,0.279438336058236,0.405676948634209
0.81725468696095,0.649916099297116,0.766155625145951,0.818455666437565,0.72241942686378
0.936455332906917,0.0349772931949701,0.982869456189797,0.270495280467055,0.0332202071731444
0.96979170711711,0.972209973464487,0.925639492246898,0.977809890140964,0.724361767905066
0.441436921013519,0.103999378887238,0.701332522909091,0.0988007853323446,0.510847172321519
0.352901445934549,0.445025655353675,0.283207683627867,0.433925745313987,0.70937282583327
0.609386918833479,0.93983041428146,0.415191622829391,0.483337448024297,0.332915467122803
0.20287272054702,0.0604902536433656,0.236825511894735,0.879040801992173,0.925651094963541
0.166885538259521,0.0908607530000154,0.173099127351373,0.910610196837113,0.935922928707441
0.529093459015712,0.0382787674025167,0.392857454715594,0.852459121696804,0.830084896966582
0.520968444179744,0.165645360917551,0.496532609804791,0.504819448170393,0.663058190752054
0.767432393971831,0.898956962191733,0.625031379539982,0.792605926646247,0.507391181628918
0.75493849022314,0.652317692321958,0.721620671629796,0.714620874992206,0.419865531061077
0.919041227549314,0.549016207369277,0.902776414838515,0.808215168539376,0.945353712100768
0.238275789190084,0.0272942571609747,0.434800789554495,0.644284040879581,0.840647152246675
0.340294662863016,0.644455620931694,0.160103181449246,0.289634763040914,0.205365670990432
0.17479779664427,0.0217044246091973,0.799840727720236,0.135604907097862,0.50647198050865
0.954387111356482,0.863354771601735,0.923644426729114,0.913950138289542,0.715417594910832
0.535403535002843,0.926383710670052,0.316262668528023,0.293820785940644,0.229711497871904
0.758523354539648,0.351065713301068,0.738172809489684,0.695281860951783,0.524218533217208
0.280742948642001,0.941319455654593,0.177027138747571,0.0396462877200444,0.15222417897894
0.921413681237027,0.278067146340618,0.798683974900337,0.716867881609796,0.178769316611579
0.00937086413614452,0.523003939568298,0.0125649980454131,0.0359745707396415,0.983613881951896
0.348733636084944,0.118398912454722,0.43595661468388,0.357446007384648,0.799944613798289
0.417662240331993,0.420235102501465,0.324183192640471,0.517942732118134,0.725746819371125
0.493075041333213,0.730629521858646,0.413768514804185,0.501314838801318,0.160938272398198
0.790166008053347,0.164426485396689,0.925535462449063,0.476660451939976,0.228972753946437
0.146865599323064,0.0505522760504391,0.460641841099244,0.378979356710011,0.818779626948526
0.0561518166214228,0.464417628856609,0.10876767155873,0.291683786888765,0.502172654465539
0.5102154687047,0.471346864331281,0.578635314988076,0.371688722528288,0.609426939656259
0.622221629833803,0.873391108907526,0.429822908259894,0.835642181055719,0.434047704475233
0.00916392519138753,0.0223801723623183,0.276496795951657,0.99589662558699,0.950369079509983
0.883360582171008,0.756874207319925,0.841754579386013,0.847767538951765,0.709018520108657
0.632044742815197,0.483295258629369,0.627962294329645,0.553115475348504,0.498298070015153
0.847041766857728,0.939520243351581,0.707183255992849,0.949874080681196,0.637128819042118
0.0680019021965563,0.185490057716379,0.169187957988151,0.717784586770877,0.944534342357656
0.889381302520633,0.625832221441669,0.901082504453159,0.755347619481106,0.503761741652852
0.600963195320219,0.110602296510478,0.706317130516046,0.391312360272361,0.474791714019375
0.413983517093584,0.255214225995587,0.745579962453655,0.281474625137771,0.436728655564366
0.243874019011855,0.861107305594487,0.174918275816378,0.111328669944925,0.098038727621315
0.311314548132941,0.148360789491562,0.292549961977658,0.623938603406297,0.857372564874822
0.000463762553408742,0.364980218553683,0.292696653072096,0.0646737580108358,0.999897501402302
0.855781516525894,0.654280372225912,0.815832409467294,0.793724027820394,0.611677924025571
0.887252799933776,0.509748950455105,0.823022392369363,0.81205282834231,0.814522105531069
0.802148241782561,0.216271756595233,0.725890153112548,0.665326168801376,0.167827641504118
0.685494088567793,0.103552031476283,0.699515504394424,0.264269224613167,0.502224080002634
0.406432155985385,0.586608015844831,0.342361526044818,0.465651127837226,0.309520983399125
0.426535345148295,0.845837876870064,0.183075417647364,0.234483618567945,0.298043919639895
0.526613867841661,0.610996877221623,0.374692218156295,0.432292356361324,0.272061974887038
0.606340879341587,0.924250673182542,0.403657202984544,0.446001501205477,0.329028197651496
0.826632962329313,0.346403323783306,0.213719696551858,0.699896381349522,0.482853586174315
0.619864540873095,0.322006110829534,0.631132949734934,0.69339666893028,0.451822498784168
0.125607364578173,0.0896316811267752,0.0862407341252582,0.660786538017818,0.989195040107006
0.190373272169381,0.196938605833566,0.824839920973068,0.399954218296529,0.496842194843339
0.326081170001999,0.259777265629964,0.624274811346921,0.36264026936665,0.69230488219182
0.870882629184052,0.357726483576698,0.941221218048023,0.58944872008032,0.0286851974378806
0.458256430458277,0.20762102943263,0.947155030016171,0.472082521157616,0.56779999032733
0.346667589619756,0.198566532199038,0.741848098553578,0.24114144845181,0.626346199278487
0.341321500716731,0.379227002820699,0.181827600441758,0.616167107557287,0.433031172520714
0.736815088428557,0.477369131840533,0.781673254080643,0.659252492557846,0.218207996018464
0.412115559680387,0.959475224517519,0.269217446218476,0.0475407848753519,0.172677224240033
0.940472117625177,0.476331197045511,0.939986069258859,0.757272918435508,0.680980816163355
0.529676578007638,0.0450758493680041,0.889433952857504,0.209538395910841,0.270816863834625
0.216124298051,0.0417476245493162,0.739825113566191,0.113743581615558,0.55061568893143
0.703168153064325,0.6835029644717,0.710917282958214,0.475283699985993,0.331767630385002
0.639718048740178,0.405776488216361,0.850894040364218,0.548738442801135,0.300027223915095
0.303839397849515,0.361849636741681,0.116662016075522,0.430827839475762,0.751803156832466
0.794978258898482,0.954665340861538,0.64865942030074,0.854635130897361,0.534367533779005
0.844505021115765,0.103606022108579,0.670989836935883,0.479949443483894,0.534068463923177
0.646516613895074,0.0525501142547,0.721592056356605,0.323331828041739,0.599917118815938
0.514408852206543,0.212668181658955,0.717407593505724,0.501013455214382,0.374264215846779
0.0362379846628755,0.471458332118345,0.107858558420426,0.266441508898922,0.726740317390068
0.0118338135071099,0.76232613393222,0.118793234427964,0.0957882850195913,0.032423736382043
0.734047345584258,0.237458067858825,0.586979993228749,0.414612494824915,0.343670289061265
0.914631179068238,0.544058991625207,0.629095047403293,0.997427160853424,0.474016317195492
0.582279267488047,0.436873046011897,0.49792280707062,0.733581208354011,0.217380075104302
0.664809505455196,0.919454582472099,0.482110286063607,0.567731349622621,0.395951295242412
0.938318505184725,0.547173508181004,0.975794610124754,0.759951174710607,0.630643325013807
0.610276795458049,0.212136175454361,0.292600857623384,0.871960398318203,0.696091571444413
0.349111088551581,0.684662994433893,0.223705552509343,0.36029356405586,0.108138242358109
0.646760725416243,0.59546916410909,0.619165181080686,0.735830173915275,0.950161986605963
0.661836840445176,0.729895185708301,0.549136516552932,0.72485935115962,0.434324697154807
0.327714043669403,0.246014364092844,0.379222561881345,0.266324444370239,0.815678434126312
0.801416515605524,0.521449658175698,0.815543901884644,0.682143232606605,0.407974823814584
0.109860642813146,0.0938543499505613,0.181906325453636,0.762900065331847,0.950731449731393
0.0620864736847579,0.0677774120995309,0.345132517938628,0.288615155551485,0.910626885277452
0.553722575306892,0.963665446528466,0.35100911657165,0.119974977014398,0.286988100764574
0.188985912362114,0.398450994252926,0.418116748660786,0.231731345635463,0.636048121348722
0.41756874602288,0.773133717622841,0.213799859469854,0.339690889844654,0.534868417104008
0.674893251853064,0.206549085705774,0.670227118591347,0.399852786490714,0.252209829312051
0.519555576145649,0.865775314945495,0.370320332306359,0.420911674265587,0.246679628355196
0.0154280106071383,0.865310007211519,0.0587071924291699,0.0260095588750769,0.0963950879813638
0.301608100999147,0.366901316941949,0.594139615760114,0.0907818550250389,0.597396725119324
0.94227933883667,0.238571713241981,0.507611253908326,0.997399011683566,0.223410495236749
0.383351438678801,0.0421917093044613,0.108829045449864,0.939463622629041,0.961935972358333
0.0540585748385638,0.525968105735956,0.0788345792670255,0.173583275430262,0.785928935656557
0.765200040303171,0.978964885725873,0.58902386265978,0.577640918940583,0.450124250928639
0.663995425449684,0.901765342481667,0.435596689860662,0.856243918528418,0.427348881697981
0.55457796365954,0.00540934552554972,0.0529878381884316,0.994506896372802,0.971901050099405
0.937092841137201,0.833126440149499,0.886790101680578,0.931154248121205,0.847156867064768
0.687428260454908,0.383848900877638,0.633244015296767,0.447893147298301,0.129841334797675
0.927842658245936,0.637224261678057,0.927079179779806,0.777470773593998,0.397631327243289
0.166494050528854,0.197122529818444,0.913387713643741,0.377402501696499,0.301929172099335
0.540756467264146,0.912600880226819,0.339525690440522,0.338486472928997,0.320118910429301
0.721768646733835,0.665393940435024,0.671210232726323,0.724705056258393,0.795559324120404
0.642758936155587,0.296056964696618,0.391511764539228,0.826528037302476,0.582223298522877
0.970742705510929,0.640707308804849,0.966047762925843,0.827264881082806,0.554875631729374
0.553574353922158,0.862518769310554,0.306398897745518,0.569703124194863,0.369469433935592
0.821606269804761,0.623961386067094,0.785666762653901,0.78880402825041,0.769172128086211
0.765707168029621,0.696320517599816,0.698088533328761,0.795305165135595,0.555147626000689
0.534526320872828,0.996844934445107,0.22496236789037,0.0412023180693855,0.217715245584259
0.128316434798762,0.198462601838401,0.189507942770807,0.694782984492809,0.929994134436129
0.534946145256981,0.321735686418833,0.465670434511928,0.752803628670271,0.583677643822739
0.665445086313412,0.865167895884952,0.369829248728522,0.907215326838894,0.492356233036844
0.0894599701277912,0.547778567910427,0.0347162919352202,0.112603211064133,0.186631592718186
0.558278274955228,0.497504477825714,0.139233353492532,0.454689134073839,0.567617748776684
0.930597652681172,0.892310397612164,0.869106048660685,0.947253520069494,0.798279094480677
0.519365136045963,0.653974841843592,0.453042972471891,0.346422384019583,0.796245600591647
0.155245068483055,0.460302605963079,0.444962000016849,0.344204057162834,0.279839508148143
0.988525133579969,0.288882673281478,0.98912116349169,0.652784981244315,0.1459067769174
0.227301236009225,0.716566984105157,0.0789330264393208,0.160449843359324,0.0175711575720925
0.264376727631316,0.130585156643065,0.272026706864663,0.8087379193944,0.866783800214762
0.470249221194535,0.204278216027888,0.788977582149928,0.447934940815707,0.598063657147577
0.507645996520296,0.516917577799177,0.171972268232553,0.603888455964309,0.06133763215621
0.0897514976095408,0.435005349776475,0.381256990498415,0.208482048638661,0.886580596008571
0.37756816088222,0.299640250188531,0.894105022995181,0.47501152996433,0.0554034688684624
0.389423185260966,0.111985219322378,0.270883964045712,0.849054709663282,0.86747397921863
0.0182570130564272,0.378131030447548,0.536052564516579,0.0695898713854961,0.938589310768293
0.122356627834961,0.203298419975908,0.70833743098434,0.211302846316676,0.71041822611005
0.209439070429653,0.60179531518952,0.105158365633673,0.258595089564609,0.0974287297285628
0.7103964057751,0.132053606706904,0.662571869340035,0.160645489850702,0.405095185822574
0.0242103026248515,0.748687214480015,0.0288906265478768,0.0323341094770937,0.164720294211293
0.210511776152998,0.212952115252847,0.435719912014866,0.407906207343755,0.814931956032524
0.0351701818872243,0.316590111789992,0.710350455289207,0.359457946421845,0.372552855609683
0.815453676274046,0.483282528206473,0.786418427924817,0.827662510689413,0.756094303535065
0.959152062656358,0.690894204220967,0.94946589867337,0.860699583247477,0.858578967192443
0.708238780265674,0.834227450744947,0.651237603312778,0.448683206636957,0.435520554106915
0.0183691270649433,0.394597252801759,0.0329637676315715,0.172111373019114,0.945752103783889
0.948544660583138,0.573841756529873,0.926407431185313,0.830431321951214,0.852442480245372
0.614450039342046,0.880801280465676,0.440035357416252,0.437508721190846,0.355197017866885
0.427751479437575,0.421358467807295,0.322182948369096,0.583934854413848,0.636337220523274
0.091210059588775,0.643802306993166,0.0224018668426583,0.066617392818019,0.0159539616142865
0.747892173705623,0.77365774588543,0.668178790075194,0.813836360509418,0.596551651629852
0.659073863644153,0.280399949027924,0.674625727941123,0.594525334671107,0.324772430845769
0.738860494690016,0.100042558129644,0.789634605442409,0.35731647221599,0.427067471930059
0.0869188597425818,0.830621164321201,0.025060025718106,0.0283045977350825,0.0212845827045385
0.715154871577397,0.931198509613751,0.60241239607031,0.414072364968128,0.415414845832856
0.238917091628537,0.0781991862750147,0.124446542214838,0.831711394066808,0.962531083991053
0.658699141349643,0.460466097021708,0.697366386824245,0.606399385137628,0.315157251985511
0.580805958248675,0.319295855035307,0.699470738325774,0.293753044873983,0.548261824500514
0.460325367515907,0.0252588028961327,0.30235278847856,0.980672069887613,0.879426304396475
0.57740089809522,0.389898664347129,0.706799401291992,0.505328484640323,0.346834411931923
0.567600116366521,0.900528187892633,0.40684686456463,0.1815155446604,0.307713389600394
0.508985958993435,0.911181415925967,0.26050268314483,0.308172282728271,0.223043238773244
0.943559032632038,0.809617257415084,0.909231005203508,0.906773019064057,0.805407427862519
0.939355704002082,0.559620065178024,0.918208267200869,0.8101918662856,0.692408147355309
0.213080083951354,0.975664068857441,0.108852953711049,0.0177594078666906,0.110610968113178
0.305376508273184,0.404057495616144,0.475683886205763,0.379043733175763,0.221150047465926
0.114225177560002,0.0411874330311548,0.361334809614123,0.991162893143458,0.862898188031977
0.872172161471099,0.830212130997097,0.804322949171464,0.875876748894046,0.730688280513277
0.68076412146911,0.354706869256916,0.599034686597971,0.862143293659204,0.631651016796241
0.670398450922221,0.176283058157424,0.792842807494554,0.466589247258533,0.424805085436674
0.673698002705351,0.393552315450506,0.607547689025103,0.586134245915374,0.666123810835415
0.74923731572926,0.469600244046887,0.825805631408697,0.584765967086489,0.419701888895361
0.338043339550495,0.837116195267299,0.373295909871846,0.078405691061975,0.222409548325231
0.239477058872581,0.311794438195648,0.258638006945791,0.604909804097569,0.809615127363941
0.759067380102351,0.264052002894459,0.362831185381622,0.895305093546705,0.505555155890761
0.994057542877272,0.857754429191118,0.986404411853989,0.959711389222315,0.940914673934458
0.80451127118431,0.841122487880057,0.707206059904056,0.839416836290419,0.606990091066109
0.0907763740979135,0.114130885252962,0.793026303054701,0.248322209881156,0.500183602940524
0.574655510019511,0.292242650612025,0.207081161025425,0.740164390670331,0.582459849043516
0.0700699985027313,0.373263935936848,0.448987392591005,0.0648287671053196,0.977189917844953
0.162182955769822,0.804998487030389,0.0949235142714296,0.115945660320199,0.0505638682225253
0.855039514135569,0.172869015979813,0.656552272562101,0.624802800165605,0.288358121091733
0.829487638780847,0.948435091442661,0.663247716890364,0.97573602999753,0.624631530168699
0.774137501604855,0.644865190406563,0.78624211145517,0.518815446451413,0.132621864293469
0.842716307379305,0.683578972559189,0.844576603487967,0.687355374100308,0.332933668774785
0.700751947239041,0.0489018623775337,0.917082014941239,0.236664939686565,0.228175750264199
0.950835430761799,0.582923917943845,0.937462459161867,0.82647974215956,0.880880521988729
0.387335411040112,0.0413856727245729,0.185521561586374,0.924982263490554,0.937106953148032
0.27669624472037,0.94823667863966,0.179153224918878,0.0537226792886515,0.0705264005518984
0.536236715735868,0.912600299081532,0.511673055829294,0.0588658528582297,0.230180555809056
0.385184530401602,0.924584598076763,0.235067114784205,0.0929205360542481,0.196494599891594
0.214786297641695,0.789493636839325,0.00389078445428004,0.00820392602123013,0.0770613636414055
0.988129062112421,0.724287681019632,0.986771561650115,0.85983500807001,0.470547201432055
0.00527827977202833,0.279119166341843,0.480477331262698,0.147184615284854,0.842395301238867
0.786321136169136,0.620109006325947,0.791076422552882,0.705749898243764,0.660739184037084
0.018427771050483,0.13803914541495,0.416940873057171,0.138245124902403,0.919767947547371
0.435102947056293,0.134036123024998,0.769660793763618,0.218442921197575,0.382500772800995
0.342802437022328,0.756776797090424,0.401753227416416,0.115233021932309,0.103291193343466
0.825423495145515,0.106827233947115,0.809686006047279,0.551517333036895,0.422831933276029
0.79137939075008,0.706693556770915,0.750021315729279,0.76668230576924,0.663827858428704
0.315578157780692,0.187321699719178,0.912332672428867,0.378637081439604,0.102678508468671
0.644538956927136,0.490294507559156,0.527549440615266,0.810353802603263,0.540061164501822
0.421431833645329,0.19183802549378,0.776803162517697,0.455969419337954,0.542389256035676
0.844286449952051,0.803779931651661,0.752092670243367,0.916638528368759,0.774995362182381
0.399480316089466,0.0775102385377977,0.426827935030141,0.84195845355525,0.778055647882866
0.756581736728549,0.959445989486994,0.572076442876114,0.704044997457453,0.471799906081287
0.0627370078582317,0.248199143999955,0.34167561093528,0.591407200850778,0.838853553083027
0.830216304166242,0.835118718008744,0.716469441832694,0.932342587051574,0.758552854851587
0.252837490756065,0.514800600387389,0.0289686521992655,0.0811048957986627,0.866170386987505
0.57752051227726,0.497323015792063,0.578238673964412,0.726667817403905,0.962330557551468
0.279232170199975,0.606636062759208,0.141026532118742,0.325454250024138,0.123836289596511
0.318781325127929,0.218552619015099,0.648224129531276,0.177198166462404,0.504944433778292
0.0171641430351883,0.286902810417814,0.328173218280777,0.435771173878461,0.922153616294963
0.483782922849059,0.582089694828028,0.0983239344081175,0.311487265507309,0.243660453677876
0.283041799906641,0.974284710857319,0.0526758373479675,0.0195726126030762,0.0673128965136129
0.484213235788047,0.0733526280673686,0.535396231549166,0.8918928106693,0.695333182549803
0.0792188690975308,0.699026520334883,0.152331984181092,0.127497910099853,0.261607956868829
0.594162676716223,0.524337777489563,0.301653400897983,0.788804456672261,0.654488697095076
0.178694038651884,0.329773228702834,0.144277845845223,0.457777194745532,0.865720172674628
0.998169535305351,0.624301776202628,0.996555905512849,0.898185103912467,0.964798603061354
0.0775718085933477,0.966143063647905,0.0153244533488716,0.00566112798719242,0.0123836197017226
0.863629742292687,0.559983796643792,0.890167112424567,0.642971110328892,0.0334985974768642
0.55096801603213,0.214626171306008,0.823963416192659,0.418351374222274,0.297403590608155
0.567286519799381,0.894548554060748,0.401958574474858,0.42444076690309,0.374605540797347
0.267453860957175,0.138283476611832,0.714618689147046,0.603603155221043,0.533622514136368
0.125990482280031,0.48136210712255,0.222860514703754,0.411098596149172,0.561523265409051
0.818947946187109,0.570025934692239,0.812730219003143,0.704529699123265,0.47653617252945
0.966196626191959,0.0951649901398923,0.953582720446656,0.421599158021295,0.0281660986656789
0.429218399571255,0.120084335765569,0.798173978858843,0.341343368424708,0.461957936320687
0.181868985295296,0.895877666160231,0.130773011074461,0.0742305033682195,0.0861269141023513
0.607600108720362,0.798755548050394,0.33917341858102,0.81777411271664,0.390838767023524
0.533111711731181,0.374482575774891,0.293452894146212,0.729646773560737,0.581361448421376
0.315367968287319,0.87499801380909,0.235761298051541,0.169413204843075,0.12990048553911
0.225677376613021,0.387581291637616,0.148169919695104,0.567510564141289,0.536306128400611
0.989134153816849,0.678976372262696,0.982328579019101,0.887133493378495,0.828245299955597
0.723709238693118,0.305768102844013,0.882604730155774,0.474788419664488,0.0058613880246412
0.808905340032652,0.0785637568042148,0.979788539030775,0.328261975504651,0.0339968679181766
0.977437368826941,0.441352139547234,0.972195127002036,0.776208558860816,0.913892568234587
0.148754786234349,0.0575539366400335,0.0836376979167174,0.853902924837749,0.984610597457504
0.381556065985933,0.725406377197942,0.364651334558619,0.418807236358587,0.280808022100246
0.728310911916196,0.0357907397847157,0.996185140438317,0.285150692503611,0.0819371229445096
0.303999760886654,0.870544682751643,0.110013445705155,0.103701583547812,0.10554067362682
0.327683097217232,0.687006240157643,0.305019318581597,0.311635983729279,0.28567981676315
0.924187373137102,0.668722532311222,0.86270328483611,0.910753391118518,0.977675691974582
0.146870078984648,0.00965206875116564,0.901086316759315,0.128318349544898,0.337695160094881
0.296421678736806,0.127989515633089,0.318061793998588,0.580577682673532,0.840847673855023
0.731955629307777,0.991495538008166,0.496410030834666,0.573028945462372,0.435166789888171
0.184345579706132,0.434540396934608,0.329945168464783,0.36806501103037,0.726686509588035
0.0879504717886448,0.116198751231423,0.650893080658355,0.182637093400979,0.67608121354715
0.558341475203633,0.769695756753208,0.60416786676619,0.212267595787184,0.279106538713677
0.811768199317157,0.908102052897448,0.67020894933525,0.953415367893804,0.656232324807206
0.18961157463491,0.642222692113137,0.00318853778793021,0.0120266203317708,0.0728106552560348
0.115076530026272,0.526107984274859,0.0164809183397684,0.0581155835385005,0.848204041220015
0.0620699105784297,0.225962548080133,0.104112262185657,0.479868310920637,0.982914540014463
0.171694887103513,0.174116106674774,0.882395457775124,0.319846230715353,0.244068592932308
0.315949511248618,0.646893984201597,0.198684944041547,0.337899481729292,0.0721198183891829
0.920668788952753,0.503899576986441,0.953184601845931,0.680065372316416,0.0179931610182393
0.581272834213451,0.912692557059927,0.435774703406533,0.184436754284385,0.298764625418698
0.0247778894845396,0.68201906469767,0.150876242323855,0.148435057626607,0.216313354525482
0.771658421028405,0.353680468135281,0.522749151349832,0.954401403539119,0.583031579764793
0.649534779600799,0.419757541181752,0.713520901015724,0.456528453839806,0.203330891643418
0.788490732666105,0.983768927078927,0.576926436434484,0.893226717296958,0.504621965374099
0.903000740800053,0.596354636392789,0.924722975743284,0.730451558223374,0.313210515276296
0.930901876650751,0.993454539478989,0.814969373683366,0.99343486469329,0.746147829951951
0.109596365597099,0.636964792996878,0.0316152820432452,0.0825248552921196,0.157058219978353
0.849894865881652,0.198790903988993,0.827553931783013,0.566111416220404,0.248419037408894
0.128024082863703,0.00480622783652507,0.97732509185421,0.0822252676675843,0.179870649968507
0.00435365340672433,0.662195309792878,0.18889567876324,0.122259867942386,0.174066068226239
0.332185772480443,0.882462437759386,0.260078452961114,0.0779546872027532,0.252164704230381
0.0869226686190814,0.262919897475513,0.411098014591662,0.0597164686276008,0.972222434676951
0.266766905551776,0.855888982274337,0.269660612861277,0.138680466403392,0.114253194391495
0.0675058597698808,0.544066274160286,0.209046637562292,0.359428506521262,0.394230608799262
0.848701971117407,0.360097531665815,0.740915996793992,0.779472329972792,0.30266986132483
0.0955662592314184,0.024239683552878,0.632725467498886,0.0906295019712984,0.747296948014991
0.392643958795816,0.0335164582647849,0.674578648371704,0.3644899339503,0.644385285297176
0.631389363203198,0.829127570410492,0.564943241006559,0.254063289540706,0.314596396085108
0.90943866292946,0.379771387641085,0.949444623212209,0.652923120979209,0.197078610042809
0.621775667648762,0.497096038219752,0.494394133876259,0.863520609471212,0.753969455108745
0.135060155298561,0.619910761917708,0.189276901433051,0.217475878364149,0.0492716054141056
0.202910473570228,0.936518576607341,0.20990954649784,0.0596290045241909,0.107356476393761
0.54904809826985,0.869872482522624,0.326296000434399,0.493093644439294,0.319764763728017
0.427791025722399,0.785564080200857,0.260116307196168,0.343270774655358,0.606009457987966
0.325790513306856,0.671370432333788,0.418748149069865,0.36165872509288,0.150597667583497
0.756268845871091,0.185219522711122,0.869586913922641,0.45609460339821,0.22471195369144
0.240877734962851,0.930147238046629,0.074072240804521,0.0456041202373141,0.0322160463838372
0.246817814884707,0.37344522724743,0.0776859074913421,0.40668948091623,0.646049773640698
0.97765526198782,0.766193377407035,0.96447398050091,0.904215162251989,0.825013111840235
0.535094913560897,0.761287594359601,0.330552087912097,0.556015520994467,0.411697590985568
0.729285873705521,0.648370390728815,0.694390065136804,0.622594470091062,0.371803863992682
0.8981174423825,0.148681295948336,0.815183416643857,0.520420623272983,0.314334267604863
0.43630886846222,0.100250795047032,0.971810455346721,0.365090489693414,0.214962968922919
0.854588524438441,0.0906809680454899,0.530793751909193,0.396295779555727,0.624348228127928
0.987168741645291,0.157715364737669,0.87498371955674,0.597075968267363,0.0139897814660799
0.690560218179598,0.352303856663639,0.360215815131133,0.885866100419186,0.747128463903209
0.0892187941353768,0.275777673785342,0.519602558762562,0.335772774412783,0.625149108265759
0.571600370341912,0.744533377845073,0.474955344897058,0.371980265624396,0.335888004774461
0.983815595973283,0.910365797375562,0.959416616787125,0.978056205915197,0.97341804599273
0.752578282961622,0.929846475977683,0.587857294504853,0.874001265072951,0.501560267381137
0.598411677405238,0.568943418125855,0.491947627534098,0.750838815313072,0.323020558891585
0.7460827534087,0.334476453455864,0.883312754335441,0.557259775571223,0.182696849486092
0.585676807444543,0.495158880861709,0.285450787383435,0.762581254649157,0.163725937221898
0.370890187798068,0.67342735643615,0.0806846187868759,0.22061945081258,0.0575637330475729
0.201992075657472,0.27348124134005,0.304390713491914,0.524606478235691,0.860900627885712
0.384729716461152,0.857984434085665,0.177508142475091,0.21385318426589,0.147787472669734
0.78612517286092,0.912461514788447,0.630969186625565,0.898689237302899,0.554960657580523
0.062785065965727,0.745372349425452,0.0231923133788227,0.0354714894350339,0.0987047470698599
0.192566219717264,0.211662329296814,0.159791072111324,0.569691834475061,0.94230100340792
0.00591134699061513,0.294490873435279,0.0924874319929441,0.270871941542539,0.999626615521265
0.958901460282505,0.69770296945353,0.923295152476133,0.907781380528394,0.954356036061654
0.55983672128059,0.60627730973647,0.316897765858774,0.589098929671224,0.596575657982612
0.617005166364834,0.622012847074075,0.505756321581631,0.798523534413175,0.346273619710701
0.17981931194663,0.723150283942232,0.00110766936494966,0.00381144041347098,0.0110965846397448
0.179699803004041,0.908047243981855,0.0614362949712473,0.0357235791507802,0.07931118705892
0.663293677149341,0.755785329645732,0.542388393125654,0.75774363464119,0.468900425446918
0.781973388744518,0.663752989232307,0.793686188773463,0.657168554071863,0.476501938974252
0.682488948572427,0.942982443637447,0.484901473022912,0.625137928969634,0.423003380972659
0.796956989448518,0.823182010586606,0.598588536035723,0.989700472626892,0.730727116606431
0.467289299238473,0.272179806284839,0.634533514571367,0.506015243248078,0.331301995989634
0.0951723451726139,0.514953904639697,0.239225125327982,0.252755119845082,0.789951308368472
0.547543017426506,0.00696500597405247,0.102188294980508,0.985060843319482,0.966239021596266
0.500200074631721,0.392523589689517,0.557519505617595,0.692043354951297,0.336798589589307
0.097774809692055,0.704231578827603,0.284080245218626,0.143396107505344,0.120383365749149
0.510594686260447,0.730830946326023,0.182266352938312,0.44785336828088,0.281450877228053
0.354759703855962,0.189990456943633,0.946517305074218,0.462881079361745,0.388537734310376
0.491207270417362,0.471350603358587,0.65023126163143,0.467088703836423,0.805798431771109
0.41201519779861,0.0285310815379489,0.381244996546881,0.958017382293469,0.860170564352302
0.299706713296473,0.550430933333701,0.113486020208208,0.278191967502121,0.206719811278163
0.451537073589861,0.115907130966661,0.389951728599938,0.712837664883054,0.791574699193006
0.312921700533479,0.215568585175788,0.341604001144182,0.919932920422869,0.754038938815938
0.266532737296075,0.540885619673645,0.0066238019984009,0.0301539867018458,0.590794510470005
0.139364670030773,0.407466386590386,0.0124731529337053,0.0743100872400474,0.85774909882457
0.760705530410632,0.185049752966734,0.682046838093833,0.567315784084669,0.168561090395087
0.370836176443845,0.0137146169727203,0.689097428148545,0.207709387219491,0.645280423661461
0.425492166075855,0.701707919448381,0.44471764359059,0.18328900969014,0.273458817886421
0.425155615434051,0.460471205849899,0.407501360862863,0.605046071008503,0.260948724841001
0.596602327656001,0.0380524868669454,0.659527275869046,0.535737784678934,0.632884992955951
0.00300238281488419,0.871702500182437,0.000714729878652953,0.000594275449755399,0.0223464232112747
0.169638153165579,0.0820308184192982,0.271967594909795,0.970547298546705,0.888948925916338
0.215234308969229,0.568254475860158,0.325838728504365,0.280834459420725,0.508609569369582
0.0301766628399491,0.446128598268842,0.280295499919087,0.227479489747994,0.880678128130967
0.87645785138011,0.388553044147557,0.803929752939575,0.752675641950937,0.560381903982488
0.944648122880608,0.815334535291186,0.891177159286316,0.943494737400501,0.915449226478813
0.258667738409713,0.249547352519585,0.376414694540324,0.563576906950824,0.775149671913823
0.41881533828564,0.389453299256274,0.00479636824434698,0.0475932824498853,0.698927961551817
0.0578583108726889,0.00837886650697328,0.783341927609556,0.0960631970987312,0.562725867232075
0.926799378823489,0.655414474982535,0.891523643957234,0.866300805535608,0.842168548406335
0.885208701714873,0.731224959570682,0.83361880711817,0.876549195463696,0.822838917985791
0.0267611767631024,0.77818978446885,0.0182538013375899,0.0207990719260639,0.063895133062033
0.11908711749129,0.384784865920665,0.325098238827244,0.367091657872916,0.648302869900363
0.309017368126661,0.385906262235949,0.511872922260677,0.340065039763108,0.695360210462241
0.481142826611176,0.442739361751592,0.600241472460796,0.666086132564411,0.773709283064818
0.000955405412241817,0.148893878184026,0.153114014418751,0.795268747809355,0.998585267196177
0.224427736364305,0.284048081230139,0.585813897212621,0.192623246822615,0.691401202202542
0.243691823910922,0.966929688263917,0.172573588210706,0.0281265634626171,0.116368375864113
0.872545692604035,0.678927194530843,0.866829585036356,0.792343732587676,0.611638531234348
0.198355334345251,0.00695198515313677,0.975923680517503,0.100757025259556,0.225828888564138
0.293079067021608,0.16001519470592,0.390775519190277,0.302473655357438,0.810978034831351
0.693925183499232,0.417326575581683,0.683784502618677,0.728966386199054,0.68293003414874
0.48983600595966,0.726370551245054,0.441327308209705,0.590662861721848,0.38971776588005
0.0936132313217968,0.15611034896574,0.236461821937106,0.779442864497687,0.92341761503485
0.429723794572055,0.305963291641092,0.0199501573087177,0.160429987919207,0.893986943439813
0.185148907825351,0.24195040462655,0.376721073276188,0.404697183549124,0.811315645492868
0.864372266223654,0.026418052817462,0.404470175037607,0.973405124702899,0.825484011584194
0.0839135546702892,0.207887298456626,0.311925807653855,0.828183647965045,0.821574099216377
0.207855078624561,0.465178214159096,0.447369553249414,0.273892372255821,0.73430683001061
0.757113352185115,0.123004033084726,0.824106291388216,0.388961384401618,0.317882282455685
0.552980591775849,0.22849283713731,0.957577869052064,0.477783153208159,0.143717320665019
0.746217388892546,0.11314929134096,0.413843647219293,0.687129771248844,0.729337193857646
0.820478554349393,0.904287507786648,0.688540134608367,0.929846244034818,0.631726451596478
0.226071601035073,0.904896263818955,0.0423993398253079,0.0384087687767579,0.0171894022205379
0.0204391919542104,0.527126317872899,0.0963327956287768,0.208289480804335,0.556829889683286
0.802277473034337,0.694152678275714,0.707805052709479,0.904655509047382,0.850195698993048
0.166960615897551,0.427987753151683,0.177159053408473,0.370154076349655,0.66802659429959
0.35592061211355,0.302392569283256,0.477167919717645,0.884747866251596,0.614454311173176
0.946993811288849,0.45510046868003,0.940616291993353,0.777031935736769,0.964422914519673
0.976117924088612,0.650530916609569,0.974519518469596,0.830613577274671,0.642906496796058
0.193616953212768,0.983463394601131,0.156943888151481,0.0168148400989145,0.0646716911869589
0.104111266322434,0.251840730692493,0.772792756680141,0.250550670584292,0.228786519292044
0.127718150150031,0.378352436615387,0.749865671041962,0.273375138320043,0.0952341860102024
0.253499581012875,0.120055811508792,0.316488480192362,0.159933783875036,0.893229629175039
0.751081145135686,0.551955430506496,0.611914661392507,0.872400188337953,0.464971032139147
0.663250843528658,0.380677598615875,0.628849601440128,0.846101311026133,0.381189310719492
0.793433863436803,0.341807586344657,0.824139009711558,0.448945378012816,0.00145350644015707
0.141457872465253,0.318900899874279,0.364415608250035,0.521734193786085,0.537719760817708
0.427245046943426,0.284175050008344,0.592752487007071,0.513931825117194,0.608045025699539
0.214944202685729,0.507025329832686,0.120124979866203,0.215663788564096,0.845987498381874
0.19867463898845,0.21029051442747,0.0162660689313696,0.262230128614775,0.970828647754388
0.405906379455701,0.98175225299201,0.178796923546462,0.0445338334066197,0.200973518163664
0.41906597930938,0.558817491430091,0.44762115200144,0.233336671962236,0.102452944469405
0.390743439784274,0.759787175891688,0.260153220183012,0.277219894315855,0.227346410654718
0.741999860620126,0.95796307400451,0.579580541646335,0.633627154308845,0.455463813588722
0.151655125897378,0.75582598373876,0.278355311577047,0.14914582232824,0.108155699475901
0.408801699522883,0.691378909075866,0.461981372556996,0.257959219324806,0.40816538760555
0.636544338660315,0.0700730225362349,0.152548011138723,0.79253759243181,0.927444090804784
0.121820731088519,0.232528089283733,0.256770953485601,0.473575724307205,0.915892627759604
0.766466654837132,0.444341407011962,0.859029833969778,0.589679862880507,0.184552583057666
0.0476606911979616,0.451476078509586,0.0944464545478835,0.272045964864978,0.763861794752302
0.874797502998263,0.620958971994696,0.839572786128156,0.82058532402688,0.800781769299647
0.613471259828657,0.823956517182523,0.392843807398841,0.747668803573562,0.478215564246057
0.626664977753535,0.216139158204896,0.435383231326214,0.9575465364502,0.48355316623929
0.331337438896298,0.309827654942637,0.827810401754452,0.551066262778137,0.416356559115229
0.150220795767382,0.748744048905792,0.0132506237524644,0.0308265679992007,0.00184632316813804
0.229505403898656,0.101115362864221,0.0664726640035526,0.736724282032562,0.976123959146207
0.352131097344682,0.325441303983098,0.827539612270542,0.369282078333924,0.213751085073454
0.582379731582478,0.44037789865979,0.393016197886505,0.593818109540478,0.771164063626202
0.176392903085798,0.635656825703336,0.187059080651742,0.218561983870111,0.143284074176336
0.381944502471015,0.285556215880206,0.555489272038985,0.578290132296382,0.439280406368198
0.953802135074511,0.815374497295124,0.93075870356605,0.903828591241017,0.78576436007279
0.844242537859827,0.136868784873514,0.961158878235565,0.449241705042557,0.214832898433087
0.313389463583007,0.770355809741886,0.155175332694021,0.19362515844769,0.210737639776198
0.98272691690363,0.255425445182482,0.907827448892411,0.696399510314201,0.082334238657495
0.858183791162446,0.0274190656200517,0.943311324029111,0.203400953934529,0.0710194072744343
0.924273716518655,0.390675252740039,0.933245047945052,0.6661516234631,0.16049855251913
0.107165089575574,0.147586576786125,0.435494284189186,0.246336004415589,0.840744830813492
0.94636152125895,0.206049240223365,0.565707378053136,0.984436126871592,0.490880166500574
0.389339189976454,0.604496890708106,0.212050593981847,0.345083219973355,0.831216133577982
0.929325073491782,0.52260399403167,0.950700413177992,0.716305499424596,0.231306876725284
0.323229522677138,0.182462012249744,0.275609519163862,0.734545121783917,0.861154199665179
0.868153702234849,0.717366571043385,0.831411829743567,0.791046985530581,0.528309599118074
0.67624592082575,0.845892818557331,0.568898707695566,0.594296659869525,0.460548176284647
0.67168352752924,0.0555302231514361,0.932992248078371,0.280767535939781,0.233016245794715
0.268591505009681,0.0943617575976532,0.784832751441551,0.320625302087658,0.479616464552237
0.00161362625658512,0.0821747650916222,0.842701239151142,0.125872240667191,0.549765290023061
0.769331072922796,0.970659185579279,0.54890676008057,0.881130314157767,0.501977479463676
0.126807462889701,0.165361887979088,0.487227015044736,0.216233797771034,0.824198577116476
0.612285599578172,0.636932884954149,0.486647111950051,0.837275877636191,0.474974448938156
0.031058605061844,0.582005302741891,0.168365791896026,0.145519981876382,0.756987812259467
0.59976087231189,0.0731397355848458,0.592308204466092,0.602779200638876,0.612519252841594
0.156730193411931,0.491554118314525,0.19648460765316,0.301106125483654,0.702903844619868
0.15047674626112,0.268730308598606,0.489625259493538,0.443599214114365,0.658111649769126
0.72502573672682,0.69921005066135,0.442706511211851,0.983094907524229,0.884571179893101
0.346260802121833,0.445646664797096,0.431135151863323,0.415578826729915,0.634887400752632
0.703513589687645,0.790755386842648,0.571578298596339,0.906874393922902,0.630897024966544
0.504086209926754,0.791447133029578,0.380325440113574,0.36909048254919,0.37196310274885
0.65828334633261,0.403028961183736,0.775713150041787,0.605649154246258,0.723181621549884
0.831176418112591,0.616812458058121,0.791307289142072,0.809354928622844,0.808418760396307
0.198735557496548,0.543622511991998,0.391430245360649,0.0668652237640532,0.581836801633472
0.631205142010003,0.834093561774353,0.488975691036418,0.791066534051243,0.424017513898434
0.217973237624392,0.00422785637783818,0.927186883734493,0.0576704799020599,0.325168010982452
0.587941964389756,0.648821724142181,0.695121339689455,0.307335791544211,0.0254693673632573
0.69983589136973,0.574493253632681,0.638203819831551,0.796002374404602,0.30832502283738
0.561189947649837,0.495495217124699,0.414728486521879,0.712192675125744,0.872794529917883
0.701496112858877,0.953132191876648,0.615001757399487,0.218574124632742,0.387663302914007
0.248252189718187,0.911884173838189,0.12381696629623,0.0741896199284327,0.08885067756637
0.0738010872155428,0.861846494051861,0.023248307255813,0.0160496444798869,0.150992903480073
0.619346120627597,0.984705932001816,0.360539141081465,0.267433770803107,0.328344810317503
0.326402097707614,0.218644162552664,0.634290489187838,0.43602026398574,0.536006604641443
0.184295472223312,0.275390526425326,0.150061179432731,0.656741155360677,0.821411945362343
0.82982689794153,0.690565329074161,0.763156269176764,0.799857206848579,0.581730095640523
0.531460601137951,0.929488522786414,0.354194644271476,0.250290711762968,0.267341957398457
0.488274180330336,0.122124669811456,0.118774020470612,0.859233537393471,0.914687885815511
0.762750640278682,0.717127665149746,0.670177495668696,0.7915366831842,0.55738098002621
0.842971305595711,0.979918621567776,0.639618646299127,0.994340199691456,0.637128590402426
0.924245709786192,0.80714952564449,0.886214151065196,0.877437221107752,0.706971497944323
0.11073231883347,0.481845657253871,0.462353890040288,0.145861156050715,0.860859295149567
0.278570641763508,0.40111463170615,0.0872492579285293,0.458282330014291,0.272751386481104
0.985972675262019,0.720486522215651,0.97877495899674,0.88862063894396,0.772774830955314
0.529208215186372,0.244167819881113,0.868637244753725,0.476069792158326,0.330828187492443
0.560510768787935,0.133009570388822,0.564945287029282,0.452190265240304,0.636691304243868
0.413077484816313,0.727196026040474,0.183630288269761,0.312743632312651,0.19634987754398
0.920740163885057,0.987222346157068,0.813286975558665,0.973376986652665,0.655156959983287
0.311105832457542,0.359756101650419,0.035261013519473,0.227635236883791,0.843877808569232
0.00977660738863051,0.0120128352136817,0.0145877094361603,0.933758673429496,0.999691723816795
0.999808762455359,0.144160285155522,0.999936421286185,0.569575439281849,0.0670061167038511
0.896929871058092,0.128626026649727,0.02846675192378,0.467949852458139,0.899411421181867
0.332021427107975,0.490422179369489,0.23187823485804,0.396807460177175,0.519632730894955
0.67354911682196,0.425788699969416,0.410956551979428,0.95981637513547,0.831087191967526
0.0705736072268337,0.457548962061992,0.121231000836116,0.312215917564886,0.56242553613265
0.432759614894167,0.646486184064997,0.519818267222058,0.11436979784818,0.433696065825643
0.61621031165123,0.292358861624962,0.0728766067312803,0.49044477138322,0.738397963781608
0.358951288973913,0.0553227854252327,0.0193625164232059,0.699019444617641,0.987197323207511
0.626484333071858,0.133223727607401,0.904673665464949,0.426952405474708,0.342883967474336
0.00640674843452871,0.738770745781949,0.00270563353793218,0.00619998271784667,0.00468098736018874
0.804164837347344,0.582981635438045,0.828178473747456,0.746125834518975,0.892928453889908
0.451758372364566,0.282646116305841,0.64001371405238,0.459121537652412,0.789343407464912
0.154691340168938,0.787377108616056,0.291787380651734,0.116597991289083,0.139541326876497
0.480125348316506,0.320252633973723,0.10947665367262,0.588571327375237,0.602301264269045
0.495276270667091,0.583491656318074,0.623130311348512,0.311017864567957,0.290872908808524
0.863538775825873,0.299149798083818,0.651608904481074,0.917857744468397,0.624970025470247
0.255879790987819,0.197161723597674,0.0413471853001298,0.306296707167421,0.976114847551798
0.138692702399567,0.258841279515764,0.387366256440046,0.353631172809363,0.789445361908292
0.328934480668977,0.850644606718561,0.303847879270724,0.0861484576242745,0.193221309775254
0.229617887409404,0.0339143640885595,0.83084352716319,0.145155801028437,0.471961929200916
0.226485905470327,0.472796770365676,0.283628619595995,0.521315415964047,0.586124252440641
0.216844898415729,0.582371019554557,0.0820320430937833,0.168118621180256,0.358996668102918
0.136530186515301,0.102459947083844,0.789569994354336,0.201690466925152,0.455381197360111
0.746278664795682,0.838167813868495,0.602942783300478,0.881029034041066,0.583698062720941
0.947716043330729,0.681044041266432,0.926923186242528,0.863659448295353,0.836936483188765
0.830373790580779,0.308746112074004,0.687225784684416,0.767295838198421,0.167775446461746
0.772594106383622,0.701035955833504,0.758312751550603,0.697957730870453,0.668875825271243
0.786665099440143,0.84147137394757,0.693032920943071,0.736170376341619,0.506548983248649
0.669918250758201,0.131164422055008,0.749453494583455,0.316645042696813,0.287411916331621
0.654770896304399,0.74827674558037,0.563371358513354,0.628207649492207,0.513685282581719
0.472824295749888,0.865257840167033,0.547635952433169,0.105631672329382,0.279698076396016
0.868803644087166,0.731087776046479,0.78718820193786,0.908741186762463,0.850751751713688
0.0367616105359048,0.413943037419813,0.255684472496847,0.222629928631465,0.983139831194421
0.537769407266751,0.831067799736047,0.482510242641142,0.116516369532687,0.312057692528469
0.155365105019882,0.938104294793447,0.125318406956582,0.0415158294247093,0.0541076082445215
0.886213236255571,0.916591313347453,0.750422947345969,0.987586605859531,0.766243758465862
0.765085778664798,0.429018883878598,0.572864307599956,0.954843362744055,0.349850772792706
0.465659694047645,0.964023379288847,0.211190145861034,0.121561364207815,0.172988742036978
0.00470238411799073,0.551909375673858,0.00139090417825305,0.00568733871476191,0.744446330500068
0.0727534189354628,0.286504297371721,0.360848480992349,0.759873018641081,0.749515113624511
0.550056068226695,0.2450719839253,0.463597217226196,0.551795335435102,0.743098672741326
0.84078425145708,0.501813020760892,0.821425541962871,0.74401489079928,0.34857599469251
0.0753677764441818,0.855593888642034,0.177808792296047,0.0558887857784922,0.0998394107155036
0.728037623222917,0.182429049658822,0.733486619698799,0.421050600535893,0.328676628676476
0.432708962121978,0.459025840653339,0.204019816878585,0.398956425144187,0.521039027051302
0.526061037788168,0.780636052513728,0.386115325704474,0.511776122105636,0.487370770977577
0.465768904192373,0.696289896121016,0.338358079031476,0.430792940916919,0.238561292382656
0.42255862778984,0.216034144250443,0.533390142651305,0.290317614805599,0.531465839332668
0.510207252111286,0.484407458017813,0.321395087606486,0.684868441108768,0.514283599943155
0.0841433054301888,0.740192597528221,0.206768859715901,0.10347643589698,0.213608529156772
0.254569114884362,0.688621558569139,0.13704158746282,0.248434134562991,0.0333144454925787
0.446333383210003,0.261180804023752,0.703962431046555,0.510815980938751,0.372785467508947
0.502768866019323,0.565754524985095,0.384152115533076,0.565732295831924,0.413179610535735
0.560829043621197,0.132160798850236,0.382772416065611,0.92335041104037,0.777410139649874
0.42074109823443,0.910500571219018,0.269083793616478,0.11354973426974,0.222481203993084
0.681247965898365,0.339436341222608,0.518007983181207,0.754911000482171,0.642486986907898
0.302882596151903,0.866215728252428,0.235426136557434,0.122999403989449,0.140866784349782
0.27729201875627,0.882733975391602,0.181592397987105,0.0928078632514162,0.156052539736265
0.495806431397796,0.029005858086748,0.46817838902078,0.766538015752925,0.795923725090688
0.529665549751371,0.363669858634239,0.734934009205919,0.420522889734938,0.410717731021577
0.316002373350784,0.0863815911288839,0.549526976585021,0.314735862550799,0.737157317431411
0.0862596905790269,0.723191105789738,0.217379259431944,0.217349703972606,0.0546517590701114
0.938151195179671,0.411457442183746,0.932973951891148,0.695646593763747,0.181296410301002
0.0559506539721042,0.516216745512793,0.272162214169404,0.19489105741786,0.704205050569726
0.514172178460285,0.14000850499724,0.354993780068223,0.340008526684651,0.815630779630737
0.472334151854739,0.689782906643813,0.731769613533044,0.292308626211137,0.341377051634481
0.0111764266621321,0.145403969712788,0.458948801727979,0.178735208464998,0.846438198088435
0.313087227055803,0.518502608028939,0.221638525207702,0.530014875366449,0.131428768363548
0.0790560864843428,0.440798420197098,0.156705608191064,0.41297241313035,0.60701956358389
0.959243152290583,0.313323806301923,0.936262461356384,0.657859927681401,0.0840017060691025
0.0686792605556548,0.176164408068871,0.794064721063722,0.247774125574254,0.351315990992589
0.849886855809018,0.892390292981872,0.740704794832292,0.910285640878759,0.652096557401819
0.54387784213759,0.848733295482816,0.372867443769876,0.239289512287221,0.330092363030417
0.906361215282232,0.546317812433699,0.882565351127053,0.754642823178102,0.251026536716381
0.148136391071603,0.417224309203448,0.414302832947118,0.405935228149226,0.753976033156505
0.135118245845661,0.857886609825073,0.0435662952271406,0.0417587112136693,0.0734081808768678
0.741057957988232,0.618870491423877,0.741589706991114,0.727181758059547,0.648918618710013
0.752812007907778,0.137748909677612,0.924042598265148,0.433366840460392,0.161399169795914
0.882610518485308,0.34702821369865,0.939312565171444,0.600982548943957,0.134823207248701
0.904702635714784,0.814829972485313,0.841304718508361,0.908943881337441,0.784379369375529
0.573651310289279,0.185279133467702,0.638513571342326,0.580711669433086,0.631507516925922
0.459587529767305,0.646167226572288,0.364006155184572,0.430996470628562,0.462431772350101
0.29587842267938,0.449296690028859,0.70883086014041,0.258213162556413,0.274320482189069
0.651660831645131,0.500713410350727,0.668606012639423,0.626513254572968,0.501825825631386
0.606673734262586,0.607175434270175,0.512342966161095,0.82929599566701,0.352523453271715
0.337531399913132,0.405777030362515,0.41201790146445,0.67115050592548,0.634330803673947
0.908284304430708,0.858645715838065,0.839556331342901,0.922177876107204,0.752371106325882
0.673619156470522,0.517549705662532,0.775637388877433,0.540193357855553,0.08606932850671
0.431627279613167,0.825339070433984,0.283669893450837,0.268760331622724,0.351964106113883
0.458554678829387,0.0266267085971776,0.299726947588641,0.928054729503751,0.888253412529593
0.750461460556835,0.4657797429536,0.749907904274178,0.647974131040473,0.560765042522689
0.213786403182894,0.922722429124406,0.05737427785879,0.0409309203267672,0.0470391692069825
0.888942873338237,0.635631466837367,0.841694313418787,0.849287980689628,0.789637200214202
0.126922251656651,0.0659736129746307,0.169584290132669,0.782440857494746,0.964375001000008
0.929202161263674,0.0918365507095587,0.839664489332072,0.473803529242906,0.3467610028747
0.563274787273258,0.230938111111755,0.57033341854325,0.101811718586023,0.611871121887816
0.467035185080022,0.860936327808304,0.261426400738726,0.283073480555055,0.335772778809769
0.768563201650977,0.510257635760354,0.775749825148162,0.66571484871691,0.580820837669307
0.155432667816058,0.167119753517909,0.646276567891558,0.165639355055169,0.621354706265265
0.697649150155485,0.487965546635678,0.4969850739723,0.951651605071057,0.861996625113534
0.76570509863086,0.955303893337259,0.562400504352226,0.90750254966226,0.485314890363952
0.563520266674459,0.746391543274513,0.447800333145631,0.683592258089048,0.491050658310996
0.328827746212482,0.347349540475989,0.686815532359061,0.306368320725305,0.381329319294309
0.328270650468767,0.30699611196178,0.199246227360626,0.641470291012286,0.833086300903233
0.0339452866464853,0.0471914638474118,0.845294362475899,0.169975602794304,0.516776911244961
0.749607914593071,0.693910744477762,0.666009192913258,0.74455662843497,0.447297514212551
0.692494856892154,0.584869171289029,0.556587538909177,0.851322549878462,0.386761653324356
0.117448333185166,0.645116527943173,0.140478918889521,0.153411722088574,0.336912467115326
0.387134788325056,0.850204550399212,0.203286824783092,0.198433854328851,0.363737639592728
0.677626147866249,0.720792314823484,0.633097414544189,0.546477666634711,0.534427739126841
0.109435029793531,0.175878040638054,0.777172667388647,0.343100700123004,0.492136666696751
0.727195653365925,0.354008628783049,0.579597769584521,0.920798117393563,0.668232271244051
0.698941464768723,0.019762671814533,0.297855977735764,0.935545480932877,0.881478746276116
0.307887400733307,0.00512416547280736,0.963278753026634,0.0745409556914,0.104403038305463
0.923179792705923,0.579858531214995,0.891083169442021,0.808291750035291,0.499401251872769
0.752692365087569,0.248430570325581,0.713078611895666,0.563243565084131,0.37479693631758
0.478446261724457,0.97665983645129,0.132019754672692,0.0764253536547147,0.145112275815336
0.276997051667422,0.313620761880884,0.180380265251374,0.449581555514167,0.846626882179407
0.239635831909254,0.000556243670871481,0.764545277279341,0.0330621125413281,0.620470800466137
0.801055354997516,0.765998982504243,0.627407246018267,0.981763754597544,0.729619720863411
0.184738967800513,0.0869742131617386,0.445279000370811,0.539392554658793,0.805362299113767
0.615475914441049,0.429293668741593,0.508988916732114,0.560450785810903,0.798533019114984
0.810681792907417,0.712363784696208,0.732534816878253,0.865449418863648,0.766344977047993
0.417991419089958,0.473546348541277,0.21774315488973,0.649416303735407,0.0452633413660806
0.0389848756603897,0.353140710067237,0.62265750605263,0.207580564471457,0.864698680088622
0.865637946873903,0.221601891884347,0.551146400094776,0.918094992498377,0.507941678602947
0.0840222227852792,0.641467019653646,0.0688362533391912,0.12470529701087,0.193879086727975
0.840507974848151,0.957482182682725,0.683699152526441,0.950126482224438,0.620143240113975
0.898287074174732,0.871182619390311,0.822333288567591,0.907163029117708,0.68352487849188
0.892865821952,0.485036017867969,0.906298763310025,0.721683617951234,0.593972286820645
0.523299683118239,0.166484778601443,0.427334770240714,0.602903123360182,0.71139740452054
0.622576367342845,0.45993080190965,0.45761639526264,0.908867414566724,0.267975951166591
0.114452195586637,0.411367825028719,0.216870461550823,0.417586449435842,0.791408279939787
0.608893325785175,0.423751368449302,0.765672654020293,0.481764908086228,0.281075183855137
0.12298982241191,0.0351804721576627,0.850007077760211,0.187743321661944,0.452730983815854
0.75381439528428,0.466378010838525,0.247493610652816,0.804650892577649,0.394301829772303
0.104345539119095,0.688405039749341,0.0424938079644577,0.0890737576011469,0.0439173824561294
0.50744180358015,0.379984467028407,0.70694298716224,0.5437929830385,0.664155337115517
0.195633143186569,0.743682813917985,0.0497640195965011,0.0920859788898308,0.0167486503196415
0.309625538764521,0.374221672565909,0.499684214569647,0.487859423041637,0.685284898936516
0.0614127193111926,0.933083244395675,0.0530602667561971,0.0217455064736987,0.0156205735111143
0.113437202759087,0.0344247902685311,0.16064499494407,0.816490257288798,0.977179150067968
0.335053944261745,0.0480755846656393,0.573139935652939,0.301311375720824,0.716708843683591
0.352876224555075,0.220265065465355,0.464984364724811,0.315772949023463,0.732098927575862
0.515362320234999,0.360100248391973,0.564969862885592,0.868924280313997,0.340628669102443
0.210949087049812,0.932832357444568,0.0244692375346181,0.0157760499891334,0.0649117814900819
0.120815278263763,0.150103108462645,0.367232189443464,0.824316212628659,0.82866531421314
0.959416611818597,0.378533385606715,0.989310961522812,0.670243215131434,0.290878421539674
0.417481962358579,0.297931916691596,0.614075247545651,0.742318825880588,0.595752051012823
0.542897019302472,0.454469470801996,0.519104485696705,0.433005822460559,0.254974632203812
0.356726296944544,0.264529600884998,0.116668354985974,0.581524779847418,0.831298794917529
0.405139439040795,0.343111880793003,0.280313767095805,0.552991530321261,0.644684187573148
0.367598470067605,0.778683860698948,0.225023708502465,0.328914104170296,0.0908570493629668
0.446628539590165,0.527712359587895,0.403215449048683,0.618357033395628,0.0710334569157567
0.549091655062512,0.579644190293038,0.319425715629085,0.725288729775183,0.605761749349767
0.846559741534293,0.383478354866384,0.768004925505899,0.75526374013805,0.247166270710295
0.276443383423612,0.0309868436597753,0.61045098985902,0.0775374827389695,0.712599874968873
0.40601081144996,0.421938353189034,0.186897368906907,0.476729062217907,0.592036367539549
0.788144217105582,0.271649870410329,0.464343689912746,0.972417431080677,0.590744502231246
0.116105267778039,0.0497724480519537,0.783944286764615,0.239729356729365,0.528818914463045
0.74596642726101,0.254975343908882,0.563557659409967,0.687883438474974,0.36501014008536
0.923961187247187,0.866576057538623,0.85707213686723,0.956428773018877,0.910236347961472
0.30384329543449,0.601175154006341,0.146064216989068,0.284089041990548,0.425182255887194
0.933831197675318,0.915916390687926,0.892692391394163,0.901079704953716,0.589068305474939
0.594051385996863,0.754292504076147,0.475714856205196,0.556311976139509,0.566987229656661
0.599540882278234,0.342496809695149,0.586861901876622,0.78520307126092,0.121677950868616
0.0417862359900028,0.307434747432126,0.40536803157114,0.393373657768615,0.660819736338453
0.551680536009371,0.048890763806412,0.954743902888513,0.238223064362933,0.123913696006639
0.679664753610268,0.208011127397185,0.402519225290955,0.88152016829062,0.698175272409571
0.498933223774657,0.331210137723247,0.562754285818953,0.51764785138785,0.32022880812292
0.968173350207508,0.987672001734609,0.909797590304998,0.992686897033191,0.793323744641384
0.022051417035982,0.597181330405874,0.264089182872811,0.21452888271926,0.299595906719333
0.617712535196915,0.52129322689143,0.609267410110641,0.695884406955775,0.115800062107155
0.845729575725272,0.586941982764984,0.878519214914273,0.677427284875058,0.282574826822383
0.132831779774278,0.615012649941491,0.170347479954516,0.171957661036746,0.450056037603645
0.669842385221273,0.0279350710625295,0.70654648419446,0.168570765966808,0.594784077111399
0.245062799891457,0.970057215221459,0.137367379819453,0.0270145892469469,0.108052912371932
0.72071239980869,0.492562211846234,0.844709547901767,0.670659855310037,0.891091484721983
0.57904531667009,0.111991954472614,0.605398129535429,0.661939934667194,0.61171609655139
0.297155069885775,0.00735915105906315,0.33351581819081,0.44400391351706,0.913509873702424
0.700445471331477,0.553377211646875,0.651551024680025,0.733628446743471,0.620566879835678
0.0998631857801229,0.631957844336284,0.0607274279796617,0.130330308581144,0.160483840008965
0.276643238496035,0.00747777937795036,0.724781687325095,0.11218337492972,0.629863271227805
0.0328349252231419,0.670487757917726,0.0647861632437497,0.0786677580262567,0.445089927845402
0.909076113719493,0.683017061644932,0.87804546282757,0.840427799593099,0.766912517923629
0.30310289375484,0.454134341416648,0.221477713350917,0.424180421190267,0.476097900449531
0.0874568342696875,0.31493634704384,0.0506662082287692,0.3772985506981,0.874842497141799
0.919438519049436,0.664378795394441,0.868460306510144,0.883839518797711,0.90495671381359
0.898797804024071,0.277348974515917,0.976268448179803,0.597914670105168,0.39063621420064
0.122944354778156,0.62614700049744,0.152376727809753,0.243730629799842,0.169091291929362
0.129750654334202,0.696818690077635,0.119015859367466,0.124954679113809,0.203319768508663
0.183423349633813,0.984707066934789,0.033083216956205,0.00743029597747717,0.0470665603352245
0.90648124110885,0.727085345220985,0.869656110028224,0.858124883942831,0.799850614072056
0.207230598200113,0.0109320860065054,0.53637717441159,0.199725498759007,0.785696684877621
0.0219652645755559,0.111763927066932,0.488542218836117,0.190869840755452,0.813152933231322
0.450379452202469,0.721080528717721,0.486540148008305,0.40361847198906,0.359324224904412
0.337516585830599,0.281073428952368,0.828046129435585,0.211611718709637,0.166931522166124
0.869233793346211,0.938509878207697,0.73051459980461,0.976757108010273,0.677191637485521
0.100389256840572,0.177988605137216,0.586896352111482,0.298451805842569,0.582185621984536
0.755474308039993,0.0536176709865686,0.308635754974384,0.964798779781296,0.835999003757024
0.93325148592703,0.596707917720778,0.958603756531474,0.764565855885709,0.514572845277144
0.416682843584567,0.264548093924532,0.0247522747866871,0.272403119390945,0.893360944784945
0.776126003824174,0.787969796889229,0.669127952030088,0.832018170846641,0.586069446842885
0.509985122829676,0.167677945893956,0.52204701366806,0.78543450090939,0.594163481291616
0.799098541028798,0.146022967848694,0.660341313295459,0.465166573130041,0.599629403761355
0.863948388025165,0.0408464951615315,0.701162689743364,0.608087703521054,0.567171053640777
0.432374060153961,0.277337798994267,0.681243798043387,0.300996787735068,0.567829627339961
0.524907622020692,0.57691171267652,0.365659851147027,0.782227348249719,0.45980296828202
0.490260625490919,0.940094360237708,0.291665870538675,0.129692761552491,0.248180015623802
0.551995509769768,0.388594576827018,0.0615720437317183,0.389459148517722,0.362363666848978
0.407968982355669,0.210346926556667,0.923794200813903,0.509970499870497,0.283285687008174
0.666581501951441,0.0971461824665312,0.895449794932221,0.376676578359825,0.232609858649084
0.423415670637041,0.175039190828102,0.587337171527446,0.481094302193486,0.552816366223851
0.0840933751314878,0.000303498207358643,0.50274109578682,0.19654409402825,0.878517783508869
0.488491191994399,0.789665878372034,0.359341716448918,0.428704778296103,0.41257349026273
0.38755389302969,0.916798971098615,0.026953433124026,0.0282929078849269,0.152092356554931
0.214717544848099,0.277321836241754,0.123427213662122,0.518906698351451,0.900062871485716
0.832467563217506,0.0680068932415452,0.530478604406991,0.861560859090252,0.671598218294093
0.167184988502413,0.364722299476853,0.0925571652828042,0.353334585752793,0.899026615399634
0.627494868589565,0.6288465699472,0.563996461533332,0.562675674954196,0.620418893842725
0.0247738906182349,0.837448920094175,0.00945838787908959,0.0100795679023901,0.0193963009223808
0.139472811250016,0.969840443256544,0.070405826226196,0.0151902459092,0.065443489846075
0.137181084835902,0.342983819165966,0.0802489416450543,0.385542825446446,0.886702021845849
0.323324019322172,0.949417971511139,0.151055524433398,0.0625843564069606,0.110900346451672
0.287925222888589,0.274569328787038,0.0433958534376058,0.254364849711855,0.947816850821255
0.745606035459787,0.581166054093046,0.733968237285454,0.655096611631655,0.325219672318781
0.219658764312044,0.514789491106058,0.662020723580682,0.354614498049377,0.187840159487678
0.517113042064011,0.15790824915166,0.323313069073559,0.914764588921785,0.772204018634511
0.529056716477498,0.9000813413586,0.381911310467692,0.158255641003562,0.286463612486841
0.283546837978065,0.776372119522421,0.130196673980822,0.175297983305884,0.0982029495935421
0.361475026933476,0.0912559361604508,0.586488127122578,0.530768244998367,0.661189685080899
0.527139365673065,0.974918905441882,0.183678563359719,0.138807055592269,0.194350963953184
0.637576044071466,0.643030663399259,0.566527503163449,0.638480552215556,0.464732207154157
0.747352383797988,0.232456377038034,0.774713191004779,0.566705484532472,0.326367137226043
0.851752744056284,0.439482508430956,0.308324223674646,0.957877557047846,0.315108332579257
0.376899885945022,0.41140726665617,0.426782101482303,0.667552747646368,0.150364745262777
0.217447122558951,0.332355051737977,0.313899758194315,0.230910363758383,0.965338957350468
0.262130391784012,0.210585796710802,0.78453632078391,0.446071376487514,0.417238155525411
0.669089151546359,0.840934909385396,0.499401526964094,0.739725110288026,0.441310839814832
0.695262104272842,0.450019968062406,0.671397776424962,0.79899326687568,0.717016761627747
0.441850412404165,0.538832091813674,0.0566450607592999,0.213610655522578,0.339728677034145
0.348153949482366,0.187945280544227,0.670870711510411,0.4329956921802,0.745723567466484
0.884090552572161,0.32415825247881,0.810057966183917,0.633047315903011,0.0686676437326241
0.510645039146766,0.722995566698955,0.282505595872831,0.534502099131493,0.326814926491352
0.356370771303773,0.382144001516281,0.659475000987803,0.431285095304706,0.554230786423432
0.276937100337818,0.694576662994223,0.0381122009163278,0.0860401858601245,0.0639355545572471
0.405229787575081,0.869355909264414,0.218120626922456,0.145855512081254,0.229852670890978
0.468498195055872,0.794769177824492,0.345238407250142,0.362233786932037,0.311580124398461
0.409672850277275,0.693125669815345,0.469754123196968,0.173682101191881,0.205484471836826
0.603848968399689,0.42111407322227,0.408126884361821,0.792774417424858,0.399287604988785
0.727674790425226,0.978884643205674,0.540497251710205,0.563035016498785,0.421476004848955
0.614652915624902,0.231928992870962,0.877893138362251,0.369501319590396,0.295693728054175
0.213944004382938,0.387965411093319,0.494935545458925,0.310504827977861,0.15236911617103
0.129508238518611,0.0129660518432502,0.491685145808802,0.450893041027003,0.832501544820843
0.194108676631004,0.113863655977184,0.597217790840555,0.0427544383661264,0.675420342449797
0.0106698821764439,0.0949057747784536,0.82565695376862,0.134537214252735,0.633786685502855
0.0981502556242049,0.155974505265476,0.511610019125359,0.692146260243097,0.716271259560017
0.101494875270873,0.389848496910417,0.19978340169188,0.367425100381105,0.909664210601477
0.989065147237852,0.711244246194838,0.977698557814773,0.922085957049304,0.981557247258024
0.681353610707447,0.000901560910278931,0.626850982655321,0.216697256505938,0.741721478145337
0.659373518079519,0.83439112213091,0.52088061662907,0.609570539667095,0.391844595287694
0.176019266713411,0.454885707091307,0.0237355974712539,0.115983721178675,0.759398309892276
0.361352944048122,0.176378107949859,0.222996506054714,0.778824935712892,0.873893659183523
0.602575102588162,0.711218768818071,0.536881094629245,0.380153252107324,0.161537798849167
0.983547080308199,0.891258194023976,0.961418350489664,0.966855723637226,0.934203236858593
0.355230763554573,0.0635509720596019,0.602909875691802,0.560542481657086,0.691708954429487
0.146099374396726,0.268928837002022,0.251192647957829,0.688644317093877,0.819120719708735
0.235566016519442,0.715297624323284,0.1232089413531,0.161561663599573,0.356516904110322
0.989962966646999,0.467724294489017,0.992304536020399,0.758304678395219,0.250747297803173
0.107958912383765,0.637946292146808,0.134088192073602,0.230351694382869,0.0662284082209226
0.072851151926443,0.33364722886472,0.676725647725026,0.156965514122406,0.356618655059719
0.815056225517765,0.678144118894124,0.692007199093728,0.902139569466665,0.499435748759424
0.4097307077609,0.846605218102923,0.241701514388374,0.216640922865514,0.332486179337138
0.91099741961807,0.312238553451607,0.947947692184222,0.626322156547068,0.29065911352518
0.0241115249227732,0.0719238590390887,0.440249304115216,0.171975548328421,0.865712247643387
0.837728555779904,0.365142387017841,0.894195545070669,0.655175639637156,0.651255626376951
0.98225165810436,0.431071427679854,0.983986587609444,0.727026940143079,0.139299050933914
0.639180003898218,0.10437539909617,0.946726980678606,0.299168442477888,0.0103001992392819
0.256558726541698,0.137341142079094,0.5080992610548,0.293048722267423,0.754792644089321
0.754484846023843,0.600007392495172,0.716193505293185,0.724669211161753,0.348563464678591
0.141893027350307,0.8458317067998,0.0160500699952968,0.0203615962816169,0.0226026787131559
0.187008987413719,0.728755388961872,0.341356226693611,0.0841378529123773,0.208618884702446
0.0638453038409352,0.852352907502791,0.0512597814254515,0.0443463354087503,0.0173555173969362
0.750774927670136,0.285320607275935,0.813064257357272,0.683140777473568,0.53047709891689
0.573838744079694,0.476232434535632,0.620269948960809,0.471914071405262,0.590919572190614
0.216431085020304,0.635528098937357,0.176120512961949,0.278450463489901,0.221280890080379
0.415117655182257,0.901924181700451,0.216872714619885,0.169755707862822,0.203633762226673
0.445306532084942,0.0837167528516147,0.637839339977863,0.260425145218155,0.629089977446711
0.647763535147533,0.792193162633339,0.389302432159748,0.875237385213505,0.493165050371317
0.591593955876306,0.946405182970921,0.364010040065102,0.31352955542019,0.306474362063454
0.955482569290325,0.243789599306183,0.981084135403982,0.559919971095526,0.141466158645926
0.403999323723838,0.57430500825285,0.277213742918982,0.570505657733041,0.0812055723799858
0.300889918813482,0.972654518176569,0.110312797926134,0.0332510279929811,0.130866259190952
0.320433076936752,0.944791103916941,0.131990504476175,0.0653251435074803,0.106459489528788
0.627563701244071,0.0642250614764635,0.611708918218039,0.324879933909657,0.649782117194263
0.664524629712105,0.900885341427056,0.504915505252121,0.433959804826859,0.3847177393327
0.0971335016656667,0.0707711478753481,0.827014242152756,0.128586618854916,0.506410340050934
0.82358906394802,0.871593527990626,0.694487204898015,0.935718676915826,0.678832735487958
0.492626316146925,0.404731754941167,0.203637161569104,0.677818756933263,0.4277616366453
0.0192686766386032,0.586852469568839,0.00264227597980038,0.00797482489244439,0.748355135758175
0.418900781078264,0.183185361180222,0.32370154890678,0.850095256046422,0.776257897756295
0.465027849189937,0.766543162491871,0.212039315478573,0.360178379311333,0.263992787600728
0.561710083158687,0.369518739433261,0.267565233435174,0.695726463569846,0.561378669255646
0.514462341321632,0.98739280711743,0.253446781035613,0.0679646847050733,0.214732040447416
0.37277150596492,0.660808905464364,0.330525030589488,0.213482355995124,0.129197708942229
0.838724980829284,0.797903799713822,0.733502634890161,0.93314361370932,0.80547672425746
0.744695326080546,0.376629506616155,0.848169605136473,0.595149692604344,0.257998068671441
0.526047493563965,0.0148724249738734,0.883692221764071,0.138429119135414,0.416947912686737
0.0982939824461937,0.258913191530155,0.245367418354417,0.817202019315401,0.812321136501851
0.436697585973889,0.468067084992072,0.464313522412111,0.453108104157161,0.139039514964679
0.474241652525961,0.566384422214469,0.619110718272316,0.400110399342794,0.500730268337065
0.275352501310408,0.930596874997718,0.095815885627133,0.0530983350378821,0.0751215183699969
0.522060110233724,0.0685317919414956,0.882106425719834,0.27633101607656,0.299754979292629
0.89411256625317,0.969257551798364,0.788689697867504,0.952711611940763,0.656571581115713
0.0587183274328709,0.192548491904745,0.344880100023723,0.286771809508352,0.895445681380806
0.222998955287039,0.892127127532149,0.0113999132177118,0.0108409898307467,0.0614882982044946
0.844301547156647,0.925342847622233,0.702974554424207,0.975273381107458,0.724678619852057
0.0633254691492766,0.586292430554749,0.0864408349422381,0.153279159614359,0.554900805669604
0.0342517849057913,0.692597308167024,0.242680207845018,0.0548874982017486,0.455431320442585
0.632878237171099,0.0707268988189753,0.247524440310608,0.790082905864762,0.878139722830383
0.314319368917495,0.460939650336513,0.413817088630469,0.458189351101319,0.147663986630505
0.224693126045167,0.350054438196821,0.298623144296277,0.614299677052693,0.764120210806141
0.33738148608245,0.708066836145008,0.274355902864297,0.308602174452892,0.175260959804291
0.465991531731561,0.159447540616384,0.818446089225888,0.312747468721729,0.403224891371792
0.925197281641886,0.879754532506922,0.856122757992316,0.955968344508121,0.858864879788598
0.812603926751763,0.389266717218561,0.764107964856979,0.709062645346944,0.475218897598097
0.648040005238727,0.417197551258141,0.39193650821293,0.825993402519594,0.00158008930156939
0.0228899207431823,0.163899844541447,0.736846846473802,0.232482040253344,0.725056837400189
0.218793540494516,0.500576247432036,0.518381118550157,0.0398092305455983,0.598452536942204
0.710050254361704,0.757738580316072,0.634727225048773,0.711940636864084,0.603591757739196
0.226652901852503,0.61796579833026,0.0568034351455946,0.153476548403488,0.165211650164565
0.945554133271798,0.964094382972689,0.866999845275266,0.983287923465167,0.806149099516915
0.342677651206031,0.92722171873902,0.169092608787957,0.0849654579051101,0.150183487945469
0.0551812455523759,0.134118114394369,0.489981585701246,0.30659374813445,0.783011799008818
0.447630189592019,0.09245262175682,0.221421994911307,0.839025145454893,0.897214978263946
0.8621661295183,0.681413292622892,0.845181708431948,0.78527792039459,0.668708340992453
0.986417664214969,0.0284513599181082,0.171689962693302,0.977387119622948,0.862190384796122
0.78293053037487,0.895513296098216,0.662312425561626,0.829079871316259,0.548046778858406
0.821466727880761,0.338123150489992,0.468671486796028,0.95449453112299,0.513519984931918
0.36346942326054,0.100797042570775,0.503482379452056,0.888867697797479,0.678595481585944
0.885471211280674,0.705572310573189,0.859691536279603,0.820912950215581,0.707766192237614
0.648151396540925,0.710816737526329,0.503459798557326,0.832577938770361,0.480654562619748
0.950175419216976,0.75225157206296,0.928129429681442,0.882991928012716,0.804545790451812
0.670776685932651,0.579155236686347,0.60083794294592,0.865836697768013,0.916453200421529
0.951115740230307,0.800943723152159,0.913660601320877,0.922844453964873,0.876682923437329
0.246230835095048,0.0857116700790357,0.613618707511263,0.441153702155569,0.664674462954281
0.807745434809476,0.683747122209752,0.697753488812957,0.945057325095466,0.970004870643606
0.328167198924348,0.887426055473043,0.148360534842284,0.121213387994191,0.123222788068233
0.188926598988473,0.562201002583606,0.393653638768087,0.202365585007588,0.89597970226896
0.653465555980802,0.371286995330593,0.506387499846864,0.778877131833727,0.603862353978911
0.0753928874619305,0.710273107077228,0.021000610188635,0.0351423280308553,0.202564519800944
0.667732652043924,0.817631463956786,0.65563443713263,0.521496034516706,0.442412603733828
0.64541178336367,0.937858804216376,0.340673495488268,0.758491407936467,0.403563371364726
0.267563903704286,0.76799749195925,0.236253576554705,0.18328677188591,0.268727851012954
0.900297989137471,0.822835290193325,0.819853832151873,0.941159084374209,0.841983985475963
0.401068704668432,0.874810395616805,0.295132074807787,0.129930525585579,0.2173483594961
0.7797128893435,0.359339638234815,0.734633983439094,0.68131952141721,0.544484893005574
0.311189796542749,0.196670538425678,0.11805810493035,0.636314756615454,0.921377381397178
0.964678435120732,0.995663381618215,0.887630777501534,0.997577733061524,0.819812011526665
0.954174572601914,0.871563722583232,0.918235746174318,0.928121788714144,0.776947177626425
0.172453000210226,0.275990469992394,0.737756076833617,0.34431480744521,0.517285918147536
0.288008455187082,0.303715169866337,0.947112354570725,0.473537110636812,0.243072734185262
0.877361592836678,0.840101473004324,0.811344528126881,0.845257129165465,0.642627673019888
0.650554351508617,0.30438968425733,0.727422419426594,0.318315130720297,0.156589823222021
0.987368574133143,0.0246550828742329,0.83395795758679,0.340784853185094,0.31836961346562
0.647057496244088,0.997409833566053,0.399050823148717,0.0537336830705938,0.328236747387564
0.787156962323934,0.919472538138507,0.682560509259156,0.673545008373881,0.492272217263235
0.0425980417057872,0.47148253818159,0.293261124860861,0.303034916643917,0.594062087737257
0.275102069601417,0.401327809930081,0.176731563078323,0.41570321767137,0.689834572869586
0.814079819479957,0.835728720150655,0.719466233649065,0.874224794702397,0.666548911860446
0.755698452936485,0.830764040903887,0.611734021952387,0.945875676214906,0.762295847962378
0.227636540308595,0.0539764887362253,0.870752119151262,0.137282622004573,0.370363279158482
0.84510619356297,0.20981338826823,0.698106806273554,0.543891073508972,0.123804163391469
0.811351022915915,0.486336831439985,0.710915544181245,0.85323477345412,0.340665992494905
0.953852211358026,0.331706513563404,0.977652727282555,0.657502670460132,0.475974967732327
0.785636085318401,0.353183124185307,0.905291284693613,0.596209163120396,0.742321930272738
0.749612370273098,0.759140695241513,0.752764911420816,0.592543682084117,0.469513746764278
0.175969946663827,0.300418185099261,0.127485116607977,0.453484151592834,0.926743205840467
0.790122923208401,0.431377112487098,0.847719363831883,0.53804821025162,0.0299326002423186
0.544466454070061,0.511054490605602,0.372262986918314,0.747393183247636,0.139084281661781
0.242669999366626,0.709254982444691,0.109175857493729,0.112726276910567,0.29059914444224
0.0999771552160382,0.449597231083317,0.496022315120542,0.314530002476664,0.452808288129745
0.534281701780856,0.769096245669061,0.328018837365899,0.657811705947411,0.339341652608709
0.788523868657649,0.042698346573161,0.664657439428768,0.327024597742949,0.537979232118232
0.29025521571748,0.313693192409119,0.335219758035142,0.939922511304389,0.430440211115638
0.225519567262381,0.236107729288051,0.144028879891223,0.486071205439604,0.93845116221928
0.894305520923808,0.339102692581946,0.871216258491342,0.600025656278853,0.0509573555609677
0.254004321992397,0.392466085468186,0.340903755836703,0.716293062924873,0.546334326587385
0.131201115669683,0.811492709181039,0.119191851843192,0.083332389040659,0.213975512277102
0.759254923323169,0.0647049815452192,0.98492683654081,0.333737027809994,0.0883614358899649
0.420749233802781,0.414868520951131,0.463315586951427,0.387880048970736,0.992921886878321
0.0960745122283697,0.186860860820161,0.285377721878934,0.568764940193482,0.903843114938354
0.164914611726999,0.308360616822029,0.309365659897205,0.406296791446063,0.93138452313724
0.252004713052884,0.0165052385127638,0.848618412105918,0.104159979291432,0.432383466890315
0.0341131356544793,0.129450969543541,0.503980572842354,0.465943154828217,0.795156341308029
0.127924085594714,0.973316760355374,0.034086288390975,0.00968760867656664,0.0373255055455957
0.85953929158859,0.125210567464819,0.156960325961102,0.95494169521347,0.832248965481995
0.780406083445996,0.266907411656575,0.154437332108525,0.447374447930391,0.577115428895922
0.70658892323263,0.617215352685889,0.728904620710621,0.511906081170495,0.348795264289947
0.82396704563871,0.943235432001529,0.651638768578633,0.983672992343958,0.637171094800578
0.723961915820837,0.570153003121959,0.299007955460945,0.865785568937747,0.172708495083498
0.869533054064959,0.427323060663184,0.858928205620102,0.735292329028126,0.866249733051518
0.882165098795667,0.360628270107554,0.84451995433208,0.684218243810167,0.279434397030855
0.0425682007335126,0.187450049998006,0.22162234984625,0.792945623953235,0.939915487746475
0.799222589936107,0.0298190790053923,0.970370451735399,0.23959551717323,0.114681939798174
0.905708597274497,0.541609430074459,0.832464039830054,0.857293464142119,0.729489318007836
0.682112470036373,0.700206445268122,0.565289226524236,0.808597072771353,0.662811640562722
0.842433413723484,0.944823620811803,0.710183399959674,0.861837609090969,0.575063361233333
0.824147068196908,0.119619116332615,0.425199877537777,0.974813705253468,0.68064044447965
0.0753815944772214,0.467583383753663,0.400742019646759,0.175639514711266,0.854432861407986
0.924429829232395,0.947722393932054,0.843323664850722,0.962724373534842,0.750141976081068
0.403051398694515,0.153026889456669,0.850358841681709,0.333386777609492,0.394770138751483
0.622258188435808,0.749464353342773,0.467885671307427,0.693547558785953,0.412548085296294
0.833742958726361,0.68079770510667,0.770328888898535,0.882211609248224,0.961499428289244
0.641081817215309,0.845734415779589,0.47078701087407,0.659439844937183,0.362942763807951
0.482192139839754,0.239227801765082,0.218812148432926,0.638209072224985,0.821975915838266
0.872316048014909,0.281166932865744,0.610183256957715,0.94202030662367,0.510436892072903
0.607166517991573,0.220570176345063,0.328404360133014,0.463445929237616,0.684997618402122
0.962509835138917,0.547069678636035,0.927488543719626,0.859656020079225,0.964092596928822
0.8637660946697,0.922741118207341,0.703683267725452,0.990462267838716,0.711584584467346
0.380635658511892,0.727640899567632,0.161285122064529,0.274715917325223,0.256615747901378
0.432652987074107,0.50668207302806,0.163598303363968,0.287712710133327,0.836062075541122
0.936078834347427,0.717039291543188,0.890374635200765,0.905311600011633,0.897295645641861
0.989420582773164,0.520997214043746,0.992325447076069,0.792291111654154,0.677354264509631
0.939545901026577,0.394702460005647,0.967018116153882,0.654075451833859,0.0786473873595241
0.276998331770301,0.758617458719527,0.00694079062293868,0.0162648433488997,0.121831880504033
0.434781512245536,0.991606064228108,0.221265460729725,0.0253091437356314,0.171865092444932
0.710511150304228,0.548854565742658,0.691080795244429,0.708582765697033,0.546186761843273
0.06560546788387,0.276078700757353,0.23949936657168,0.590752037723725,0.876207097346196
0.809922046493739,0.159876673744293,0.12716938211768,0.661753618007818,0.822529831173597
0.698393658967689,0.881021659966791,0.510166199964511,0.805327970670663,0.462686041923007
0.116249917075038,0.398167221079348,0.466713473503383,0.320840755555235,0.304173289536266
0.607210737420246,0.552963385678595,0.578768477794539,0.801433633082099,0.993347104085842
0.624353860970587,0.719079400965711,0.628272593763683,0.632089578631124,0.662114957434824
0.374676368432119,0.852303049789043,0.227189660573193,0.108189978383728,0.196106081741164
0.084019179455936,0.490121098031523,0.253920991867506,0.276232627315125,0.773810026264982
0.914087204262614,0.784241756977281,0.891999236485215,0.841275345520037,0.628919032140402
0.604060485260561,0.440083802473964,0.179049544424862,0.646144528146359,0.269786149641732
0.446098122512922,0.11305258385255,0.615480448375678,0.345873169388875,0.618742260179715
0.302004328230396,0.992210423311917,0.191437343330929,0.0116287612367681,0.121863875916461
0.278926534811035,0.222120668535354,0.914579283574629,0.428028160153952,0.536866846407065
0.374329785816371,0.0362437357252929,0.846677802966315,0.182765452271992,0.395535340736387
0.51280602812767,0.308993137179641,0.314752849215631,0.56261507061693,0.718588593386812
0.989496286492795,0.496959197713295,0.989627017896466,0.791830302816779,0.635174255614402
0.263940498000011,0.599884050578112,0.102823053647197,0.266171517929702,0.0507049002626445
0.698286973172799,0.697302564716665,0.716661935276553,0.43749887161295,0.19423679242027
0.746972584631294,0.0557825218129437,0.0596036874441071,0.892864294609372,0.948434682533843
0.143731435528025,0.540243229916086,0.0533105565194744,0.12100918551533,0.798550788051216
0.809800356626511,0.907166089426028,0.655453117039647,0.960039765527365,0.625992440007394
0.986585744889453,0.550643462367589,0.983046616058858,0.82932954772106,0.881384256732417
0.330144928535447,0.101933941041352,0.83413756862045,0.223889767450176,0.478055967862019
0.800335186067969,0.320597048063064,0.663800592664219,0.859870075913528,0.150631751719629
0.261265984969214,0.785958732216386,0.306670644835438,0.104578783473163,0.0919541366456542
0.0686892746016383,0.468006454088027,0.142291145038388,0.238506066892903,0.922043208003743
0.377240546047688,0.700045333505841,0.488173005973295,0.202318730432405,0.284554194629891
0.644752697553486,0.153357389819575,0.529057353084484,0.790827465069604,0.580176439514617
0.226609688485041,0.828916517464677,0.0238712849317158,0.0339606184622143,0.0859031164727639
0.611197398975492,0.83662248091423,0.532714293784124,0.246406349237436,0.4213192940515
0.0564312557689846,0.118677935242886,0.0891525108301029,0.786381962971099,0.983389084372902
0.967013923451304,0.491991651564604,0.957573115511971,0.773570320516513,0.331252470699837
0.338873076252639,0.480116706719855,0.36328057172184,0.583350315553134,0.685796829959145
0.95414337143302,0.919045405025827,0.905806719311528,0.955865167276491,0.796789721032837
0.475670559331775,0.581301906349836,0.533616911238041,0.177479779600359,0.556589077605167
0.498416765127331,0.111912481865147,0.839039745044586,0.17778022866453,0.189711633400293
0.386286749737337,0.732545167411445,0.268383131577701,0.256651687999969,0.334128696500557
0.760606714058667,0.924885813292349,0.707342911615586,0.493293873387203,0.408932454796741
0.224330460187048,0.0640786083822604,0.977147739134701,0.268267092401479,0.202203567459946
0.331138367764652,0.995972095086472,0.205741976700422,0.0063370349324279,0.129241573944455
0.481452941894531,0.194431685406016,0.23097810036229,0.63546952324941,0.849175464798464
0.579391508828849,0.793803100037621,0.55895639580979,0.251089745621155,0.353290132741677
0.901487954659387,0.0851445834559854,0.93209769626448,0.379188559546772,0.14804136074963
0.813405964057893,0.563969559239922,0.523879264804424,0.993977244168818,0.980510341149056
0.405570507980883,0.00236823814339004,0.989572369709559,0.0716612303552152,0.161492399900453
0.246128810336813,0.482188258931274,0.0804144811276392,0.303810805806546,0.314375192421721
0.877831648802385,0.699177682196023,0.854110638937894,0.786672651356588,0.5910119334294
0.603459681384265,0.00357518400414847,0.490375577842785,0.439735762595301,0.815743674902478
0.94579046475701,0.76290244460688,0.910547861160339,0.900623319436275,0.815964142006123
0.518812578869984,0.619359438394895,0.71800323099881,0.327582303690855,0.217135475453688
0.574716536328197,0.256029255659087,0.634491980719427,0.79546175781243,0.816407312086085
0.993459997698665,0.733845109381946,0.991203224400089,0.894829774945672,0.781793962087249
0.592137821018696,0.553974050184479,0.582064868234486,0.443249105387809,0.890205937117571
0.846286204643548,0.977036439842777,0.696735767187332,0.910036123897455,0.56754410234862
0.153883500490338,0.923908752127318,0.155536448701821,0.0333635008745237,0.0969772742537316
0.0461858818307519,0.440259653580142,0.312215124232464,0.670163905411976,0.516685255890479
0.714785394491628,0.349092234479031,0.785659520983138,0.586640331931851,0.38665534069878
0.861120264511555,0.786617438745452,0.818165785987303,0.799771749627913,0.57879773460445
0.227803708054125,0.96651732394821,0.0466532715361307,0.0170954638619083,0.0731218331202399
0.813291794620454,0.586032246792456,0.857183365524879,0.709489297907042,0.482286118407501
0.827472281176597,0.573450545227388,0.739685572431904,0.837995503580142,0.45648596828687
0.987270425539464,0.738784372893861,0.979553322207938,0.914026779844145,0.960327850392787
0.716712094144896,0.348317071475321,0.352177354251538,0.889142252721777,0.472481570468517
0.0944295541848987,0.75754037257866,0.140009342406795,0.0983418615349166,0.0985867526906077
0.688688923604786,0.633640718442621,0.612608904661174,0.838356827164586,0.599098825739929
0.133746236329898,0.283580989314942,0.308480178005839,0.446859081345257,0.879284781840397
0.875506953336298,0.170247879315866,0.940077604754607,0.508858351759435,0.243399042257806
0.39958987175487,0.209203146019718,0.687428948101852,0.261936866153875,0.457875840744236
0.0221173481550068,0.32497874359251,0.294838611182076,0.422314701870609,0.921237875212682
0.948963990435004,0.758771622931818,0.854952234525966,0.974590528715328,0.993286078708479
0.209031666396186,0.986972219921881,0.114635353670224,0.0177831477304135,0.0596335231384728
0.686295688385144,0.0810089898586739,0.941739578968292,0.328080145427538,0.129968122259015
0.204476159531623,0.418144078721525,0.499303303834953,0.435963597719697,0.961657824373106
0.536865096073598,0.326858409884153,0.302707193196663,0.905624876278426,0.0411290669289883
0.688155418029055,0.958657331037102,0.516119483769449,0.270275658543021,0.400240151648177
0.777881114976481,0.934314231591998,0.669932813349292,0.590819440789326,0.4951647304988
0.841245694318786,0.0620714685355779,0.798842936014055,0.371717598008511,0.410508760571247
0.500839473679662,0.14190173704992,0.525019360969318,0.65379318729749,0.659626683540409
0.778017615666613,0.536394776747329,0.650908717084333,0.904765743554844,0.269399458687985
0.542690981645137,0.771134648035513,0.109792013053097,0.265395048592817,0.287095075153047
0.551532801939175,0.754368659254396,0.419904586529543,0.415674000497075,0.287672958598705
0.296492118388414,0.572328498907154,0.121543518480742,0.317022117768433,0.186912770179333
0.659597183577716,0.58753275978961,0.55693557047561,0.914498618206713,0.615489765041275
0.245299915783107,0.938061559776543,0.140749656750334,0.0499254176981188,0.0955040452245157
0.198171945987269,0.468643075699219,0.301673172273582,0.542860427779836,0.491461871162755
0.791610866785049,0.116518686438212,0.609603127099392,0.968253388961587,0.633728173474083
0.784270281204954,0.854632404254517,0.679530281551435,0.836614437348198,0.597590745106572
0.605267028557137,0.816631317167776,0.40618392911045,0.647930304139916,0.477044172555907
0.847598669119179,0.386469624791062,0.709350395287289,0.736771917472579,0.127034608769463
0.861859603552148,0.102147735742619,0.456990375497765,0.861512496483666,0.685661639116006
0.973876078380272,0.0961676577862818,0.586177311681732,0.625914913294219,0.36545029366971
0.466081551974639,0.783771402930142,0.41525851405294,0.15862662562808,0.424435091292253
0.473359314491972,0.412945859861793,0.421819963335674,0.50269639038249,0.848856491764309
0.746906996937469,0.776146402669838,0.643539837314519,0.728013260922423,0.577059109025868
0.571813891408965,0.899944397067884,0.479616153092682,0.0732384405417865,0.314365035301307
0.521273506339639,0.146100291080074,0.669253821453587,0.328223099153189,0.50479489468853
0.885334671940655,0.567097851686412,0.873595328512647,0.764873255685616,0.485423149337294
0.396842489484698,0.285172566742403,0.603603250223644,0.379630986801204,0.707232268207008
0.272983963834122,0.237563119299011,0.276555074487911,0.574731653458948,0.855785287596518
0.609039587667212,0.551985212689033,0.390092816246472,0.735741031796256,0.776074987574248
0.632634239038453,0.0216783643991221,0.671205238279249,0.227170301889457,0.610166459722677
0.317522924160585,0.637840476498241,0.490754912865583,0.250650273469674,0.269782966730418
0.731456695124507,0.493412143696332,0.611407940116509,0.796362095780656,0.553163490403676
0.0138042976614088,0.452787345362594,0.227826878249342,0.286099021431193,0.834157224948285
0.837375346804038,0.995303829928162,0.65187085327145,0.843982588275876,0.513880373939173
0.398406671127304,0.476312130194856,0.147183364855467,0.523383259149116,0.0513247187191155
0.0175327856559306,0.51318827594514,0.319199965327794,0.186945550286872,0.812875314586563
0.206928001949564,0.847048488532891,0.0880796514849603,0.0814322714813054,0.0706283501640428
0.225408181548119,0.92581521088141,0.0203287981380146,0.0165356301228583,0.0403325601655524
0.0988772253040224,0.236994910490466,0.505424439395938,0.0932416898200814,0.791831774957245
0.528601092053577,0.620264132652665,0.550697780947021,0.391873233074077,0.249101918569067
0.0706948270089924,0.87178550081444,0.0198834070046876,0.0149884366372759,0.0446902533585671
0.023234527092427,0.134541782172164,0.0739260917929734,0.612725322793886,0.995488491520518
0.750853805802763,0.633865396463079,0.625384363305305,0.926222796581325,0.92100022759405
0.944142165128142,0.661115729628364,0.938663852495368,0.815988588969425,0.656263784359908
0.305125513346866,0.905531465861714,0.129879267385508,0.0909855581216541,0.0941977234033402
0.219082447234541,0.118874070729362,0.480872360467605,0.579690516949625,0.715317674708785
0.565797374583781,0.0478780017874669,0.175713510813274,0.906232368218224,0.926677901676157
0.353469631168991,0.904974134493386,0.154040094895442,0.108302922372516,0.131697096017888
0.739346486516297,0.163491659186548,0.0968674128722359,0.587295265470618,0.870436301251175
0.660174523480237,0.810211973002879,0.596955270613219,0.259203588842809,0.3312095682777
0.71341728977859,0.879555244609946,0.576167002373588,0.659006633090331,0.47696429232019
0.64385779434815,0.251204592728755,0.381537739177849,0.895530211300007,0.661232267477317
0.166555258445442,0.987380166450748,0.018970862075948,0.00435947237708256,0.0398684851534199
0.273150024237111,0.414502459316282,0.195324165184557,0.259540992741585,0.83183398944675
0.500142819946632,0.536764424730791,0.208579601814416,0.585557220640646,0.617173539096257
0.236777244135737,0.0900367459689733,0.361588781525575,0.78565106625358,0.838962557289051
0.85341928107664,0.431419958331389,0.845416439416103,0.72998184571741,0.715080536523601
0.715782607439905,0.515028925758088,0.590219158541238,0.901758904956298,0.979800575849367
0.690821555210277,0.857987479219446,0.54505409018512,0.679152911150381,0.499294815032044
0.880579123506323,0.491238336631795,0.820609049688909,0.826209425912314,0.912045671517262
0.0802060242276639,0.239803429314634,0.197731935596353,0.530014707693605,0.951304241345497
0.261826418340206,0.531818338407902,0.120540196697639,0.238534836373025,0.562712749728234
0.88846408110112,0.358173757122131,0.879650453253885,0.666227948702239,0.370827049569925
0.377896595746279,0.989512757194461,0.190314960486755,0.0316195662699403,0.13233327071066
0.682709724409506,0.73588671014295,0.661976505982986,0.536319512107189,0.463183628657134
0.0420761201530695,0.0576076939178165,0.192318390653003,0.877203352496132,0.96681778805214
0.232404216192663,0.958996131405002,0.0164574821944347,0.00841941294410608,0.0717397068219725
0.792333863442764,0.908141513267765,0.629696937557959,0.928725866354953,0.574504095391603
0.556483448948711,0.899324314697878,0.324504421661463,0.374424776207658,0.330035328137456
0.861560087185353,0.838231002009707,0.772905053884009,0.900045784336617,0.72007784593734
0.0339989068452269,0.189188926684437,0.141419204411158,0.615077591265789,0.982760034239618
0.988630455685779,0.141299769718898,0.993153750998307,0.488656484505948,0.0122441376151983
0.36438407888636,0.948884680023184,0.149497222728342,0.0732716438530433,0.132674411957851
0.274967816658318,0.391581065050559,0.285980238232453,0.538416521702083,0.389738830301212
0.734258126234636,0.789125922630774,0.641907115626171,0.78124063761212,0.579480529326247
0.498779767425731,0.596156755491393,0.736080977096406,0.499950338575343,0.605983271001605
0.465557547518983,0.730084539129166,0.305500098021211,0.526828869196692,0.3346103214717
0.174483922310174,0.295684046723181,0.540437765170751,0.808187918540968,0.636353718437022
0.404848153935745,0.662819901102921,0.427409584834241,0.396260501667349,0.579926943493774
0.280522599350661,0.238951858162181,0.253102191251546,0.705948628335093,0.861792445037281
0.0834835048299283,0.578397505596513,0.147697793920607,0.226329425665197,0.352184501680313
0.00982445012778044,0.595122664439259,0.013281761722843,0.0353956321136606,0.613461129745701
0.803715195739642,0.202994393795962,0.945814546791754,0.500133990680868,0.459403890854446
0.974961387459189,0.507171635777922,0.943339122245086,0.847356393894673,0.968231673847185
0.795356767717749,0.841383496153867,0.717526041342519,0.768209287512753,0.536950330104446
0.130431917263195,0.423642171808751,0.384564924124746,0.461395896754216,0.881094311043853
0.842955436324701,0.786529458040604,0.767421829035331,0.878606525522392,0.691194145445479
0.371109237195924,0.338219473225763,0.715764444516264,0.27133010894038,0.512849810213083
0.609879625961185,0.802189568552421,0.389780231399137,0.790677689136581,0.436556803324493
0.480145028559491,0.105981081869686,0.702763046317041,0.509079520767785,0.511113895656308
0.0385198700241745,0.832455750642112,0.0231899492839303,0.0211271995445456,0.0318944610480685
0.735381667967886,0.706862578605069,0.647477470397927,0.80052397184392,0.53680791737861
0.628693198319525,0.98036957133445,0.408390452023198,0.179223870912621,0.356850272131851
0.672342622419819,0.62563423012034,0.414028360614408,0.934983930677701,0.305732943088515
0.532160889357328,0.662858165247599,0.391407239123233,0.583328826015755,0.267995820642682
0.780832253629342,0.909523873153375,0.58346859087653,0.982474330032271,0.580303962313337
0.5912302932702,0.424990496452665,0.626989136479336,0.805876791274668,0.797891291236738
0.138390032108873,0.153166160540422,0.478079649027111,0.29403203085233,0.77036952614435
0.390827734023333,0.899355225759791,0.239336897826014,0.141778078321713,0.211245034501189
0.427374941064045,0.541607569699408,0.431913842757176,0.787936837088888,0.898695107811363
0.411668628221378,0.06801171056577,0.96479289489153,0.277643661824344,0.101453992858296
0.20256421319209,0.00622479090816341,0.930807674031384,0.0952234573915471,0.2900696049619
0.716988943982869,0.43310984611162,0.65003802145097,0.814064766598267,0.470323435758473
0.512060564244166,0.77079890211462,0.393912517536012,0.435433474523191,0.350593927112641
0.598518243990839,0.351602889917558,0.747454045139691,0.610600590874647,0.277640172949759
0.0655613609123975,0.518948489712784,0.00125286146041909,0.00843163562221593,0.364455496222945
0.463488325942308,0.0447359942190815,0.620079219274097,0.522688757215621,0.666534672694979
0.5552988355048,0.29839326054207,0.662966054834237,0.555291311032053,0.234510903683258
0.770526912994683,0.592759571474744,0.743329316092019,0.698615333240032,0.515831160737434
0.332354427780956,0.891738554026233,0.199489032803502,0.113444324666988,0.192400686064502
0.705171624664217,0.905382601806195,0.536568495011812,0.786921285622607,0.470410344860284
0.577764319488779,0.630638350703521,0.526849471255475,0.628419216616477,0.515904669038719
0.876002815319225,0.817419719329337,0.828117546744779,0.823297035630527,0.617850722308503
0.272986569674686,0.259264762309613,0.357435427078942,0.522820674560375,0.78947242416325
0.521954093826935,0.884842143073911,0.349407440973151,0.335854216611714,0.329750479402719
0.763458845205605,0.208966649166541,0.0254417426839024,0.356121484370723,0.809561487898463
0.0310927373357117,0.0132902514014859,0.861212235464081,0.12756645911464,0.527602240821579
0.272874920628965,0.454603399062762,0.0316053345531075,0.152060165792207,0.640702318254625
0.595173283247277,0.0434538395202253,0.819332294758852,0.215541170586311,0.424190882738912
0.587247014744207,0.540661483915756,0.477362547990439,0.844061275908226,0.746239880070789
0.92710029752925,0.873664137587184,0.862673713326265,0.947977978680431,0.839930702204583
0.15233398694545,0.080283753661206,0.949919300241182,0.310991548999648,0.413898537546629
0.621220273664221,0.905772495345445,0.512414142122217,0.15034631144632,0.332397135702195
0.138559850864112,0.860265699360752,0.0762929187643021,0.0631735409976677,0.0521423025347758
0.525973143754527,0.730912839615485,0.480338522675288,0.282422759937555,0.35339231803664
0.752225008560345,0.074863189161988,0.416907515935102,0.858192900716793,0.775707237975439
0.157809616532177,0.477685838210164,0.168990289923994,0.294803907122945,0.722960273647914
0.94171376619488,0.593659235542873,0.93829103750796,0.783618360541144,0.351695281075081
0.664008692605421,0.865154485596577,0.478615117698341,0.795425590592454,0.518305492500076
0.320523662259802,0.22246883410844,0.474875403636605,0.583197099183894,0.581036353745731
0.22304953658022,0.319183689862257,0.891515903409141,0.408875666289532,0.0189738734916318
0.299590887734666,0.724295606167288,0.10645353933516,0.193846379042905,0.127523410104914
0.576477526221424,0.721416859625606,0.420465774749705,0.64928318834154,0.505220354913035
0.268521207384765,0.139441668550717,0.671480731084259,0.307010444435374,0.537882589298533
0.705841519869864,0.872154381213477,0.540157816116452,0.853867396155753,0.502483550022589
0.261841874802485,0.0290669590176549,0.560492430902345,0.563604720679855,0.728745239001
0.19336049258709,0.647553704766324,0.00983079045204399,0.0300256300973832,0.189194302802207
0.24376449896954,0.429550475528231,0.195454108249517,0.239087811267807,0.91675928470795
0.470707146683708,0.565285611344734,0.0132689832033321,0.0582542035918937,0.395458867278649
0.00364944618195295,0.369489894452272,0.168577638117105,0.554369600290874,0.879704760183813
0.0854941268917173,0.571810809633462,0.135730934284785,0.218177212389788,0.488130906334845
0.611531121423468,0.848672964813886,0.50329741226522,0.31995637881267,0.373559589817887
0.346184077905491,0.559140678757103,0.124760980342827,0.369213209989767,0.0313615724735428
0.769392295042053,0.405871713912347,0.769579239255382,0.65717155886298,0.189768677548273
0.59489281498827,0.772960741625866,0.51238354258131,0.518102361059641,0.548440686514368
0.986225510016084,0.652201057848288,0.982872407987744,0.860797575414241,0.823110692814225
0.801304121268913,0.410329383361386,0.159925557596797,0.703721113100652,0.371029386151349
0.997909357305616,0.489175872324267,0.998152198223058,0.80225212175868,0.574092107679462
0.868191690417007,0.17481095236144,0.882669419160046,0.418417654214488,0.0564549940463621
0.61178302182816,0.367110997060081,0.659215261416029,0.614818513510008,0.837653650407447
0.882188565796241,0.551398760668235,0.820720764895969,0.845810272533253,0.857113581645535
0.311907657189295,0.0643164454668295,0.556361306546892,0.138057379082646,0.731451042898698
0.644079444929957,0.519054626784055,0.751679477947767,0.523869364772133,0.0212706289894413
0.543228323571384,0.0774630165833514,0.792019281970602,0.259591589101314,0.430642192455707
0.41673549124971,0.686450048844563,0.245517927020892,0.359981509608654,0.345527868514182
0.723956763511524,0.356912168994313,0.655345653020299,0.64566771553135,0.745469046320068
0.238862236961722,0.950850084162084,0.0844142201867846,0.0354927073816585,0.0796618192398455
0.511124494718388,0.892811305850046,0.370821706438272,0.246810035790152,0.22649459427339
0.343732542358339,0.388995624874951,0.328369951097986,0.389843106570002,0.458837774029234
0.385794180911034,0.159758253925247,0.77362719363476,0.366341328296828,0.450987927819369
0.119781462941319,0.273523502779426,0.399078957249974,0.635630978481379,0.812186875409679
0.549009001115337,0.717058605659986,0.484021244020575,0.31330526239897,0.303220181638608
0.678617099067196,0.89104512592894,0.434466725116252,0.900772679419319,0.474793957284419
0.984753027558327,0.143993084406247,0.898329569837398,0.57439591720142,0.108797155990032
0.170563306892291,0.261040617740946,0.558693376553977,0.190859758281893,0.660723336884985
0.55743826017715,0.460667815379566,0.193398026035502,0.726627781402135,0.0491516742913518
0.606628119014204,0.67566146349418,0.505298084468055,0.505911194310001,0.505713989288779
0.118031052406877,0.880792128649773,0.0650323969884705,0.0465004168326528,0.0342282703204546
0.895449623931199,0.978978560509859,0.771523888705407,0.973872373067512,0.669320431217784
0.955079674487934,0.875952267291723,0.908669623594672,0.953997037755634,0.870351754856529
0.0801747227087617,0.0540658411628101,0.751343063317244,0.118411950442275,0.607206063257763
0.669746277853847,0.537757909420179,0.548093041387534,0.927219639501701,0.694965593138477
0.776892656926066,0.0908578577509616,0.483529605909436,0.976526337055368,0.677775666146772
0.0372554424684495,0.866236655943794,0.00132712319782774,0.00174416822677141,0.000650174653856084
0.574517227942124,0.958298926329007,0.34581145076458,0.283879616888086,0.307621285988716
0.626280647702515,0.552887018915499,0.657548974182756,0.46759752447273,0.388649560714839
0.0677631287835538,0.0546850815007929,0.0688932392043619,0.883490497986915,0.992195171042113
0.821523554623127,0.501831068453612,0.895059178743519,0.66556105798603,0.396789297781652
0.947393213631585,0.901583111059153,0.887362563073095,0.964428279089374,0.862144487764454
0.113780360436067,0.780945885198889,0.000540008088194655,0.00106406679902427,0.173496251256438
0.0975540089420974,0.164485669723945,0.95594759291449,0.430177099133035,0.302116452454356
0.471709334757179,0.795709989179159,0.494705894236863,0.119757859158818,0.339675054972759
0.725523353554308,0.234449843439506,0.0173942682995543,0.255817692107151,0.829919841460651
0.924965599551797,0.759379709983477,0.894705472878597,0.874711829716137,0.80620011370047
0.0422941902652383,0.0416652640269604,0.880464600978183,0.107025888330778,0.454749440395972
0.995496444171295,0.479950123029994,0.994356490975581,0.797710503541325,0.376965716161067
0.0735499458387494,0.238813094707439,0.253650208513022,0.651068980565335,0.929703037108993
0.461600798880681,0.0887170218338724,0.645406224037848,0.115299782961864,0.634053423273144
0.875134514644742,0.818182163959136,0.738050649414704,0.987550327593369,0.976505463389913
0.624502807389945,0.739116968092276,0.533942925585503,0.515279578308517,0.596645913232351
0.765636463649571,0.720809034624835,0.605172950448292,0.971504323644757,0.810455339815235
0.838212891248986,0.931834061542759,0.693461853532127,0.949776246161052,0.623289934854256
0.0602517516817898,0.0774842595274094,0.2108980183794,0.822985915838835,0.952717573643895
0.395441849483177,0.164657844550675,0.582285125436061,0.309985069648528,0.597817199100973
0.854502520291135,0.0594301333476324,0.771747553611168,0.37518856680918,0.464534708036808
0.0475410069338977,0.107657035201555,0.641247286923952,0.0675553246345982,0.702318615716649
0.546999344602227,0.29275540143135,0.0164435273825611,0.187610628967969,0.82502298001782
0.0788655360229313,0.0715203860600013,0.881819024771522,0.171478631400795,0.36323629328399
0.980141309089959,0.376832774811191,0.990109293940062,0.691196060861779,0.323364678915823
0.880590010201558,0.738363552751252,0.853181120204461,0.832499128912595,0.712583985849051
0.963267034618184,0.333356211689534,0.970352775652541,0.658883095053585,0.126657076034462
0.419078243663535,0.459769724780926,0.379554661908577,0.67759114872808,0.0713343165407423
0.172280616825446,0.161565956455888,0.0907099767844996,0.57558370538397,0.970088716043392
0.106076532742009,0.285136479331413,0.391875231231029,0.844577300387015,0.590985515358625
0.82646649912931,0.735123080870835,0.820892415514099,0.736276261574663,0.506610607582843
0.594012509100139,0.188746061146958,0.448868617009665,0.924492756750402,0.614692395058228
0.823419971391559,0.773961122118635,0.709194383062872,0.949767956667834,0.821580921910936
0.103469043737277,0.978302585048368,0.10372933220812,0.0159932101122654,0.034309644572204
0.124190513743088,0.0932549657009076,0.572469959229172,0.448994612036786,0.694500885874731
0.0510597785469145,0.236201928782975,0.109267405551698,0.537394901587352,0.97149496639031
0.625348313711584,0.134259625949198,0.352735435787798,0.893342713600754,0.771690554596717
0.795139669207856,0.860726251528831,0.692344186124606,0.811265019462653,0.569782700535143
0.188175153452903,0.529065440205159,0.110292174293981,0.290462436890555,0.142077867785702
0.0881244051270187,0.335054761409992,0.479122587494435,0.440824762419387,0.782102660479723
0.465808439301327,0.738776208396303,0.392322230957152,0.318085546035597,0.539500907674665
0.335403127595782,0.243200688419165,0.494570337409917,0.508497069975805,0.544807137543103
0.915073847863823,0.928424253448611,0.817177435462873,0.979143022496247,0.831521367799724
0.644117336487398,0.47310819485574,0.752114148751447,0.536614352196546,0.44791926725884
0.417501042131335,0.0457311512145679,0.624572552655982,0.467811878431448,0.656846342695644
0.654699676902965,0.902240517112659,0.443518550532726,0.739381778504844,0.440077095146989
0.375019947299734,0.531523727724561,0.0658878363285765,0.165904122318316,0.687685034092283
0.305538478540257,0.321631141559919,0.550269361662319,0.378274930462642,0.287636294757249
0.343076123856008,0.542417104385095,0.201333846038093,0.42638645264332,0.699691406887723
0.558320857118815,0.417892431927612,0.161910712146484,0.552587274825254,0.440198661672184
0.427282479591668,0.961054746847367,0.252325892436017,0.0737303230813067,0.179983784531942
0.470222527626902,0.796693738288013,0.394772638194904,0.262822270760273,0.298606256110361
0.0155524928122759,0.0788261582201812,0.0236412273107219,0.564743924538139,0.999371347337728
0.124299030983821,0.639620319212554,0.190308202687456,0.238446369076308,0.140051562077133
0.873037553858012,0.376063858304406,0.904349040657924,0.651811800962476,0.739564584306208
0.237174135865644,0.0253451605385635,0.353323891342588,0.753011702056305,0.892270566982916
0.348535637138411,0.10831510272692,0.844675993807048,0.330695463142578,0.39969617270981
0.396126931533217,0.207205420738319,0.384002702820433,0.62133489966524,0.720306591858389
0.917283245129511,0.929576095979428,0.840990068040375,0.931914607895959,0.679320217022905
0.141247955383733,0.699499486276181,0.10587074018187,0.143429162162408,0.2241245667974
0.631342441309243,0.433169724157779,0.297059083500996,0.79357547149501,0.651129115169169
0.535914303036407,0.251160765328677,0.287946059130431,0.591771632521925,0.721112758823438
0.469352172221988,0.478305147757055,0.514398893905965,0.408170160419374,0.419003156217514
0.795637690695003,0.704826399596641,0.735029409920985,0.780262076077892,0.497181206621462
0.0987659678794444,0.00783030185266398,0.293090453020382,0.929406971181836,0.939744059374789
0.718556286068633,0.302264551603002,0.160403356788195,0.485731358083927,0.591701539378846
0.952669665683061,0.130879213713342,0.56434663870924,0.859151969495155,0.561816077883122
0.77469003200531,0.938023090508068,0.616643172256,0.80972671248281,0.500421311386162
0.265471955761313,0.615885200066259,0.25534425202795,0.283616424310719,0.102215488994261
0.566732837120071,0.584991043462651,0.36362580256154,0.762823300378989,0.884920976444846
0.567480919649825,0.790950016555144,0.425778751094535,0.745805712615853,0.418850883637788
0.664827926782891,0.721154926897725,0.569180423122165,0.679192402090592,0.497163531923434
0.361897387309,0.279943227738841,0.612097526707463,0.522805311886233,0.651240383886034
0.316849644761533,0.730852535663871,0.280083326729887,0.265437404852427,0.216234069055645
0.885785777820274,0.669314628787106,0.849963291605979,0.840856486693509,0.853417293197708
0.492518364684656,0.253049769584322,0.754920901330359,0.395264036968192,0.200770844618091
0.949774833861738,0.91082167296554,0.887501272616819,0.97462323506489,0.926709677820327
0.512378249317408,0.130514202319318,0.610198071951711,0.64234266560235,0.613047051796457
0.606527121737599,0.292010679637315,0.0574302908659955,0.484645408873605,0.724134959018556
0.594265454914421,0.37948307194165,0.288158503489292,0.539694978236718,0.647857951902552
0.259842991363257,0.393801430036547,0.0976963478719823,0.329846017357994,0.807223992043873
0.462935968535021,0.467730834934628,0.0238602693808929,0.15855892898945,0.0640567239315715
0.0824235696345568,0.418557150551351,0.377526553075913,0.557801747801815,0.648596518527484
0.889672348508611,0.998199352499796,0.701906107143656,0.992543410579609,0.665656598372152
0.502649223664775,0.486574964394094,0.743124916561364,0.437622197017843,0.348748133255867
0.302635163068771,0.724261656840099,0.289227378892992,0.245914175129972,0.321598955459194
0.244564141845331,0.211147831316339,0.697606687399136,0.227481086659259,0.566371638240525
0.0207815228495747,0.861217593686888,0.077919430295917,0.0503152247870036,0.0091134981776122
0.822450069943443,0.787808794964803,0.746060739915507,0.765532140603837,0.549397887341911
0.632103117182851,0.908443487802288,0.448888227543947,0.583575897028552,0.411443964025239
0.792792873457074,0.365670905652223,0.471545646732818,0.959266129744639,0.725686887250049
0.152499970048666,0.792373460164526,0.121427056793298,0.110218179749953,0.108926158543909
0.239779953844845,0.847088935814099,0.130978810748055,0.116988126050664,0.053494847001275
0.327906050253659,0.0162985237257089,0.921037789626684,0.131775630209993,0.334556571062421
0.768646610202268,0.253347108809976,0.663293020339848,0.458499676097585,0.196575114649022
0.216304424218833,0.332477228221251,0.0901022234144306,0.338047540003156,0.87827708243276
0.468867043731734,0.400420022982871,0.733637211572796,0.425192837019533,0.480800143704982
0.714905405882746,0.163188716134755,0.821305019999813,0.493860575222357,0.393419613392325
0.779209998669103,0.388636652583955,0.892275327416196,0.624114585358012,0.573517971875845
0.0453761026728898,0.153938001050847,0.814167073139756,0.241922345103727,0.321616605069721
0.891133200610057,0.934593959158519,0.776249957806838,0.971038247486245,0.735931183531648
0.131080943858251,0.11457711251569,0.511067249434482,0.531818658274618,0.730241121171275
0.605469647329301,0.933845468825893,0.410779294354877,0.344461318813797,0.345041477208724
0.258258847286925,0.8360748666164,0.152991537063404,0.113668979136978,0.158783237420721
0.653396819718182,0.247083652677247,0.50106329164259,0.755427402337562,0.684353602206102
0.244928925530985,0.102803656161996,0.36460718137032,0.575698371946709,0.815172142902156
0.579544307664037,0.888629795546876,0.423701912194453,0.331000325893887,0.339017108402913
0.037383207352832,0.851154471194604,0.11070201192855,0.0546134059031483,0.0553118186362553
0.798434488009661,0.524474920966895,0.711118811640551,0.832507363619509,0.447186376521131
0.783315037610009,0.565239041374298,0.753656906147805,0.753174693245426,0.713451720279409
0.998656013514847,0.539277304458665,0.997334371561324,0.868566409599833,0.870464425737737
0.586728392867371,0.340166679612594,0.684003978325388,0.599049468434072,0.641638239874737
0.0528611659538001,0.616078419989208,0.136411844501322,0.105273709954025,0.931812289665686
0.41573778167367,0.753057218418689,0.540880051448316,0.150925445464594,0.316463955416111
0.745547455037013,0.620502874109661,0.715695686276308,0.679604217856495,0.424572139891097
0.905149450991303,0.966381894453662,0.787470664255479,0.972854974644892,0.707631779689109
0.86605933518149,0.946256163500948,0.751882736869777,0.921264538488512,0.621873929194408
0.662834734655917,0.721163717476884,0.712832189397166,0.47121172554155,0.470692353119375
0.962551251519471,0.406029620178742,0.962505627528187,0.731109521885915,0.541616412374424
0.492000836180523,0.852821515145479,0.414647077523676,0.133802656621279,0.306020792253548
0.45803624461405,0.956109235732583,0.133768765690242,0.101303217926466,0.160827952349791
0.803171337815002,0.833802216366166,0.692410388234649,0.834741425319871,0.595654709351948
0.595468072453514,0.709816220245557,0.314688004552234,0.702756882284479,0.388632400165079
0.801410929532722,0.401407965604449,0.812894152423306,0.607621446616127,0.220640051615192
0.945250176824629,0.963835992413806,0.857881626858829,0.991490117957627,0.888999595626956
0.397934555076063,0.026755789614981,0.349768664852514,0.937918413164382,0.867811972770141
0.47471557604149,0.932463386125164,0.307229732267371,0.134463198696505,0.255930657876888
0.59363158303313,0.551426276244456,0.64703853731864,0.501517647277742,0.241435718344292
0.682322007603943,0.970255743799498,0.515734978019362,0.3070860581466,0.371769176010275
0.639005282660946,0.545232148171635,0.56062179911867,0.563477485741689,0.204792929551331
0.828363284468651,0.757059632131131,0.730106294702576,0.867916136483156,0.597120272141183
0.286775565240532,0.112845846888376,0.381789999712439,0.817868533422577,0.799080420314567
0.341128829400986,0.541797289130045,0.284871480238663,0.473585317009118,0.349343299836619
0.706430163700134,0.773088935442502,0.551731132635225,0.888357013084721,0.574635594763095
0.822371034882963,0.136081423523137,0.741310731845371,0.496355694275957,0.393560102413176
0.336480444064364,0.927961175708333,0.170049970969323,0.0990185841589663,0.123271425225539
0.127429859945551,0.0852578728517983,0.646848081024461,0.150090020579349,0.618911185738398
0.561004489194602,0.195211325626587,0.829334437600862,0.485978611063117,0.439012512244517
0.327200521482155,0.541623984317994,0.5715923787844,0.309286804426336,0.462278023100225
0.231784554896876,0.986798473430099,0.0314743129716544,0.00765090503348731,0.0449176194088068
0.36755657941103,0.647326454316499,0.375498540707689,0.237824328177677,0.495231775712455
0.898608149029315,0.444996490463382,0.869031166160965,0.729314695063925,0.332886180462083
0.543878808850423,0.7408283741388,0.31454951213969,0.621854129921858,0.269104747771053
0.919249758590013,0.978152527619386,0.801681139161873,0.988751145508948,0.750368944514776
0.596612983616069,0.0870347068121191,0.487413461910923,0.896584985357892,0.708637877454748
0.605555083602667,0.0853321526374202,0.91611051462451,0.296261225288591,0.205999431578675
0.135967454640195,0.610249033110449,0.0867644626622545,0.159161459621986,0.200530756294029
0.232113043777645,0.819196967961034,0.212411776379358,0.0826003380079385,0.242290729976958
0.336996516678482,0.22842003472033,0.396294976860089,0.440057998727525,0.777885418705409
0.635330211836845,0.994744102907134,0.351354489225526,0.198840453239622,0.343757555732736
0.518647412536666,0.831949334329693,0.390483582916637,0.335657283549609,0.353177737357328
0.866889628581703,0.826793489366537,0.772868546345475,0.947845260482002,0.876054481923347
0.547783986432478,0.801242675661342,0.391621249472363,0.583767964857597,0.376818164804718
0.802015756489709,0.777717584714992,0.66769375515412,0.961325736896893,0.841013230703538
0.995862235082313,0.785705974471057,0.992155177316119,0.931829564701428,0.892856349790236
0.947905382141471,0.509615591057809,0.952781770473556,0.752651556822175,0.507730974029982
0.531840185634792,0.826643615408102,0.462761580593112,0.226739646736174,0.35128766213893
0.45197644457221,0.907113888330059,0.286587080541364,0.166051182700854,0.255769635346951
0.2672044117935,0.392885720852064,0.534742189271333,0.71711466445371,0.52675903859199
0.216658735182136,0.616282618808327,0.277030359009543,0.257897509970268,0.40855164846289
0.165981413098052,0.00810512134921737,0.490787786440094,0.48974983704919,0.820871037634788
0.53177374182269,0.459899570414564,0.30860300168198,0.728920123545767,0.421232931519626
0.00316758779808879,0.323015052388655,0.216054279780834,0.378550448485776,0.987156625982607
0.254346497589722,0.600690300605493,0.482547580427434,0.182416563474648,0.656360442895675
0.872590905521065,0.54443497772445,0.786665203412746,0.872638895275345,0.91541718566441
0.543183707632124,0.644171754451236,0.244419095053959,0.499474806596656,0.428566306742141
0.528458792716265,0.0701625084329862,0.900384431460338,0.293467114505581,0.288566048635403
0.941990136634558,0.10726166216773,0.85008246842762,0.524389232177513,0.2620846965292
0.776101738912985,0.915896083897678,0.628546527097267,0.827007569356835,0.540195807610871
0.912915722001344,0.288275016908301,0.779332370451175,0.717208910985677,0.127154484245693
0.225148964207619,0.502440580778057,0.128274517901997,0.288165592280685,0.660250600340078
0.513677032198757,0.649839762278134,0.491943785081134,0.286307592258878,0.632512244250393
0.0249216426163912,0.604844387125922,0.337524616846663,0.061629440584309,0.541777319245739
0.410630060592666,0.981460515788058,0.211556019159184,0.0365833645884234,0.167283616116038
0.791963988216594,0.913364511012333,0.663509701262966,0.801929694477163,0.518602932424983
0.0905913100577891,0.434678176854504,0.100388678084923,0.270117036819298,0.859246644744417
0.69879250577651,0.340588153136196,0.407977752540108,0.885230727125115,0.189119980292162
0.300150184426457,0.80516980306129,0.204132137885511,0.165876704892026,0.172688199527329
0.434318333864212,0.395474512974033,0.679388965530816,0.558471477229309,0.969234431540826
0.0487437483388931,0.73239933498553,0.0324606095522285,0.0482014204849605,0.0986676240863744
0.826128552900627,0.144307681621285,0.436984625285591,0.907776234849033,0.63216531809303
0.0331057778093964,0.522312386805424,0.379194362157953,0.0604440455549848,0.820001131243771
0.019892142387107,0.491142103768652,0.563184718745613,0.151105614373065,0.126580106414622
0.599682100582868,0.749837395880604,0.503958982825959,0.658576236369414,0.510691954026697
0.780773216392845,0.300235014437931,0.523772229271713,0.96800348880094,0.731383031205041
0.973667300771922,0.334469838562654,0.960452453397875,0.697144108248623,0.314887912623817
0.534323784988374,0.668528194335522,0.30244355463748,0.578697992376013,0.11021352399257
0.898509391583502,0.767357813107083,0.794108007480515,0.964040214428321,0.950962523726048
0.357565218117088,0.133073445496848,0.722544240461459,0.376444756763256,0.440042484231526
0.144340789178386,0.252231742459117,0.139197416751439,0.475495379266501,0.944665405404521
0.792983357794583,0.242095849331236,0.750867935214923,0.752972440364971,0.42375346380868
0.86827675299719,0.963628800149309,0.743097679012346,0.946146934883647,0.627104391314788
0.448502661893144,0.232562671444612,0.25040521703781,0.708751158020604,0.796177828946384
0.59857537667267,0.237326800153824,0.814420327912837,0.503929716961253,0.463548554369481
0.607193315634504,0.139888847857947,0.570477230694442,0.16319141832523,0.600610628112918
0.60585953691043,0.124761910148663,0.730317430525933,0.493078026295893,0.453767398226773
0.249935350148007,0.632454581646016,0.363784697972875,0.152934331544395,0.230031052342383
0.278616334544495,0.635085555055412,0.419515626307617,0.192374086004327,0.387297252746066
0.782940637785941,0.878788043191889,0.618469131326791,0.971547807118631,0.658281597396126
0.421115171397105,0.587979945092229,0.0745649972076651,0.2654244447485,0.0250847919087391
0.428594065830112,0.6459999656945,0.0178761987305812,0.0653311283775277,0.0750163102347869
0.4042662542779,0.267942138627404,0.0754601978055606,0.461459787247619,0.839393294852925
0.257041121134534,0.620863585063489,0.323746179190614,0.458965461123363,0.0677914164552931
0.459171047899872,0.446911994571565,0.627515619516124,0.296508006538155,0.602024384628749
0.709809802239761,0.662984610447893,0.61327909776259,0.792780814325532,0.847991006594384
0.70542632509023,0.0911010573909152,0.309303507976156,0.953925865769652,0.815519417839823
0.632782748667523,0.377603692671983,0.69490665050074,0.532874429653483,0.546628330164822
0.942053274950013,0.596257833269192,0.914863920575213,0.841131357126998,0.858126575272763
0.898010571952909,0.529680332314456,0.86664936604186,0.761730874039854,0.163557596242754
0.508308519376442,0.693089689622866,0.365638715573164,0.533966622107002,0.374868149956455
0.371863544918597,0.933673668681877,0.128638885454541,0.0884867390633936,0.12755661670235
0.485089070862159,0.975303863204317,0.263563802977782,0.0469156901815682,0.222016914893175
0.818870879709721,0.36187753136619,0.877931686987886,0.594319800236561,0.0816974622721318
0.598500697407871,0.53486063508899,0.542270618209136,0.738189148815183,0.478092028031824
0.998462980845943,0.743389272800414,0.997334379572099,0.911809524882423,0.735671296337387
0.463035201421008,0.177207431028364,0.888279623742713,0.438629025677377,0.364860746107297
0.390818912070245,0.456257550657028,0.614118913375279,0.42669672145211,0.473218248953344
0.569438675185665,0.905531040363712,0.443667966863941,0.102425871308225,0.252526079915697
0.552640524227172,0.104199342633365,0.262202939666655,0.735470157074195,0.868258211499779
0.689785249065608,0.699553433078108,0.517324980549628,0.902396054860192,0.381514609296573
0.0212176404893398,0.498246187024051,0.0951097935362555,0.216574258473149,0.66048923911876
0.376853307709098,0.60494207587908,0.0712151511247843,0.224454803646454,0.0572292759025004
0.0893128495663404,0.815349080046872,0.0477454213709089,0.0457130502936145,0.0934035655518528
0.804149192525074,0.597265796881402,0.757687995445937,0.824576117276309,0.845134278730256
0.336163587635383,0.669476443348685,0.260642962304088,0.306483623965582,0.403254933800781
0.657288069138303,0.352698475384386,0.653534596454443,0.648647443544827,0.932620697101811
0.937570500187576,0.897885785059771,0.877823100494044,0.947512942228373,0.791740161570488
0.846299088560045,0.0262459835212212,0.295463849370076,0.996717221573228,0.852186708099907
0.553406764520332,0.788111545698484,0.602082045227947,0.217095638540161,0.351912783778971
0.204616623232141,0.532118940289365,0.598334916572247,0.301103701102153,0.419103053485742
0.0224407813511789,0.248023408727022,0.091202187059451,0.362491120707896,0.994783985166578
0.758653557859361,0.831984346586978,0.658142087266492,0.834141575978435,0.613526907080086
0.626251881476492,0.825614576489897,0.49184627081421,0.566550150588216,0.412619234499289
0.37755416915752,0.986312727356562,0.195616733867524,0.0270928394654581,0.15908241274883
0.630997131811455,0.848553473391803,0.558537497418834,0.353068465161645,0.391185203596251
0.654368590097874,0.715160719206324,0.29134971278055,0.860634274847418,0.290011035482166
0.924541354412213,0.385556559456745,0.952215922179655,0.693353993353661,0.891157751757419
0.964970546076074,0.221514727483736,0.951520167677617,0.614727301391968,0.493531496351352
0.264267940307036,0.388619660778204,0.659324560353261,0.271737624497914,0.643734223413048
0.335973352193832,0.0638528903073166,0.666853355553666,0.151545065088412,0.614844576834003
0.292517936788499,0.994565168832196,0.145278239168215,0.00909464730383924,0.118815597816138
0.658606406068429,0.462787475582445,0.648705321882608,0.480204730640022,0.884740490553668
0.50447691604495,0.398421324120136,0.580164353175493,0.661402784212357,0.861424974893453
0.151425178162754,0.413845431961818,0.0549330264759378,0.193307648660919,0.916304840095108
0.240899044787511,0.525464393227594,0.275365570646485,0.32039478570204,0.267273573466809
0.288547423668206,0.207479692151537,0.0824938093327985,0.488314746473245,0.944717848236905
0.170556461671367,0.297419763141079,0.0956521003153806,0.549167249410067,0.787896788009675
0.239236138528213,0.418106455676025,0.292634013260113,0.193988263175241,0.965762053820072
0.696644923184067,0.754851064266404,0.613234162273351,0.718221252322371,0.513338086399017
0.667330196825787,0.323362809227547,0.796728918103961,0.497030387790111,0.323800712212687
0.446577187860385,0.560429066215875,0.629372201742473,0.570161950092112,0.431519514328102
0.481768370373175,0.656872676889179,0.739384638924958,0.342188211215413,0.108864644047571
0.47754663368687,0.0727391867840197,0.867141586252244,0.275694526492563,0.290955683361972
0.260206442326307,0.0558492219715845,0.492564673929381,0.143304689076854,0.792974966956535
0.67522305296734,0.592070961749414,0.571175049935379,0.86635435954587,0.916355550900334
0.786692312685773,0.572418049006956,0.755501673628806,0.814920007157378,0.782989760598866
0.472958213184029,0.702397323126206,0.470785201641992,0.390366741355706,0.436789621511707
0.232647405704483,0.0203349317016546,0.733295438836993,0.0741130453963668,0.600026527681621
0.155427106656134,0.275268956640502,0.127145584092937,0.472196756684089,0.92782521477784
0.163772585336119,0.228517735697096,0.197790949568123,0.418976744184581,0.952109315578127
0.182193408487365,0.566282195359236,0.26344526911233,0.219052213006226,0.481631242233561
0.694214231101796,0.404923649824923,0.458504940533798,0.970591128563155,0.478807259030873
0.844616075279191,0.941254330478841,0.717804947939916,0.937685510648557,0.620654401049251
0.417153289774433,0.991654272569576,0.204393085579018,0.0241298488521657,0.160663398477482
0.754014782374725,0.284147785307141,0.661256602930858,0.81382273186588,0.352337116230046
0.536706421989948,0.914287905936362,0.288481565070698,0.359485961804283,0.301125618832884
0.641808526357636,0.976729515561601,0.407584137602173,0.274449681950213,0.325570467364741
0.0282339435070753,0.434825336415088,0.080082269413054,0.189059101354363,0.970784642762737
0.92583851213567,0.0252912725845817,0.695785397214586,0.34538434622079,0.512065350747434
0.902722315862775,0.875470811472042,0.826912925220266,0.930264025907175,0.752729275816819
0.247402814216912,0.264795363968005,0.377282046808841,0.680840784993422,0.804214224481257
0.153942513279617,0.711929036915535,0.073595456320455,0.121995719734323,0.0721908086852636
0.612417211057618,0.10282029476366,0.840437673156541,0.325225569311587,0.278474740305683
0.00300795608200133,0.530006149521796,0.13572530570581,0.15434775015432,0.940375791717088
0.668832878116518,0.329345175501658,0.780929072434725,0.589803870274367,0.463190535578178
0.428750387858599,0.0640144128410611,0.0255281889189124,0.729275335841668,0.981610253715189
0.14758469350636,0.232056007982465,0.235130049179237,0.544134118881867,0.912058091460494
0.597069894196466,0.0125473208900075,0.94443212228182,0.144640037298136,0.291209557355614
0.882388048805296,0.100250939052785,0.820179239702852,0.492486307017026,0.347845851531019
0.727690267376602,0.84630141677917,0.584821587494082,0.838651773062313,0.579645353223896
0.230979322921485,0.591688494110713,0.203528118830468,0.189616600708415,0.81922651300556
0.792417176067829,0.100561548228143,0.989650877170851,0.396672543142299,0.162517497636145
0.436346488073468,0.130923251941567,0.974726089493051,0.383695524736216,0.0878562099242117
0.825076046166942,0.659250228287419,0.81038651501822,0.723194046772176,0.496617321012309
0.388917034957558,0.813580743357306,0.287033905261652,0.222313967101602,0.17220966212335
0.993485136656091,0.664938993781107,0.990075451715063,0.871161479549974,0.61770456560771
0.437032831832767,0.658276169415331,0.491394245175941,0.72803791438081,0.196994440484559
0.857948154211044,0.326941379782511,0.892085932164912,0.616976418785064,0.350160710659111
0.0151906604878604,0.760851577826543,0.0259906216140187,0.0317253657919247,0.0399357474816497
0.139104451984167,0.204612244822783,0.354956652646749,0.612878139493411,0.864806066470919
0.57001272472553,0.780408445483772,0.340565810929595,0.781802549092462,0.44825687436969
0.0762279208283871,0.402123628853587,0.299065986044126,0.343707799004293,0.794197923300089
0.64130991557613,0.673980136081809,0.528477225194592,0.834501154693251,0.622230692155426
0.235402873018757,0.229854225151939,0.135674388741521,0.541816693183585,0.934231485851342
0.229193828999996,0.40346701166709,0.490215419972701,0.512102526061658,0.898334768571658
0.372372214216739,0.583301977749215,0.227428220562206,0.367495439038858,0.52923983646906
0.177886941935867,0.244164478761377,0.539048795536018,0.160934832337948,0.722947316156933
0.605665961978957,0.777455946983537,0.468444754469307,0.524030273968969,0.513049190893071
0.718150020809844,0.943881706771208,0.562679492455235,0.572347372876256,0.442069006996462
0.358922589104623,0.925920030014822,0.146078804982821,0.0718476713498719,0.15863980454742
0.908537405077368,0.238524624001002,0.724487243191935,0.810518035777637,0.437683135649422
0.469467403134331,0.563275768217864,0.641087215229323,0.382403441479423,0.819485167536186
0.583713595056906,0.615902553166961,0.636993402384317,0.479571220983186,0.386838825972518
0.585491796489805,0.686881060450105,0.525822627395768,0.375332983731123,0.181391771271592
0.810183717869222,0.838105679285945,0.727482078999487,0.835618043262432,0.616449542721966
0.432508346391842,0.878099960362306,0.261495897978917,0.208063666089871,0.229503971902886
0.80990208289586,0.378637210087618,0.510107444658967,0.988639444418493,0.0181265443388838
0.25166121032089,0.494151084596524,0.262753309365235,0.420596366188348,0.0228934975166339
0.0609975550323725,0.56992528171395,0.0833201725581251,0.179124675620048,0.343899897503434
0.408684883266687,0.0586588060541544,0.544326151621618,0.211374564615625,0.743764757673489
0.281084722606465,0.604402609955287,0.482370175689457,0.146498347330328,0.0349256306944881
0.618574955733493,0.91687736773747,0.489777447066879,0.129981058455495,0.324350108014187
0.834612824255601,0.214534264261601,0.955161964101329,0.497453775281823,0.251206529646879
0.606634675525129,0.307184262172086,0.529138244845092,0.795445658028744,0.779487170657376
0.98218206432648,0.858939990896033,0.967799651736167,0.937124322624753,0.806958424014738
0.440478754462674,0.950485940877115,0.26221599407856,0.0798687404240125,0.20620236065588
0.820862746564671,0.16810766918934,0.594266729697068,0.96419147430987,0.4723009422014
0.106649882392958,0.766762697865488,0.113032587594414,0.0975026020834337,0.150997299788287
0.38204409298487,0.0704239374317694,0.856808407894759,0.282577938880769,0.386062940669945
0.343217655783519,0.715308559330879,0.198655751004366,0.297495196288204,0.196235518815229
0.940203859005123,0.0847748913511168,0.962766523742474,0.346487542250104,0.0217672728176694
0.589232083410025,0.658011561754392,0.366781670096064,0.7314660811369,0.58745225777966
0.946161159081385,0.833518380619353,0.901708228548128,0.93818756593874,0.914262040721951
0.577544864965603,0.337211097619729,0.747525213437945,0.532227739128771,0.0389796209346969
0.182586141861975,0.599572413688293,0.243562086411114,0.228637915032265,0.39972262995434
0.0605103098787367,0.523414044670062,0.00302522391140042,0.0140038878381085,0.753749733121367
0.791556850308552,0.194956935447408,0.953159055560682,0.502910647317728,0.266922824463109
0.090882504824549,0.195876708516153,0.725182559200779,0.161684187840608,0.697988484549569
0.249990118667483,0.641775865660748,0.168975918651187,0.325629611473182,0.067117203871021
0.23557414743118,0.661261605418986,0.31798634111718,0.358758072519607,0.156659344182117
0.228624024428427,0.0275017468084116,0.117247120108667,0.954705076433384,0.972404579020804
0.28988796309568,0.550658092630329,0.0361338168885684,0.1531577077937,0.0475705929857213
0.149329847190529,0.864745387196308,0.0484316327164763,0.0315539028237444,0.150781175558222
0.430385819636285,0.544383680884494,0.0745978713424138,0.269306982070677,0.0287847174040508
0.824788984376937,0.107151237287326,0.732886471487902,0.229399515817076,0.405998046713648
0.120140575338155,0.0715694289829116,0.0618087140175813,0.837419417383452,0.987407316599274
0.693342336919159,0.172304953128332,0.889670002023907,0.388142257085579,0.222558459354332
0.887537481030449,0.824186372134136,0.854865088546972,0.821312540547174,0.57751090315287
0.911094828974456,0.244415903667687,0.822004664526267,0.656664574836431,0.216130812332267
0.110423700418323,0.236922110168962,0.482551744161968,0.216366991370848,0.778199538734043
0.315681238891557,0.806499037746107,0.0917427752160667,0.114686971113053,0.288941080943914
0.161473959684372,0.194082783040358,0.699268251555387,0.181561156504417,0.320885918423301
0.263138456270099,0.776831578201381,0.200674289978108,0.178348536469169,0.269445198209723
0.626055026892573,0.455599716195138,0.758910467070114,0.601138709727665,0.739188182662474
0.814457005821168,0.987150824948912,0.630654961414508,0.826445668356522,0.525425076339161
0.726080633932725,0.947753238637233,0.547175127982244,0.679763410642517,0.445721714146202
0.0344450725242496,0.637153011775808,0.0257790729519887,0.0678368492993883,0.04704201061395
0.984620741568506,0.578865607240004,0.982327978793424,0.823226939753422,0.642168180114822
0.0769386400934309,0.0821407360199373,0.993300978795246,0.343503872167731,0.336871209758101
0.234736746642739,0.0672251661599148,0.885326409598094,0.174717880281777,0.291816271172138
0.806152038276196,0.141130822390551,0.924775535540512,0.366143410728868,0.0449358154728543
0.0450391748454422,0.204557133867638,0.438775465839485,0.351451924287221,0.851324316725368
0.225374402943999,0.282268671871861,0.237284079748615,0.599488407663804,0.856050307484111
0.452679259236902,0.12497934277053,0.480736454749814,0.55221547697366,0.694325721211499
0.0644571026787162,0.663222285191296,0.163210448319225,0.293801732528456,0.027199669246329
0.452368557918817,0.75057498991373,0.464828578113312,0.498495911843154,0.0688343360961881
0.702707965392619,0.82848935763468,0.588313397702643,0.750659031232604,0.508979648031527
0.502802042290568,0.609975252562435,0.466142300650879,0.588116151882524,0.885045364586404
0.440189892426133,0.495830864732852,0.688182814808374,0.418942760665027,0.171172083675629
0.089695755392313,0.0813120646344032,0.886387622320286,0.155883534087457,0.440818613307783
0.214785818709061,0.0990467883239035,0.793686914407512,0.174406259393838,0.624343922914704
0.238199092680588,0.0864214937610086,0.703596130023564,0.251152583873475,0.591533374594292
0.659037995152175,0.444656772335293,0.679598944925457,0.602199020222099,0.355533927126089
0.542341326829046,0.417477137089008,0.330663185720316,0.611505543388988,0.321280918229604
0.566592705901712,0.0890150377817918,0.116060395046283,0.748704826506486,0.943181158247171
0.355789398308843,0.431484533037292,0.162395832974567,0.498293794422068,0.412988493131706
0.312032365705818,0.209388208895689,0.354845347187015,0.865021516032574,0.758172959234798
0.509504656074569,0.67684437186108,0.52829041269231,0.275861130490798,0.494237095030257
0.0157821134198457,0.099095923214918,0.201353480468329,0.946105365161122,0.966131444060011
0.116879573790357,0.211163208034122,0.392274703681572,0.388975294950394,0.85706176693202
0.271114528877661,0.521186062513152,0.257456526862526,0.671361241929815,0.114095629396616
0.990373965119943,0.994044726045104,0.960838962179542,0.998499042714965,0.918539451464312
0.0480697266757488,0.38017657698947,0.172563705830212,0.42786353842093,0.876386337535223
0.50850969622843,0.178762431169162,0.637408626097108,0.454546244061341,0.599613240832696
0.909992089262232,0.457770673878258,0.904606626833984,0.74164636231375,0.665477143629687
0.671366790309548,0.157467438169988,0.586082103488861,0.826405978485488,0.565278637950541
0.808629859704524,0.0697852630109992,0.519396417480806,0.928347406263322,0.675189087138278
0.669611535733566,0.562647430546349,0.620274352191504,0.724632286146531,0.0739235020300839
0.278519550571218,0.333308275759919,0.143556803110139,0.46971741357695,0.741590055666165
0.881070114672184,0.614823180163512,0.84360580462395,0.825395785199846,0.823076522356132
0.797727785306051,0.452519579936052,0.882848495226492,0.615083022007725,0.447429718595231
0.904593195999041,0.285736199788516,0.819318409452188,0.633103627935086,0.180105843610363
0.365197307430208,0.251454512268538,0.640157212445587,0.535801416759068,0.579617113660788
0.817315111402422,0.593684326770017,0.789396610830022,0.759865021865388,0.76402434319607
0.291005059145391,0.607672846323112,0.0778454613054375,0.173252248805778,0.371902347163996
0.446898680878803,0.66094175397302,0.385879979713123,0.523043946237694,0.0487007870397065
0.399171907454729,0.587724137498299,0.346686727531965,0.715812902390812,0.323037703550654
0.357047611149028,0.733556175342528,0.207778790821007,0.223306028397048,0.190863868891029
0.137880325317383,0.0301236853993032,0.12400493625745,0.985376505786079,0.971874006703729
0.997238118434325,0.682077209959971,0.996207461907547,0.881370557062568,0.696861887729028
0.994388068560511,0.28745679781423,0.986220369861469,0.696413366121387,0.231709148472873
0.133920335909352,0.192573797452496,0.410353357068006,0.302412605445699,0.883870606747223
0.64359714416787,0.323680967703694,0.678981970720992,0.722279404227712,0.230780656187562
0.280798238934949,0.597308709257049,0.317528382068002,0.27343168263915,0.21665800185292
0.353418822865933,0.235268910386367,0.758261085735942,0.277210979116737,0.326718612428522
0.10821483284235,0.245198036107467,0.549106352818118,0.307272108091508,0.730592696781969
0.367692081956193,0.640691814100137,0.294726279559848,0.297836628418149,0.220104611624265
0.341372212860733,0.950290207663784,0.239865376132048,0.059036339227509,0.175256061222171
0.670553027652204,0.798856282053748,0.593787567028852,0.543344561959068,0.489859370602062
0.351124057080597,0.0847057025821414,0.00247941242160232,0.219585136067651,0.984708074101945
0.889933785656467,0.738333334127674,0.824247804035633,0.911713611239244,0.94730824205908
0.350167692871764,0.975317209813511,0.223807037035998,0.0233211829291487,0.158327334123896
0.643237020820379,0.0184772633656394,0.0555655001606303,0.939835096841192,0.969112226186553
0.978209516266361,0.128166594455251,0.980641368659457,0.438037329938695,0.00612807719153352
0.514315945794806,0.984870217944263,0.346373761376623,0.0205724793577634,0.24294183231541
0.894041274674237,0.0231189344485756,0.267297297913369,0.985054762305763,0.862253410072299
0.914929120801389,0.218625982030062,0.308440826438198,0.889812561025315,0.616848358447896
0.110958375036716,0.343447690916946,0.210562670772115,0.482648739622007,0.878358526068041
0.104819954838604,0.859695902414387,0.00455238577320771,0.00583593489506731,0.0168631066044327
0.850149929290637,0.452540233120089,0.793260711406944,0.767864884924081,0.588335361710051
0.503890075953677,0.214898754347814,0.839196213734137,0.404097089643564,0.350242436776171
0.145651994505897,0.380555532494327,0.496500290879434,0.455218795126972,0.405588487075875
0.38107439992018,0.574265878502047,0.519580225289071,0.289965651361426,0.06206794330501
0.1111031237524,0.00651655354886316,0.206120589239451,0.952174360821113,0.973310551809845
0.131238717352971,0.879992838279577,0.0561076066275994,0.0435329135457242,0.0404910370416474
0.140461497008801,0.250971373490756,0.189060796259392,0.412800400396852,0.964872164273402
0.823274324415252,0.378544002742274,0.91574742037408,0.570046998603156,0.121849349088734
0.732338784495369,0.742703958501806,0.668296790437098,0.721275384754615,0.60199219189235
0.467910969862714,0.193023277650354,0.745706227243285,0.373083273194296,0.329268804896856
0.00672513246536255,0.0994488790456671,0.21595529420203,0.665465619106809,0.989913113793591
0.985320711275563,0.355754234915366,0.984359970380657,0.709703692140739,0.301874619239243
0.144991510780528,0.307103192462819,0.466551435654545,0.547097338866495,0.549050171015551
0.134214328601956,0.613968045887304,0.0406709260593749,0.115221638606759,0.0279316646920051
0.531298557296395,0.672300327074481,0.449029520153175,0.409571262890223,0.396457038557855
0.22556177363731,0.608039308310254,0.134601451473333,0.147963872903114,0.755229688860709
0.841283919522539,0.56623774280888,0.720426542437504,0.893040583926473,0.631544994917931
0.692583805415779,0.103766627464211,0.745260908327549,0.479296938906542,0.487969471869292
0.456005323911086,0.553187306242762,0.334918133392984,0.447603774060536,0.0941600064106751
0.0637994194403291,0.0550710693642031,0.508316003746925,0.140172065194487,0.802640961279394
0.157479165820405,0.853946122893831,0.016071825669578,0.0186276256712985,0.0477507732866798
0.808683781884611,0.178189278318314,0.221877712007922,0.839080875640689,0.74978825126891
0.235310823889449,0.453483295597835,0.404917332247881,0.234889933620747,0.933060883980943
0.0649961410090327,0.737202374410117,0.0887272224489632,0.0976066083353722,0.0841244175389875
0.0945589046459645,0.247884190903278,0.323974725075155,0.671891928564501,0.848970714752795
0.413238410837948,0.835242711851606,0.224158374258053,0.28796374510335,0.172982886055252
0.979885383974761,0.65385961488937,0.974948746975166,0.850188059806727,0.701649887691019
0.200265209190547,0.566561887186253,0.25929394346993,0.357837209811376,0.157305419823388
0.557689090259373,0.434628030430758,0.0164993065644415,0.142696333196295,0.0529308929399122
0.0486453145276755,0.257796628720826,0.104065982451702,0.451830861086531,0.982021956733661
0.722429391462356,0.480687116767513,0.640595452936079,0.717932006865494,0.383639193809358
0.524790904484689,0.866340512788156,0.35092723871682,0.350007077548558,0.275764338119188
0.54688912932761,0.342077030945802,0.167672254123246,0.596345297753505,0.549317513155984
0.375708014005795,0.313076960941544,0.148455195127728,0.611884722207545,0.712070025998401
0.603121015243232,0.200767367408844,0.497731706474864,0.24454902064608,0.630749469128205
0.9023168226704,0.785000200703507,0.855256093987918,0.879389444093973,0.760142325510969
0.333879600977525,0.28840988050797,0.417013905591587,0.729747858237573,0.76623818706139
0.317968854447827,0.20899976909277,0.279221979482463,0.533973956561072,0.85335995114292
0.340924574295059,0.730440010462189,0.248620604202618,0.277830593107971,0.0287538577395026
0.44571113307029,0.475837525125826,0.668642701050232,0.425843546577416,0.628101593552856
0.258634751429781,0.901799331099028,0.163436517714064,0.082899821418182,0.099326155759627
0.567101781954989,0.988534724892816,0.34798981769452,0.0550339578800972,0.270150596479652
0.351730196503922,0.665739624964772,0.429598117669921,0.388233396331936,0.304581203177804
0.304588814964518,0.350490591110429,0.52656237661209,0.515867669846689,0.708884565770859
0.322359484387562,0.225472562917275,0.249301252223029,0.71616131583444,0.826936369849136
0.148274244507775,0.292488678445807,0.348874830643534,0.30664755330103,0.778207555675181
0.19626786513254,0.100492608064087,0.693115747692356,0.191800965033703,0.562291610665852
0.822869696421549,0.177403179783141,0.773348174022979,0.598532947278163,0.246426696510753
0.860416576033458,0.0182926284905989,0.337884523597886,0.926649066946453,0.850043733982602
0.158576663816348,0.965709377167514,0.0900625331002484,0.0205394594106386,0.0831665524456184
0.53589628986083,0.669577380787814,0.494604543287204,0.650089227037676,0.701860244997079
0.35271675279364,0.311729660286801,0.507711311014155,0.550432782364736,0.208798328676494
0.170325231039897,0.488064711302286,0.365817645577646,0.433968867308612,0.117965487734182
0.682899052510038,0.892450664978242,0.48905137670945,0.810928535327526,0.447470234619686
0.743006136966869,0.947825626499252,0.515347122588005,0.936636476988279,0.490837251738412
0.844921029405668,0.996531988348579,0.601496938339509,0.997707467948168,0.693507116026012
0.824977593962103,0.702781762200175,0.629693051147977,0.987227781393958,0.749209211353445
0.0761178741231561,0.317736710218014,0.525663523894615,0.251484268046065,0.793363547389163
0.434933362295851,0.764632389444159,0.31849247044291,0.347928574153042,0.319430231320439
0.990150074940175,0.0435593450383749,0.688947571578993,0.393836610012461,0.394042578554945
0.472293900791556,0.888970256462926,0.239719331038995,0.266689433592267,0.266969663935015
0.232169995317236,0.844289490167284,0.326825930937221,0.0516145807793321,0.205262118863175
0.2876991040539,0.168607548315777,0.209184974924704,0.751577844355926,0.902969391987426
0.547580163925886,0.551395335613051,0.500626961300865,0.5770085125148,0.539902795717353
0.708123504184186,0.0991116951627191,0.766319082386056,0.505288972013295,0.510964210989187
0.684627147391438,0.515836987498915,0.735451559935829,0.745260893224544,0.59877775030327
0.55664459336549,0.856668849097332,0.367410793965176,0.573457931317412,0.317864684882807
0.234450804302469,0.748308802867541,0.0348041552150714,0.0660504766069751,0.0653399413276929
0.468074713135138,0.852551051037153,0.364014583635153,0.205341422386136,0.306201005849289
0.634704796597362,0.55361008059117,0.638351138992293,0.470373060842498,0.133372848009458
0.19911679578945,0.6400058271538,0.175258915054368,0.272787275109284,0.0447285664558876
0.338749257614836,0.115936637594132,0.209425586948172,0.882859668905681,0.893105731433025
0.322300022467971,0.265080145763932,0.56880867430216,0.194855949060938,0.466999009571737
0.169769657542929,0.171133623429341,0.0535416855632602,0.569529024725435,0.965346371202031
0.645105914911255,0.630788218957605,0.680640619181736,0.50352991452685,0.441247746726731
0.844099498121068,0.797936123766704,0.745580284772004,0.920048432407554,0.69972811351181
0.0591571775730699,0.35851816329523,0.142437762096685,0.391479830873703,0.909771840291796
0.826421704376116,0.386977081914665,0.900067088862756,0.588693695199956,0.0756094254029449
0.663266737945378,0.700737113511423,0.579783426045067,0.588183337767405,0.503110736812232
0.925840402953327,0.226750528527191,0.540602166576894,0.996982033828981,0.525514560489682
0.215814763912931,0.659124794387026,0.257514862403694,0.244967284860354,0.0806227510038298
0.752580856904387,0.0192777335469145,0.499332633038508,0.663704857838356,0.760185829276452
0.133958325022832,0.181629740312928,0.121238414986328,0.660330687856289,0.957188704487635
0.482418892206624,0.239412263879785,0.621396683499996,0.53351129403371,0.630119780282257
0.637962713604793,0.592234253970673,0.631746727277186,0.580593239842153,0.459663821704453
0.419244681252167,0.293970396829536,0.883977902237326,0.535878182938011,0.525822056195466
0.97016574209556,0.198897080117604,0.905583078623524,0.593663008442701,0.0824890972289722
0.560370473423973,0.888496403786121,0.203169790659444,0.352679953140032,0.27922009586473
0.929423325695097,0.513758293091087,0.905478525839167,0.802390580115569,0.955756975075928
0.153528441675007,0.257936870708363,0.167750058160078,0.44063026203422,0.965999897598522
0.408650865778327,0.157005033135647,0.441877135050092,0.561608564499594,0.735490970633691
0.1774438242428,0.555784218566259,0.526595683548849,0.159846982957113,0.80800851227832
0.959364193025976,0.473095367400674,0.94941649405678,0.76831316316871,0.629540047695627
0.766545517137274,0.131562336202478,0.0558186557195562,0.697192457749812,0.905563647072995
0.201312970835716,0.455687780602602,0.113607930513623,0.413183435952875,0.225472700345563
0.0659704227000475,0.321783957566367,0.0844827439303233,0.310649090494041,0.97604831654462
0.340757307596505,0.0571897239715327,0.275276557816458,0.957605489856889,0.887188437656732
0.932277407962829,0.552734395867446,0.945424563073121,0.771032300970876,0.774563531245803
0.805698420619592,0.102633159985999,0.592420062223301,0.590488119398496,0.575142725574551
0.55840276228264,0.369356219802285,0.40374711905286,0.639824507840622,0.578940962586785
0.303166405064985,0.753322509030113,0.014621430063394,0.0349652938770407,0.00922984580392949
0.632607168285176,0.0827596791496035,0.606784637363597,0.543647134971688,0.590056674584048
0.310946035431698,0.189901061443379,0.358451641409021,0.692222330551354,0.810742379602743
0.358026534318924,0.506145919876872,0.00568007227385037,0.0342919774570138,0.403884177881991
0.84688678663224,0.941821668035118,0.76844941949532,0.746565203917909,0.49113365271478
0.441923490026966,0.039323423319729,0.798262251612141,0.142722735355345,0.495528958883369
0.502252587350085,0.7480645532778,0.485183439563884,0.314103855775862,0.591729798092274
0.535910735139623,0.730144409433706,0.282024762577163,0.604293502935053,0.16833352696267
0.39640295971185,0.47850171700702,0.204732011816532,0.57451553963386,0.0423113643482793
0.349571441300213,0.168183056957787,0.185312815654656,0.781723457065823,0.876005982892821
0.786070534493774,0.561749960150337,0.797589780073501,0.725566287891548,0.766031836945331
0.791132118320093,0.147171114833327,0.605529018177389,0.906074397500437,0.538080321595771
0.749115562764928,0.27033565446618,0.806732507284829,0.573553903758569,0.324069490918191
0.553737126290798,0.277846740063978,0.792089823848977,0.47891474209542,0.501302128919633
0.831924924626946,0.0949649091053288,0.855774846916024,0.328097701389857,0.222397925303085
0.35063437721692,0.158927353593754,0.74559658848445,0.519712710297987,0.502737694099778
0.458905272884294,0.477637878997484,0.404928330674769,0.550631244083601,0.75157810075325
0.105981991160661,0.194533120753476,0.247984948824256,0.820261350530466,0.876467476919061
0.678272838704288,0.102308161760448,0.598905859127511,0.81183061611597,0.549672211374855
0.430375841679052,0.130499773164047,0.83691188834651,0.335598615620217,0.34434582744143
0.325687645468861,0.231013847660506,0.582104986962664,0.130511032985068,0.723955591936829
0.00767831783741713,0.183380907546962,0.4399496200416,0.164813649419944,0.888840109895682
0.254639398306608,0.719137411011616,0.154810700899892,0.16727730151663,0.587758813257096
0.342685152543709,0.468627901718719,0.508215650389091,0.586828514095169,0.8579535203462
0.507407749071717,0.629555838793749,0.197181012089921,0.481707304487945,0.11279562630807
0.268342687748373,0.455505992256803,0.524138037848101,0.654138271129763,0.71454927380546
0.222180684795603,0.709333341539605,0.0432665984035614,0.0951461389718724,0.0350841198523995
0.57795740570873,0.331269686372252,0.669857130573498,0.574315675274366,0.420895484421635
0.992740471148863,0.449060499639018,0.988247777612349,0.805703033397189,0.889384346170118
0.199172353139147,0.263375215727137,0.833427882819995,0.303510795701813,0.508833799889544
0.13659130432643,0.0831070830172393,0.678466515569945,0.0605034073097344,0.662792639021063
0.505631931126118,0.400994555588113,0.582222810754285,0.489508613101095,0.549764095601859
0.886442926013842,0.391299167327816,0.91371924241903,0.655150979515057,0.210430801176699
0.175107522169128,0.308390334103024,0.152585710363643,0.639394226450046,0.828801490046317
0.382880323333666,0.326730100990972,0.147830943992155,0.396123057371321,0.858251257479424
0.300506900763139,0.00096334409317933,0.601886317277452,0.203868255983621,0.76566068441025
0.161074994597584,0.132920784613816,0.0513607799307149,0.524906138168919,0.987308327195933
0.964237214531749,0.681009702122537,0.953832222615185,0.845358077790493,0.678793634258909
0.668872006004676,0.165245622192742,0.465170616481162,0.973812436425243,0.576185328915017
0.582838874310255,0.534042719024001,0.668427209679586,0.598194838525429,0.656015552900499
0.674458771478385,0.435079895512899,0.723923653667164,0.607459265954989,0.67823233033414
0.0699235559441149,0.749735609133495,0.0381797924459331,0.0512999401214591,0.07053918656311
0.547034345334396,0.423560885974439,0.707513622871416,0.570236342626081,0.643208976398455
0.143064697040245,0.894765673583606,0.127897649603208,0.0672699226314611,0.0346673018939327
0.379233833635226,0.739503311255248,0.315292873077353,0.264544630545046,0.205405215820065
0.907576573314145,0.898376806668239,0.845549593329561,0.917707774917972,0.702448610885767
0.327243782812729,0.596529519447358,0.302782925830192,0.438215236706089,0.0737433073518332
0.313920738408342,0.800104503490729,0.188421211882723,0.174980601252207,0.160486642242176
0.615449214819819,0.981221593072405,0.385672286640559,0.150603119707098,0.296720863349037
0.523653057636693,0.669947438145755,0.411723455362915,0.636368748504481,0.39132213909761
0.380836834898219,0.790060658619041,0.221379597210576,0.270102772961566,0.178535785671556
0.947442952077836,0.00957878053304739,0.422801886153105,0.977954729265699,0.765624354913598
0.733328697970137,0.40075109191821,0.801720564228042,0.505353532345729,0.286152310523903
0.830981397302821,0.0328097839083057,0.950409133440577,0.278377336328857,0.261294535157504
0.436673832824454,0.64061805800884,0.409718347615965,0.501152185561981,0.694659829168813
0.582526141544804,0.495226109895157,0.485728872257552,0.959503762346388,0.706611651665298
0.782665928825736,0.937599860917544,0.633037171249909,0.78771375723664,0.498894862859743
0.617925812723115,0.361115060077282,0.529892323735655,0.706199878740224,0.513390513107879
0.418004146311432,0.024276595126139,0.845585198145202,0.197740581685659,0.464947313041193
0.210215031402186,0.828837077278877,0.185869654955293,0.140270704164088,0.141988496208796
0.220120593206957,0.0279947257658932,0.983435705481761,0.219817122836117,0.204699848633027
0.498305689543486,0.532711142412154,0.532519954927602,0.7319927965053,0.752842447400326
0.135023551061749,0.0402510290441569,0.614543467680023,0.175359261240871,0.71699023709516
0.855242174584419,0.498340558464406,0.910667055126489,0.691139909107348,0.610867736832006
0.892956531606615,0.854855896293884,0.844136393104774,0.825303895511974,0.547469183598878
0.14741090987809,0.380961913528154,0.0880040211214428,0.344060268369625,0.758700758422492
0.582585508236662,0.150533559644828,0.0614919379599668,0.66514312370155,0.924611624883255
0.556444632820785,0.812902601057431,0.378121845148751,0.563557774689588,0.379537892033113
0.722755094058812,0.935465785762062,0.533500685427222,0.807818852043853,0.463909393671202
0.702849921071902,0.125743116106605,0.855257161997563,0.461685479269531,0.381434794719098
0.885365806985646,0.644694561400684,0.817357889743206,0.885778476215733,0.839335420314455
0.399136752123013,0.545922837773105,0.282662928672895,0.568878802731933,0.071578581671929
0.808493087301031,0.191738496854668,0.920858784105004,0.473114162902269,0.249994813901139
0.623420441290364,0.57671232582652,0.742703956734451,0.428840462173806,0.506273060484091
0.40828265901655,0.627894402219681,0.350388468520435,0.41240972116262,0.560828648827737
0.331852202769369,0.254871262208326,0.0888132679278124,0.502511902392092,0.872281306335935
0.0907823194283992,0.369961958000204,0.464439663967436,0.451167359361874,0.781716894212877
0.690369581338018,0.494021092978073,0.795242404523111,0.655392415989515,0.656441418424947
0.936444060876966,0.713806711748475,0.918692926313154,0.849365779254822,0.730739250400802
0.615232422016561,0.0472678565711249,0.364739256330909,0.832199676796542,0.831453060294734
0.400684971362352,0.295038736512652,0.527138805958972,0.619992500883338,0.844596476148581
0.122047198703513,0.621557180740638,0.14411949481235,0.169847266274794,0.531072060606675
0.0937057589180768,0.98687617413816,0.0037493449252155,0.000870477304990761,0.0346183866786305
0.519497497938573,0.838502431026427,0.32715171017906,0.483075876064149,0.381266712414799
0.258307255804539,0.881538780260598,0.133961953850273,0.0775836246646376,0.157282237283653
0.067204856313765,0.504549518489512,0.128468798023072,0.380048870300513,0.114973119430942
0.673621544148773,0.648785624973243,0.662765554613318,0.52420138422603,0.556723873858573
0.440113575663418,0.736766610789346,0.0841387960500901,0.185762039077016,0.178828415781027
0.840141455177218,0.518310502142413,0.777232840168109,0.836135261731176,0.764967070921557
0.669322632718831,0.913599294173764,0.553063720710807,0.0966084366025087,0.349871755373897
0.936564072733745,0.0540999231452588,0.305433674901171,0.722298135425411,0.814054068672704
0.689147371100262,0.911773132596863,0.528957223159287,0.606548447224041,0.442332972452277
0.504334222525358,0.863506000925554,0.366747191170768,0.257282217701195,0.302940819965443
0.457864314783365,0.00800544142839499,0.641400811383546,0.033929350611269,0.689713340165326
0.73519491404295,0.454967656492954,0.670751169152804,0.542430783318707,0.175191364338389
0.325220070080832,0.488400404312415,0.119431825384829,0.301020345922383,0.941146729310276
0.42659661360085,0.299403121898649,0.637352337616461,0.750836587838839,0.437138313340256
0.29935570503585,0.335725664830534,0.378655216200181,0.590107926879815,0.913013212993974
0.532511899014935,0.69138861875399,0.448274074583829,0.506367980768575,0.606304191780509
0.912649395409971,0.286722299613757,0.881503712900448,0.563641140969626,0.0192630974634085
0.79471872956492,0.769983399572084,0.720730599588498,0.870242124300606,0.764496239513392
0.0537637816742063,0.933025463164086,0.00182415486974191,0.00130446176556644,0.00275849792524241
0.678076285868883,0.711059280176414,0.694768600163247,0.548759573961457,0.550323535484495
0.705423174891621,0.651085822290042,0.681420568437995,0.657673375935548,0.547638024232583
0.83876896998845,0.671137165132677,0.831867047574229,0.750377045265992,0.584072972327704
0.331277708057314,0.206600813689874,0.340287997136712,0.743082404054696,0.806695563165704
0.261441106908023,0.762990220362553,0.124041306170849,0.198786145679115,0.132667891535675
0.9787025032565,0.391620955051621,0.97400315509382,0.742571429029459,0.822198125271825
0.874667568830773,0.170375434303423,0.924891445621551,0.483456876432389,0.135846893157577
0.973716123960912,0.298038190667285,0.985214683191655,0.628217174786831,0.138478776992997
0.276324454694986,0.189152029372053,0.424143194849661,0.745138345271632,0.751106418058043
0.0994160030968487,0.84887168413843,0.10420897072778,0.0669806503639395,0.0542261604859959
0.40499798185192,0.987997359508881,0.188311763485004,0.038226013719765,0.159563278517453
0.274398756446317,0.163568169431528,0.501860638521331,0.303717228361201,0.75546690626652
0.55552264302969,0.469261234946316,0.603737167567444,0.591270122397856,0.178248236741638
0.565135593526065,0.585979208146455,0.567819488359369,0.644181275716061,0.260242636984913
0.900389267830178,0.0303853890218306,0.971030959743809,0.246883077637137,0.061772135872161
0.222190359607339,0.156942318804795,0.398560350189237,0.899514121373942,0.756006975338096
0.0583495111204684,0.371426630445058,0.346860055368862,0.234101860069264,0.879563475871691
0.710027763387188,0.594004909769865,0.680671633775805,0.625071527059618,0.543286956468364
0.184985778294504,0.0673703885113355,0.96853557100189,0.248088942570041,0.156050611665705
0.721084347460419,0.182066229201155,0.443864113525311,0.970617920798339,0.589326144749066
0.132139869267121,0.327917092217831,0.451263500763163,0.577845531910467,0.577281966077862
0.323842211160809,0.595359224214917,0.357372257264979,0.27763254891151,0.93094710240257
0.47223804704845,0.661375264491653,0.498975969303896,0.358445569583828,0.352347127598478
0.189615762094036,0.0873387186729815,0.91127413269335,0.345024021497666,0.357114704529522
0.882515933131799,0.473899467237061,0.927457562358051,0.707817131676996,0.663824848568765
0.64423903869465,0.508670330134919,0.73888287547136,0.492185396564058,0.322999633528525
0.0627835721243173,0.0524822501756717,0.0498553355500933,0.841039438595836,0.995982340158662
0.292477040085942,0.958619439363247,0.18847021198441,0.0399122833196551,0.115890907909488
0.949304452631623,0.552067728101974,0.930794439168751,0.812567781460222,0.699543147318764
0.207946623209864,0.283090373122832,0.21741046695123,0.635065140522065,0.80624014211935
0.923563444986939,0.855221773177618,0.883014048868851,0.88629287032903,0.681171493866714
0.911495795706287,0.346714931336464,0.954738107137521,0.634999668221193,0.350170128134778
0.228140417253599,0.944718498998554,0.139242938164402,0.0450006987216926,0.0787144287896808
0.544496757443994,0.378720984765096,0.754762690394397,0.372435427747736,0.14451661662315
0.930339168058708,0.12179747960181,0.942446579365569,0.491506071455828,0.240974763670238
0.128059074282646,0.398156678857049,0.129778530583064,0.456705744889701,0.670766343508149
0.129479640861973,0.32209319199319,0.126122293869004,0.479202447554773,0.871714954759227
0.0360558999236673,0.11775439986377,0.575817185710238,0.0860664669587947,0.759594593051588
0.749860137235373,0.873098162788665,0.517902062617304,0.988887647147456,0.59123517156695
0.964853920042515,0.804705729911802,0.944651887199752,0.895961851296105,0.706035553797847
0.270257438998669,0.0543385019700509,0.315285453765524,0.785680989314792,0.879880166234216
0.381990384077653,0.187298342731083,0.580080841115553,0.486958605262723,0.609409709490137
0.813163616461679,0.73932278555003,0.664278149913048,0.968678124782549,0.872566004953114
0.000795560423284769,0.199462537857471,0.403217418586639,0.218694846669101,0.989193607209018
0.531769121065736,0.922135100263404,0.397202346711792,0.162033612391826,0.28517339375685
0.00884978077374399,0.613475831545657,0.0620879500490242,0.105467170648637,0.268881869240431
0.451028435723856,0.931620115967235,0.349443297042442,0.0430827945515428,0.233797432185384
0.797956934897229,0.288575515645789,0.960808169487246,0.522518698066784,0.13482172213844
0.295705083524808,0.518644933908945,0.188071539965299,0.493939206038022,0.0369281682360452
0.715405984316021,0.470011889730813,0.914218299494305,0.606445407816516,0.0942527889565099
0.300883160671219,0.550032369530527,0.231712357759381,0.458424215431788,0.17327267312794
0.0569047569297254,0.123818167921854,0.327355293054326,0.813598943614116,0.875367613771232
0.510035539278761,0.19587915300508,0.443762657962802,0.739667856186753,0.696458164398791
0.8221901061479,0.592896163376281,0.837509278948673,0.671927024991207,0.240100596245611
0.232702772133052,0.46324083712534,0.180655727498008,0.394522172599565,0.560198922554264
0.396106271771714,0.162147144641494,0.053632407358441,0.52618622340186,0.95742538626655
0.283227722626179,0.13030227451236,0.767201496626358,0.268641699404339,0.513274063385325
0.294028538279235,0.104509181022877,0.20993118821387,0.818415862789556,0.911309946415713
0.220073150238022,0.485974787123268,0.0210298326503731,0.123743103696411,0.144837264990201
0.485446478240192,0.964574403740698,0.293154976128304,0.0895526154326662,0.226733504066942
0.219019622541964,0.112913579709129,0.629017761751812,0.368959124154399,0.635820122988662
0.344101772876456,0.802763977582799,0.0788122536340465,0.121609270719465,0.13950995579944
0.93024838459678,0.6349420552433,0.913477231540833,0.82611760448798,0.82737021180219
0.317717516096309,0.830462459969567,0.29119291785279,0.0605716670094124,0.209112717624521
0.013412588974461,0.931797591067152,0.0574874640503764,0.0146844025899594,0.0509141726361122
0.506494142115116,0.404347879026318,0.575193206686235,0.584329836673307,0.216258801432559
0.277964357752353,0.309220938215731,0.21437933695047,0.512740797426971,0.899725934636081
0.401199023472145,0.205339801701484,0.607863340501172,0.767695661650191,0.361649206344737
0.358335388358682,0.391330694925273,0.424368690747826,0.737659670900328,0.0727165182761382
0.412207649787888,0.986218450503657,0.164396723182113,0.0364927608584728,0.165727059909841
0.175400196341798,0.235957149794558,0.328126403019946,0.424041567875353,0.828931260301033
0.69412846933119,0.375334153563017,0.846997888743891,0.553151650409804,0.416879549826263
0.386889255838469,0.446139888867037,0.605209233932129,0.464127838157302,0.3298651255609
0.69901147368364,0.673125076893484,0.7722406229402,0.561275279052688,0.527267074707197
0.162952357903123,0.465403476933716,0.166780717602919,0.455411687707131,0.498477320448728
0.447907510912046,0.776535224722466,0.419271667064725,0.142379126424643,0.170735517138382
0.270222365856171,0.899712893384276,0.183545189616787,0.10952369495497,0.0889556067122612
0.578972947550938,0.726464420295088,0.450981910690197,0.670287898786551,0.334327624674188
0.983299343381077,0.425884029624285,0.989671325658913,0.712950767568947,0.228142771549756
0.702263344544917,0.0146142311568838,0.58372633876981,0.434722596560567,0.709239117248217
0.888140374328941,0.159556390804937,0.86559905045378,0.520058463438857,0.261385814432288
0.414324779063463,0.306021320546279,0.363515738749405,0.687015998359688,0.371329385758145
0.00629610335454345,0.908672147401376,0.0134313395698822,0.00655289377600397,0.0102596266951878
0.470293851336464,0.0172540929343086,0.134108797547811,0.94919605096195,0.959664911410073
0.742876047501341,0.831604940380203,0.613152878514269,0.861070192704985,0.573129654076183
0.282009289367124,0.0409063718107063,0.957127230493294,0.168052654495781,0.136515819031047
0.878652090439573,0.738866871717619,0.786279620214636,0.926052397623198,0.799545887071872
0.155515894526616,0.527012423117412,0.0913476174125357,0.205797235495015,0.618872650404228
0.598673805594444,0.118819537659874,0.823064478828229,0.389571070129097,0.363863379490795
0.190132036572322,0.524298614385771,0.191671632043996,0.325394874118483,0.46272481881897
0.502875338308513,0.585681085620308,0.299222401212673,0.659143480523428,0.140295050427085
0.732840878190473,0.42227001072024,0.520866229062095,0.98069057138816,0.425334453146206
0.00914228521287441,0.662894514884101,0.00926827761617932,0.0205966749945672,0.201396777731134
0.744245254201815,0.286053219198948,0.758240510402938,0.52710581744797,0.347788800630951
0.207684621680528,0.421588168566814,0.3854820900253,0.717224627693518,0.315319465385983
0.566096409689635,0.0643503825704101,0.657674278122681,0.366081493520777,0.612354851647979
0.760121241677552,0.187767021736363,0.949669677382717,0.414092078492355,0.00302787675173022
0.594059300143272,0.935842163307825,0.388027507190538,0.344235830533198,0.341262345056748
0.422945737838745,0.123109188774833,0.519942241883434,0.651307382628026,0.668681688926881
0.553236399078742,0.604298999271123,0.529814037446556,0.55044230354467,0.453909050876973
0.57510561356321,0.748786440963158,0.581701336859096,0.670835454481753,0.529488252446754
0.0913649727590382,0.0227353606896941,0.366159253910249,0.541737576015793,0.897640107868938
0.989297502674162,0.941638337826589,0.968787667105419,0.986231061192867,0.962398367613787
0.503684618510306,0.928129481064389,0.345499861187756,0.179284290950147,0.247411006101174
0.53455637418665,0.604069890017854,0.618099446668986,0.199907615700645,0.490433247905457
0.977444193791598,0.439162407797994,0.984560544952501,0.732452464083129,0.556520655140048
0.113920230418444,0.390784250892466,0.0585808851579662,0.23719123247458,0.873436908150325
0.258426813874394,0.957632266246947,0.139294328424081,0.0350049847663294,0.113886669307249
0.673021237133071,0.7700492189324,0.602229643252881,0.717774546228322,0.556877754017478
0.936078109545633,0.916700531233801,0.876524517954299,0.923484527441681,0.695981212280458
0.286290764110163,0.531741409940878,0.35634137022884,0.328151332175671,0.886489809228806
0.931827411521226,0.970262775634183,0.837095251114663,0.982130794526584,0.767933319410076
0.679809592431411,0.64701268801582,0.690802179319335,0.448965551689584,0.245751481765183
0.374730176059529,0.679012956476072,0.386295317863626,0.269334007197386,0.132408554753056
0.630856372183189,0.28479862245149,0.683819461679008,0.645176741534595,0.365986592980335
0.915714171947911,0.963775780663127,0.810856646515837,0.972463122760101,0.714285144902533
0.57402998325415,0.515021307946881,0.75519063994546,0.552865706861804,0.829733687947737
0.531024610158056,0.934631930285832,0.258228841817204,0.323863842705301,0.297563369647833
0.842401585774496,0.8135602180555,0.772218019124548,0.816705965449593,0.598397089372156
0.18728975369595,0.458724824973615,0.308365411917455,0.776450974389053,0.0170463417016435
0.0129430508241057,0.00196061099995859,0.432102768562336,0.332523069633915,0.944231948436936
0.832494311733171,0.662262858561007,0.876609808589919,0.684835183171963,0.221444648545003
0.0423399328719825,0.261711859697243,0.290956280900848,0.346756925235892,0.959181367506972
0.846531764836982,0.0129416964191478,0.0531923681047167,0.96975067444179,0.955596082698321
0.712003744440153,0.26097515723086,0.773937313653781,0.484758692963518,0.229106955375755
0.784222873393446,0.703359797043959,0.641660455400125,0.883523470924976,0.394235856394516
0.993382716318592,0.673297745670425,0.990084389751412,0.886474940361848,0.866964558401378
0.756809108890593,0.458789109921781,0.761607745647785,0.71919271844193,0.389427333051572
0.619494319660589,0.780943266610848,0.460868097820023,0.874182623602626,0.836835057329154
0.170050383778289,0.685016200673999,0.138321513484119,0.14071021902711,0.526280388090527
0.0235945491585881,0.907830586278578,0.0269767671632467,0.0182801418756017,0.000355628115357831
0.770170954521745,0.0414075536828022,0.928436990159273,0.31130982914386,0.320048698660685
0.226332374615595,0.98612520986353,0.138861333228623,0.0145711758824826,0.0985815400781576
0.0317250790540129,0.687848215777194,0.0980300589517916,0.105584447474724,0.135274525760906
0.142173436004668,0.453318868443603,0.384761482339087,0.493971635242035,0.665346379828406
0.307873459765688,0.857182865933282,0.114891507740353,0.1217863313277,0.107825036888244
0.48211810993962,0.312056499387836,0.503223740993696,0.427679064536847,0.492222037079046
0.420006910106167,0.440907129523112,0.634440716825365,0.537260818786468,0.935988442826783
0.418745143339038,0.467801984137623,0.717900236582011,0.4108057641143,0.159094497706974
0.584381783148274,0.224088250921341,0.0199753520922997,0.249461902052993,0.904980127495946
0.502805403666571,0.735647875320865,0.435809862470362,0.830895666161939,0.43533849218511
0.839151677209884,0.887020166876027,0.704340410791649,0.948640071759013,0.678692606830737
0.424294761847705,0.617140422196826,0.21254702983743,0.454664080585883,0.153550675458973
0.143884911434725,0.155915521288989,0.853088862332962,0.344615286028183,0.406074943923159
0.994383024051785,0.357193628646201,0.997314388884525,0.70088089419441,0.351921813882655
0.829784206114709,0.565017098066164,0.820318222390726,0.691908637321955,0.278630835440708
0.685970985796303,0.485740823467495,0.436789171774579,0.950284348042566,0.212756608292693
0.329077764414251,0.694514289818471,0.527665739429381,0.192594277829378,0.122619049187051
0.805369122186676,0.729810730990721,0.737494850473633,0.82288958674487,0.728826824837597
0.608423324069008,0.717069898062618,0.406089791790413,0.832541508322279,0.429083048220491
0.420196954859421,0.118404085602378,0.276807265978835,0.483404526305051,0.871131443040213
0.269772956380621,0.886988571699476,0.17710588356336,0.0652405205253408,0.13103819344542
0.601304985349998,0.364109751215437,0.127202290276134,0.528989224742773,0.459057091240538
0.253067536279559,0.225408536061877,0.52209408849362,0.472737977141644,0.614793480461231
0.755159294931218,0.753852441703202,0.681612159508803,0.783531451312982,0.654925782437203
0.441092170774937,0.166899264062522,0.465517751895558,0.687603205539496,0.686351887969067
0.585549880051985,0.825390285957837,0.331387450148265,0.65540631251229,0.369384627760155
0.126264491816983,0.782302522886312,0.0257885728273238,0.0392372672939486,0.0369218694104347
0.784320618025959,0.107277919334592,0.757042908902237,0.347582403643597,0.411984821694205
0.56529754656367,0.842139416985447,0.468175640408004,0.314174795081634,0.326945117354626
0.416625929065049,0.986449587595416,0.197669113506111,0.0421508188919421,0.162612968561007
0.0114355278201401,0.589752574131126,0.0143421349040023,0.0499175574747894,0.0859141458349768
0.761685267556459,0.00200560138910078,0.0605093620217624,0.993180534524022,0.969231577037135
0.275802771328017,0.62754760691314,0.131429392401139,0.262133636479894,0.145185892208247
0.846724997740239,0.255006556020817,0.59609095872972,0.948433290258266,0.470486820879159
0.256587182404473,0.0658343476534355,0.201907312601486,0.850776270190647,0.937216777383583
0.983381160534918,0.202321001997916,0.991401048260262,0.582652671123444,0.255503713182406
0.546128019224852,0.31325639973511,0.206099918565433,0.496315966383777,0.668179356987821
0.595457000890747,0.498917970311595,0.694604353117624,0.38216202504987,0.0437655790301505
0.79867950337939,0.25018175135483,0.333626026782295,0.933147796212719,0.624999583611498
0.307855303632095,0.55962919126614,0.0963375078233463,0.297348466158963,0.0410748490539845
0.392799680354074,0.767451329069445,0.314510637490356,0.232588548298909,0.388298475678312
0.399090013233945,0.0148997512587812,0.218573906666909,0.883121508236215,0.940363462403184
0.384065477177501,0.323014749650611,0.346872992133493,0.585242539796404,0.656217424984789
0.894945750478655,0.860127229971113,0.838089074318107,0.864625174865635,0.6334167678433
0.190166694810614,0.611134087113896,0.391105924931835,0.259907964095069,0.450192625779891
0.669929801486433,0.822267856710823,0.532401903012169,0.691317117681906,0.50708829544601
0.32659320323728,0.654920103406766,0.370180480796259,0.201900732619619,0.166121469956124
0.340066784759983,0.988195432088105,0.15781589631551,0.0207397259435553,0.16481042894884
0.0817623804323375,0.196283509692876,0.570120083386725,0.194348378400034,0.708825795823941
0.258036898449063,0.295397944952128,0.124267026649585,0.567747976280651,0.801715091831284
0.114522815681994,0.740982305112993,0.0998406285522838,0.111075213385912,0.191466244141338
0.784629584755749,0.612363473774167,0.78394400893352,0.673260593158556,0.4816396421229
0.303924991982058,0.772379131492926,0.197636381045668,0.204717822377826,0.283059567358578
0.84619806939736,0.999978580832249,0.587969162462151,0.628204370898298,0.500520252186107
0.605511155677959,0.920256219484145,0.422605746665592,0.268541252471894,0.316909019631566
0.630237852456048,0.276107935846085,0.390280786048121,0.66469764722907,0.491569690610049
0.526479265419766,0.718295952741755,0.498883836145869,0.419261438253308,0.56931370581151
0.851732667069882,0.844046554208035,0.712953552387095,0.98341236641408,0.907303318643244
0.273775129579008,0.303910242131678,0.251058636869431,0.725892113037316,0.632952593296068
0.672702305251732,0.977829484065296,0.44047879192158,0.379736358996495,0.355298473237781
0.507448963122442,0.774780128354905,0.260573599254121,0.493899089656684,0.281704601453384
0.138659328455105,0.438108890113654,0.205157779163524,0.372888614808472,0.906529591331491
0.734658616129309,0.262400758016156,0.619699436188414,0.793329166299204,0.245624868111918
0.18074576719664,0.268571083521238,0.823025759679845,0.411925263525299,0.474723441671813
0.596924748970196,0.858139711344847,0.496901475767533,0.344781501141786,0.357869534374913
0.42600513342768,0.504397801967571,0.321230516792013,0.563549648633772,0.617913201829651
0.349626196781173,0.662087131087901,0.418840596997314,0.100474612037061,0.42385885459953
0.904875338776037,0.799159088899614,0.820489401040826,0.950954759586173,0.914268957654713
0.0928252956364304,0.184369835391408,0.58788372220502,0.0997228634072246,0.728110273281345
0.0170003909152001,0.498580784973456,0.633684465090571,0.125054614039402,0.632413748971885
0.501746870810166,0.568565712397685,0.441235546681764,0.694975512029559,0.819119605846936
0.0837897583842278,0.812617074378068,0.0303591252967337,0.0320427805230172,0.136052908346755
0.629562924616039,0.757981582049979,0.618875152020572,0.425594211167837,0.290518325840821
0.102001619525254,0.146377696568379,0.617562327760374,0.300878329748233,0.658538372401381
0.546300611225888,0.264896161883371,0.495295465523044,0.755122495639877,0.680217199987965
0.368637768551707,0.0251471439551096,0.0548889617563491,0.92977069109299,0.9813789864711
0.848841865779832,0.454243458196288,0.849316238363369,0.74621248559154,0.985671535978327
0.266562181292102,0.261054116679588,0.802143202346008,0.307154713868155,0.615197014441947
0.455364092253149,0.593884209258249,0.259584624779016,0.57256656580303,0.146646522014635
0.267569679534063,0.131990111811319,0.034951866474259,0.615441514186051,0.968879285006551
0.194794251350686,0.594797459052643,0.420834369650721,0.168996471269295,0.497947046678746
0.481716290349141,0.806856398790842,0.533193034086584,0.147551947417618,0.316059698205208
0.550242201425135,0.516756821161835,0.533619766660553,0.475495177612949,0.500510182842845
0.247431815834716,0.298942546738544,0.428343314279369,0.259494624995534,0.711791339475894
0.186597792198882,0.799776361876866,0.0821443034956271,0.0996327073721409,0.0429269823071081
0.814660482574254,0.164243550651008,0.875523922744966,0.466621598810292,0.191632031725021
0.0695194569416344,0.325528147193836,0.189626296677642,0.340821012618345,0.980305247445358
0.408712983131409,0.593985075276578,0.229318424918315,0.479012787858712,0.206723971205065
0.77489643660374,0.185295517934719,0.507064055099524,0.908964386224988,0.515648616914405
0.235609715105966,0.0721149131131824,0.523139197720779,0.170399501744815,0.7432339838997
0.893114170292392,0.143736758356681,0.827562436897903,0.490193976525513,0.103003828524379
0.0568194405641407,0.261968579521636,0.0212118981715694,0.180360916685181,0.992261604318628
0.680263632209972,0.595347471156856,0.693756561726481,0.616925708603688,0.518922893184936
0.0135138886980712,0.647967988072196,0.0271457126207454,0.0489015287138587,0.28119347806205
0.0263103845063597,0.174871480470756,0.174463207803975,0.487457188481085,0.991960450686747
0.392188841477036,0.629692889313446,0.343835169761992,0.403167152529296,0.529616669315146
0.89866832178086,0.826824630639749,0.838319642877618,0.908739214532028,0.813090955285588
0.303796024061739,0.880438295280328,0.21857333084595,0.0819427197199479,0.166302377736429
0.691246656933799,0.86638737472822,0.566634386088114,0.695680907111045,0.461256720445817
0.477204208029434,0.361430792050669,0.152743739055393,0.596952649254994,0.667510582628893
0.434810036560521,0.0532161004666705,0.782817212841031,0.238525678969381,0.481796374922851
0.370479597710073,0.777111059083836,0.411364367141625,0.0899741055329763,0.279928835720057
0.209552210057154,0.742527461232385,0.265541762380785,0.205985768573866,0.116599913540995
0.821839550044388,0.334164301777491,0.570280279682218,0.923051190658284,0.273453485249775
0.247370239812881,0.267557720333571,0.741943916617608,0.274218258888828,0.350150239974027
0.32086126646027,0.851428321650019,0.169935039658177,0.143077932553092,0.193871479859808
0.475568145280704,0.72737881532521,0.367426705327328,0.470117725720543,0.387557267647935
0.782449796563014,0.134835910081165,0.683364648442136,0.483585847546913,0.496178234083345
0.394768277881667,0.162278599251295,0.507985039176214,0.524275753127448,0.74244252758217
0.35903187119402,0.308561145357089,0.643633269630044,0.299001705802668,0.53298332131817
0.872991302981973,0.298737555538537,0.832836717013142,0.672118059377648,0.435868507338455
0.076689455891028,0.925206464977236,0.126996047282495,0.0308714508570914,0.0734811803267803
0.230991314630955,0.262992622767342,0.244018542565395,0.699796123265621,0.798887523502344
0.822521447436884,0.284952643763972,0.847202696750568,0.588840618667099,0.141807779757073
0.400641489075497,0.408644523733528,0.356461950048139,0.325637762722399,0.899304461403517
0.204874551855028,0.0385544217715506,0.879816234138417,0.157164409388451,0.45738795606303
0.400492466520518,0.131179464195156,0.462257406043006,0.552856410006442,0.679414334037574
0.92121605318971,0.986131263984134,0.781502338246122,0.998226237061245,0.851477886870271
0.856430883985013,0.440558407484787,0.897786827485374,0.661404314427171,0.385831576568307
0.655670942272991,0.0256803268275689,0.149852223156942,0.875019247221036,0.947154349676566
0.410193890333176,0.541142885776935,0.223572150144312,0.43853531442192,0.478921621252084
0.0598591738380492,0.152235645597102,0.483050733432399,0.252925488131873,0.821697152132401
0.569405823713169,0.738349624822149,0.480249077752463,0.406852956196809,0.799112586275442
0.349890992511064,0.810543967614649,0.353755599502381,0.0810367111925915,0.11507006638567
0.791866419836879,0.955862217204412,0.692135853968583,0.613920327247556,0.480023262702161
0.0814912491478026,0.132157186657423,0.724487778244064,0.197914606055934,0.551413212640909
0.362653165590018,0.182566000992665,0.754543834145002,0.256450206832333,0.477546737325611
0.895575802074745,0.297605079511413,0.956770603759381,0.570664978093245,0.0613871421373915
0.698558356147259,0.536634454940213,0.566919804411182,0.880225288156108,0.161254164384445
0.560756087303162,0.752963143546367,0.489370224003539,0.382959648859479,0.315424115950009
0.829678484937176,0.125677501055179,0.903452260035344,0.410952232395896,0.269468884711387
0.0430207850877196,0.272003620368196,0.29280244312888,0.507938670405174,0.868150045251241
0.978649280965328,0.84578449712717,0.961208607521687,0.93440069549417,0.834646985837026
0.321995437145233,0.294706980435876,0.333883334519548,0.376270255465788,0.847387356887339
0.32485195947811,0.687152364553185,0.323733152858515,0.369059469914061,0.22832573307096
0.147724896669388,0.345738571224501,0.685501039851513,0.391352552709019,0.466569326148601
0.207797323586419,0.267307967034867,0.744818201257831,0.287805310296229,0.738622673758073
0.417942087166011,0.638333139271708,0.236910214525548,0.231632811930062,0.832934412028408
0.92238492355682,0.837994525994873,0.897574036476513,0.867731310100873,0.645430665026652
0.0667292627040297,0.918167421099497,0.0982310053940236,0.0343324875719695,0.0442621697147842
0.240906252060086,0.0634052110544872,0.402120437715876,0.784983776101759,0.821236167132156
0.344188620569184,0.804578605078859,0.174029045962685,0.222607246976866,0.183238043013262
0.873174293898046,0.6892036437348,0.857563266598946,0.786433166074028,0.650786336773308
0.55756227299571,0.34573808600544,0.511571223584378,0.813887115296202,0.452936238056282
0.0151407960802317,0.970774613175308,0.0240300045394144,0.00460591379054371,0.027008385717636
0.531945946160704,0.137043267633999,0.430211411824533,0.922159803932907,0.730194589385064
0.505620527081192,0.301446789031615,0.140656645122678,0.530611309228421,0.669665269582765
0.0260265965480357,0.631187715131091,0.113962457242042,0.144496941174491,0.273920501786051
0.139558078255504,0.649332769651664,0.170453059807785,0.226618466345128,0.274517550860764
0.905331246787682,0.599323668138823,0.874517276866267,0.808893578229273,0.763589571317425
0.51925015822053,0.749100123619428,0.531744135095061,0.198765284743162,0.139758033765247
0.55753178242594,0.450384955533082,0.202995643493972,0.435026220466558,0.4728045129159
0.226728238398209,0.428723292337963,0.304245569291526,0.450634766847469,0.629883671324933
0.983037440339103,0.891424834582722,0.93616826443546,0.991419888310318,0.999983382847859
0.821366368094459,0.0497594281041529,0.808502148965,0.328870977439842,0.418279409845127
0.66305753774941,0.5518350203929,0.699760320092335,0.657004326747391,0.779894081380917
0.641108145937324,0.559316934813978,0.627344665354729,0.665841039740127,0.955528876540484
0.311378172365949,0.933026165497722,0.167361673196999,0.0616217010036235,0.135203527839622
0.989323056070134,0.719667662953725,0.98492434413439,0.883959213519399,0.737096213590121
0.078617469407618,0.45366404260858,0.00350559761686303,0.0185609355013577,0.937082653661491
0.732769759139046,0.0110452787776012,0.284138526875972,0.983305786889308,0.890169627586147
0.1676513729617,0.827953881496796,0.309712016893846,0.0329598384495038,0.150512724154396
0.751100906403735,0.608393824863015,0.7037600812536,0.834459746542965,0.968661391554633
0.545891646062955,0.0597273327584844,0.535886624134312,0.730722162129446,0.705941434280248
0.949133594986051,0.487269480159739,0.940600107194993,0.774026375364588,0.720073271222645
0.145851361099631,0.26707483487553,0.0023570908046644,0.0398120223671613,0.970130151225021
0.367543894331902,0.473417259316193,0.643208356733913,0.164844331733797,0.102829935814952
0.328742152778432,0.524351421307074,0.614243859312473,0.198503055115898,0.435705178562785
0.767931177979335,0.940382766391849,0.596455270216241,0.788999460390425,0.478282157710055
0.443018523277715,0.973526266257977,0.246027786607797,0.0526988527942067,0.199501642404357
0.841149281477556,0.649560968711739,0.793755950806296,0.806694143491348,0.678316428296966
0.0976715167053044,0.512043181661284,0.683767626554489,0.174132874233757,0.332863652060041
0.663813788676634,0.570684857055312,0.811935781996397,0.512977726709149,0.155600201367633
0.436665992485359,0.670156280306401,0.294186891666586,0.470335503935541,0.366057881008601
0.43685972969979,0.173392190568848,0.844476739428924,0.369483207009756,0.236924992903369
0.109166532289237,0.160188403300708,0.0721970494806861,0.64363137073518,0.976895140978741
0.176524773007259,0.616507899219869,0.0469531963001515,0.146280152506391,0.0461162142746616
0.239804757293314,0.00877455362933688,0.411284865342231,0.724351802239911,0.876267016836209
0.970719722798094,0.566111881431425,0.98014006569958,0.716869450956556,0.00712317085708492
0.656284751137719,0.7114795143425,0.508533927717163,0.833446121874661,0.587946842220845
0.620158663252369,0.466000730259111,0.606118716914915,0.658596654211519,0.803837811719859
0.970590082230046,0.713311036553932,0.957728070850384,0.882121451736478,0.846443847724004
0.495701824314892,0.554461861989694,0.525540584526993,0.273024887186648,0.190801124583231
0.426530377008021,0.426273627468618,0.753186451438026,0.550658699484881,0.485536369058536
0.99835545103997,0.340910189348506,0.996100208946852,0.760642159273156,0.482910312857712
0.216774880187586,0.196244197228225,0.362544868071963,0.677364998598501,0.80343424124294
0.475169877521694,0.711184729618253,0.500001405353676,0.246323240400893,0.393711041397182
0.440047588665038,0.343045855028322,0.290973395621201,0.795693910388061,0.278197091683978
0.198763786349446,0.534932338312501,0.200483310285068,0.319413689522072,0.691662656521657
0.47892028815113,0.768556799652288,0.388453597150285,0.239036648929218,0.412959646229865
0.65174188837409,0.965112430596491,0.47439617450959,0.188078256609736,0.359241362573812
0.0769436480477452,0.392095200746553,0.270920277850577,0.291201030496614,0.952317236660747
0.364513871492818,0.325287535990356,0.645743138936764,0.490707443802492,0.565437451557955
0.0728138890117407,0.0270501609484199,0.714681157995931,0.0318308722950593,0.660371799574932
0.73147418978624,0.38099424468237,0.81981834871434,0.67985810289931,0.923992276744684
0.454531068913639,0.13252304206253,0.471113080927397,0.365313171128092,0.738872742309468
0.92452581319958,0.0924312559945974,0.231107746688896,0.891301639270819,0.828618600353366
0.097246658988297,0.798910033277934,0.286494301247845,0.0518075922322483,0.133799442643067
0.78566877474077,0.242555687465938,0.491166674822383,0.894098077715647,0.394888604903826
0.151558702578768,0.0127942662511487,0.904662080471869,0.124298041757594,0.512875209067715
0.872951779514551,0.306191596522694,0.846216075828111,0.656365971366879,0.424303279694868
0.820275786099955,0.305887197464472,0.738725407497517,0.710921218508273,0.330478952644626
0.868127652211115,0.711033274041256,0.791932639539788,0.869542934568501,0.619995680783177
0.718966477317736,0.467108202894451,0.685991556879542,0.731021696842931,0.295295779855223
0.20484916982241,0.00699767455807887,0.172047502070956,0.98544695427604,0.968096492550103
0.906655682949349,0.107293610431952,0.935933651008414,0.426872535126706,0.161366113839904
0.515059529338032,0.838238419237314,0.355685767240549,0.374340853957342,0.37604497015127
0.459754514042288,0.224745727697155,0.336364609245796,0.447383111052003,0.827173758618301
0.127555050188676,0.0861130879202392,0.840007085712411,0.161404682566632,0.446362327755196
0.295544920489192,0.0712992755288724,0.25021709852708,0.656925144321322,0.918381051596953
0.739744934020564,0.845683191233547,0.588977345053504,0.898844954302243,0.515388571511721
0.129836258478463,0.944405150221428,0.0557058159013754,0.0235319394764452,0.04270765450201
0.658252932829782,0.361440614709863,0.649324004319763,0.620571593463992,0.656420912448084
0.91036666999571,0.709744998341193,0.894368464763568,0.820388367419533,0.669543972442625
0.881460108328611,0.693057585944189,0.884616849699377,0.74957353861798,0.442658035637578
0.199666573433205,0.930145127029391,0.0124419683492806,0.00916096641279343,0.0447323132830206
0.727503513218835,0.636511673772475,0.736017163390722,0.656275596493001,0.568188302306226
0.113599947653711,0.375375539209927,0.393617945953947,0.480587394673034,0.918627645849483
0.00163888628594577,0.00335241804714315,0.950610995113488,0.032629337758773,0.380601977725746
0.599647277733311,0.670202133798739,0.594457187302052,0.374307512491237,0.369718012079829
0.396897160448134,0.0720287588483188,0.542242700823877,0.384345101774438,0.747413314558798
0.425627076998353,0.950526099913986,0.287819852722822,0.0983383191099238,0.186445355328033
0.411213094601408,0.473496263119159,0.274586855304198,0.638053385092563,0.603644734277623
0.898228225763887,0.19686635650578,0.949909853521388,0.438611167432225,0.00796519187861122
0.590416508959606,0.509096819645492,0.366643886769115,0.829363849882896,0.148070770927006
0.349841986084357,0.0487811492930632,0.340740530338706,0.93946535918312,0.863085858902195
0.398616814753041,0.11431064203498,0.854165085925883,0.311441659979212,0.251641380105866
0.63559805508703,0.165959620702779,0.739895886928768,0.508222463250175,0.440419545659097
0.488551799673587,0.308918053429807,0.740549217530137,0.403755784974914,0.0147755973448511
0.16731892246753,0.896411770576378,0.0245110080424222,0.0214116592622612,0.0474577789136674
0.369498824467883,0.304642010101816,0.910084709089507,0.447562135796424,0.350258131307783
0.181411060504615,0.830276731721824,0.105952262052196,0.0925580727200667,0.0902216660033446
0.30302794626914,0.535522239020793,0.421138273469731,0.27897637434975,0.135991022776579
0.00805630069226027,0.574019980762387,0.0211606731776552,0.0632890169564653,0.339457857451634
0.326897154096514,0.546645972848637,0.465384080681704,0.293114623423339,0.622955028113211
0.740566096501425,0.980829278851161,0.517125104241843,0.625746159356645,0.433130251331022
0.989166551502421,0.616698421741603,0.983997586762744,0.852117257583022,0.645478010963416
0.609012125059962,0.539663779811235,0.601214165072432,0.67447093050334,0.204631814936874
0.999194170115516,0.460356756200781,0.999495335880968,0.781157714896303,0.442330881051021
0.0561193509493023,0.45149729916011,0.12226145543787,0.353772997845912,0.654685860994505
0.817454632604495,0.527601782203419,0.866406483534188,0.590623024341757,0.0872502517013345
0.419522441923618,0.106842560839141,0.0489723827117151,0.543801204502407,0.974620331457118
0.0379835253115743,0.0969373263360467,0.592531930375835,0.728643156452635,0.709675583377248
0.683439671760425,0.242035417380976,0.929170374085985,0.513260225317927,0.28730533955968
0.00937289954163134,0.0400631202210207,0.404619325832678,0.345076929966105,0.906716065801447
0.823362305993214,0.189507277245866,0.933384062316039,0.404039834423012,0.00905400441843085
0.681501666316763,0.737705098610604,0.590523947911241,0.718366605913363,0.463015720044496
0.879986986517906,0.262833958287956,0.774967600799742,0.671903160094878,0.127373750641709
0.0057195913977921,0.605488459434127,0.0301549314885552,0.0703643600199164,0.282881025428651
0.975014525232837,0.256797853537137,0.986242026737162,0.600975775297775,0.0856765056669246
0.146845743991435,0.158324169839034,0.561371571544159,0.228667714233046,0.698641215014504
0.249266686150804,0.0575872642511968,0.334293125760031,0.525592193513878,0.876600027695531
0.628718441585079,0.776713792438386,0.469561227175137,0.715115739634647,0.415624078334076
0.338465935084969,0.454492936987663,0.180516913765226,0.377571857829485,0.581237775244517
0.886391415726393,0.662038249167381,0.87840795647538,0.801739910129399,0.668409178062575
0.244632456451654,0.130117829627125,0.470345076031597,0.805537998880383,0.712305828259559
0.0670890538021922,0.624919826659607,0.228503312239331,0.150274948624298,0.273935054807225
0.999625362921506,0.770273031463148,0.999320526683478,0.930960426305172,0.811240543058375
0.260517096379772,0.661925639695255,0.216381980812755,0.305121036508291,0.350347856030567
0.128979188622907,0.416780089173699,0.0296217247778365,0.124548298044336,0.92340469735791
0.225979951443151,0.724847712175688,0.352893843842668,0.11873521373046,0.12783309261431
0.648036838509142,0.0516158372338396,0.982638162564953,0.289483108581868,0.0611100897367578
0.877314448589459,0.252280424610944,0.738294837199434,0.748637172423102,0.414629722334212
0.655791782541201,0.902338324842276,0.47108031300799,0.682287587558771,0.440745490981499
0.930216856999323,0.463555603899295,0.897534247398878,0.753075858600301,0.225598032790003
0.536458879476413,0.710917018848704,0.501347522108471,0.281562678405661,0.299751247075619
0.0845984083134681,0.292096995253814,0.0747373901347809,0.365894195281592,0.971567797445459
0.898294878192246,0.24330949850264,0.926413520897904,0.530232240525321,0.071892896638019
0.479669768828899,0.0525274497631472,0.766509230092832,0.194147003349705,0.496606805507326
0.868887484073639,0.396089712885441,0.828925030125813,0.729730806020445,0.389216146984836
0.623372571542859,0.657742017210694,0.691927422306877,0.544416273238663,0.607330641156295
0.280327393207699,0.264265371864894,0.23185295674679,0.586452302452585,0.857069272984518
0.96154278004542,0.543222622567555,0.947882573361667,0.808495606377175,0.569586511672242
0.689463831949979,0.997677767736604,0.415189547140115,0.198198733337368,0.385903802321991
0.576920197578147,0.744517462590011,0.500598131978322,0.420268215595153,0.334832432185067
0.243193314643577,0.422188090189593,0.13941696391728,0.369399822737478,0.766752536495915
0.743174585048109,0.305638212914346,0.532553204765471,0.830495018270874,0.0502767042780761
0.232088923221454,0.895218521327479,0.060811542401685,0.057597119565418,0.0271679509605747
0.570717789698392,0.988813456933713,0.330846415348916,0.0771869400691016,0.282655023649568
0.356991497334093,0.753807479079114,0.240334629772247,0.220941905345476,0.335891805792926
0.051023660460487,0.260910228797002,0.612740503675067,0.563209382148897,0.586644884286216
0.706563936080784,0.904545639496064,0.556098803974951,0.590560790466931,0.444281205156585
0.0489058066159487,0.390684249665355,0.160856981408654,0.37586814145639,0.87270704828552
0.041437808657065,0.050510188419139,0.476773688657765,0.358109996394669,0.825286785402568
0.0943663134239614,0.932571293058572,0.0316918780993846,0.0154062549636735,0.0482175381330308
0.198188356123865,0.539724518283037,0.117105480463928,0.215060383207006,0.678745097684441
0.863408784149215,0.389594910753658,0.880513106765563,0.649671688831558,0.19621192352497
0.68077073735185,0.320428880135296,0.667979905948781,0.898060189773383,0.839127958141034
0.437507765134797,0.377038132428424,0.768088002980581,0.534829120350231,0.532073571259389
0.947388180298731,0.849023426853819,0.892084612491561,0.962934995671133,0.97443730357918
0.0471227155067027,0.485978563694516,0.0436752524032154,0.146939583580848,0.782901703758398
0.94427599105984,0.100297712342581,0.981687814648585,0.39311469486795,0.0362102662038524
0.567669577896595,0.245564462471521,0.306463213958811,0.447160450265378,0.799056729738368
0.81145316013135,0.976641553890659,0.641660642076507,0.828794013732542,0.507498684368329
0.705488037085161,0.0767953209870029,0.51808985780451,0.879892381030759,0.637045551411575
0.828955919714645,0.398376400611596,0.653452830395485,0.924435245003509,0.498371976864291
0.949711131630465,0.144391123874811,0.753845973805467,0.713340117900192,0.218754133937182
0.932951834984124,0.993361951754196,0.818469940843338,0.993470511140909,0.752019987587119
0.825006570201367,0.812572043825639,0.761750449378209,0.824440670081524,0.622881999675883
0.079821384511888,0.987605867470847,0.051875290711048,0.00722341891689301,0.0271052216121461
0.151259736390784,0.839745231642155,0.0532891077080468,0.0514688563592179,0.0687123703246471
0.652388838352636,0.27276606389205,0.557627335740603,0.754466275093672,0.584801644639811
0.973656118148938,0.678033543197671,0.952255907867893,0.902480651596415,0.978806149476441
0.689229103038087,0.48188842824311,0.682516174908258,0.670249707052393,0.430806430842495
0.63269289652817,0.781941571069183,0.549587428758089,0.467072268768053,0.444045109295985
0.547720130998641,0.256095954828197,0.63545843935433,0.176427176536117,0.569357515574666
0.689889709465206,0.391854006011272,0.408244611183199,0.93485612623648,0.464035239623627
0.709079900989309,0.928541119355941,0.54476101266901,0.683801647693783,0.460420330433408
0.611809770809487,0.4883347255236,0.60186673741867,0.64059529616007,0.839723193173995
0.313968670554459,0.193225938623073,0.737350299495634,0.373535511335282,0.579455543804215
0.0302387874107808,0.713022403680952,0.0487426727002738,0.043644473875157,0.603199279896216
0.633075571618974,0.0417156894982327,0.849315986293669,0.312493876248516,0.373373001377331
0.832782439189032,0.440766185201937,0.898379063513908,0.608719256651399,0.206523999775527
0.647392659913749,0.544945275905775,0.741214863267052,0.608767173794145,0.487206337769749
0.0344527801498771,0.985930942784762,0.00649891599858549,0.00121730277345735,0.013569400907727
0.621135108405724,0.438905323127983,0.579866199710898,0.60108664107576,0.260951701347949
0.126712456345558,0.0489502141426783,0.438811273831107,0.455159608142148,0.83791261530132
0.976968523813412,0.613662899384508,0.972339198855435,0.837560187331718,0.858692567417165
0.879192408174276,0.0854769673023839,0.749973809988218,0.437657067871809,0.452168016432552
0.205565440002829,0.723782336135628,0.0194549569563229,0.043351436042083,0.0762004367134068
0.873790985671803,0.78878549093497,0.798880011798384,0.892805524106776,0.684906140755629
0.133640215964988,0.497173910349375,0.182926562239355,0.249375888351108,0.883992587128887
0.168834425508976,0.249092308135005,0.155521791028456,0.565080829266201,0.907667051622411
0.813164181774482,0.0955985448381398,0.330127447256748,0.993152991862562,0.776583745522657
0.753991928184405,0.181095649691997,0.833293995919917,0.479630126486236,0.255201955878874
0.813086831476539,0.334276199602755,0.825845295829394,0.491390756916091,0.00792528569581918
0.248031473718584,0.780202984547941,0.168081773873732,0.191399829212721,0.0812611974833999
0.960485713323578,0.824190381303197,0.925887634110399,0.943564258145614,0.95662505182554
0.386054730741307,0.904918189655291,0.201901213693643,0.122990879100468,0.194040225440403
0.508779924595729,0.231508330063662,0.850028808878825,0.482447100701875,0.286734624562087
0.749062054557726,0.24323197020567,0.740413435182994,0.563858468328924,0.457678250182653
0.0488184012938291,0.441772921156371,0.0768932388596811,0.209849367966018,0.968386916938471
0.478891108417884,0.509350270818686,0.336832516559702,0.751004819412214,0.193938094045734
0.715618900489062,0.560102803312475,0.727174344086043,0.769255658578212,0.718779975693906
0.859703237656504,0.642449117294746,0.862148357111041,0.729618361248848,0.299157863162691
0.926205327967182,0.939999131514924,0.834753507884947,0.978341091302435,0.813108814967563
0.626125268172473,0.327973975305213,0.687560789176785,0.489926501907493,0.196270615590038
0.143038291716948,0.0326104129489977,0.39257756224609,0.712989966915951,0.864093689800939
0.581951800500974,0.634011523012305,0.463536522595677,0.833710671149438,0.56671246982296
0.134759316919371,0.901058787043439,0.0655350028553569,0.0454794645218713,0.0345265599025879
0.653393402229995,0.822559741296573,0.563509445117075,0.553062685470642,0.441667460981989
0.849967626389116,0.79018355536391,0.784115955125999,0.842716861695692,0.663961304962868
0.633269335143268,0.00499926644260995,0.822140045414599,0.0314537330775767,0.392248201853363
0.105128075927496,0.153328040061751,0.54730585225147,0.0760274063746932,0.783959244407015
0.298121500294656,0.0160835466522258,0.234502320710093,0.956445901583195,0.937326485785889
0.882987564429641,0.745061440422432,0.854061159818174,0.819907790293068,0.6505107904959
0.452407649252564,0.766996037884383,0.415882954654269,0.363540992106157,0.289212671021232
0.838532528374344,0.920319589116843,0.680039582976394,0.980854985333962,0.677126583090285
0.758027725853026,0.268482117942767,0.620079541792062,0.686770580602549,0.365755033068126
0.962875189026818,0.962911690905457,0.914902698873845,0.978312540121769,0.778373257635394
0.235608127899468,0.848087260354077,0.217424804469145,0.140613877378026,0.114872296777321
0.709493124624714,0.0152646085771266,0.295820541704685,0.975689513093819,0.887729421810945
0.407291004434228,0.60225510460441,0.319544910118237,0.397888702318906,0.413352763192961
0.0458017466589808,0.549700416595442,0.0958500995961823,0.152418327218114,0.745647003845079
0.0372803574427962,0.792977178265573,0.0282852055729627,0.0267298847343747,0.175767037755577
0.582952742930502,0.174059380980907,0.698138301977973,0.47802923687538,0.490204911417095
0.739716849522665,0.212860566767631,0.782265695802021,0.584565269681154,0.338376807543682
0.532205262221396,0.243999638681998,0.898415732542891,0.430942483062337,0.204751798562938
0.698767859488726,0.155628560081823,0.289290259071266,0.889122613970667,0.767101607198128
0.735397957498208,0.252592661214294,0.197911943945812,0.622321386283476,0.696384653419955
0.855655966792256,0.695145758771105,0.880038321801588,0.706920132754942,0.2611668096215
0.282976042712107,0.464760683389613,0.507556992537681,0.444936045667192,0.970928676397307
0.53963087615557,0.448887350590667,0.597967007060263,0.389193420088101,0.677698725048685
0.543462524190545,0.465236601332435,0.503073436377704,0.810632392971634,0.672983453987399
0.544675338547677,0.394108637730824,0.714360235287912,0.490127082665671,0.181725165835815
0.0438319717068225,0.334109803457977,0.594619909105383,0.161159687473494,0.77929836025578
0.21155280712992,0.162119202461326,0.00110456835212591,0.0734792894888576,0.974113507632865
0.90860279998742,0.871316789271077,0.830207712979936,0.952410767115879,0.856436824571574
0.847384403459728,0.670922749704914,0.800725770453363,0.847022940137581,0.816410164901754
0.507917812094092,0.149680330388946,0.88842306168463,0.360379839351962,0.235952851682669
0.258448679465801,0.415094549913192,0.0750914608257762,0.251953295615945,0.814426820696099
0.584467431530356,0.187777854473097,0.783927184178344,0.439574694507071,0.61744369295775
0.336497743381187,0.366373806871707,0.522255273566794,0.360025117092812,0.450794898759341
0.131374861346558,0.536994326655986,0.37804837011565,0.0426960015098203,0.948570520413341
0.913802015362307,0.132268713467056,0.838860788670784,0.516912432872724,0.292425140942214
0.102305699838325,0.342645915778121,0.60624600272549,0.364986289816745,0.21149067216902
0.163110011722893,0.901661487092497,0.0279264810371134,0.0238108360509612,0.025296632637037
0.924853285774589,0.836884577205637,0.876065098565289,0.90326486997219,0.746533620782429
0.554054450942203,0.764465308311628,0.54506497527067,0.136070065432988,0.0633174518297892
0.958955122390762,0.593589250551304,0.937341188121573,0.85331942186993,0.948230719281128
0.411605606088415,0.776520062325289,0.315776560913315,0.406617415575446,0.2993445105094
0.505175435449928,0.249926506046904,0.145893109895395,0.74983605707548,0.748804452916374
0.901508226525038,0.990416914079105,0.745319897240941,0.994571112825469,0.724756828247337
0.450741692446172,0.00379782196250744,0.793352030773526,0.0911992049403372,0.60508572604158
0.231329400325194,0.694491981441388,0.306246009283974,0.135687324452641,0.54952285476611
0.728847083402798,0.472430216119392,0.753204567250841,0.672893128969144,0.502326432993868
0.573575555579737,0.885131223971257,0.339195815110887,0.592404779718228,0.365803126915125
0.198179103434086,0.47024779257481,0.00776788035722958,0.037797129915705,0.866022711823462
0.586847025668249,0.814339241274865,0.445506602469482,0.723591053683729,0.475332763424376
0.338270429288968,0.888853739044862,0.265967081652828,0.090811180780457,0.165559717890574
0.216693465830758,0.075168817100348,0.278652694709915,0.729832008121854,0.900999100733316
0.592618389520794,0.405139698152198,0.531561174123412,0.646076283269052,0.363077762565808
0.757197130238637,0.745805443933932,0.730069855896945,0.705584080213024,0.540485260338755
0.360811748774722,0.357649993820814,0.16103395728187,0.740987104184491,0.262261052237591
0.0621010684408247,0.498923194973031,0.420325958547194,0.193723003699831,0.284625230851816
0.0386400730349123,0.0144474651024211,0.315576851311743,0.957945553782308,0.935687043849612
0.40773791493848,0.299823882960482,0.723715592730976,0.538407906048416,0.387903826282127
0.123274738434702,0.823916613153415,0.070890549320806,0.0854191988865415,0.0032337897864636
0.574934703996405,0.600628251588205,0.646376699693822,0.347975161617867,0.203932846459793
0.629725647857413,0.299510955665028,0.713849087973197,0.75777661804909,0.386437240493251
0.594710277626291,0.883378386643017,0.411938443037207,0.520910421445617,0.3319605733559
0.347116631222889,0.94799994744244,0.194473619153353,0.0736817371959264,0.155515018705046
0.159834677353501,0.072155241650762,0.206991590798893,0.754750609289982,0.948405368282693
0.49142957944423,0.131508853548439,0.48620895356177,0.460528680287498,0.6980830138491
0.235909757670015,0.390913292620098,0.204170778572383,0.525348973218545,0.679098866967252
0.33414763933979,0.465288439969299,0.618866664827181,0.178833614205566,0.333344089827733
0.928601286374032,0.841877806611592,0.852052041459912,0.963884843864246,0.950711443641922
0.782078290125355,0.792529759084573,0.689990912533071,0.815766000276365,0.629503726871917
0.931654793443158,0.893268973130034,0.850787807764194,0.976198589773112,0.93337760437862
0.608435204252601,0.415211664367234,0.44297353781215,0.785936975478723,0.7127887577808
0.68648279318586,0.672576965967892,0.539063561295153,0.8202116568252,0.773056087986333
0.290281464811414,0.736298981908476,0.0689969467658571,0.134775569300581,0.0804906471457798
0.870469162939116,0.00916941536706872,0.825778026893842,0.205243081692284,0.4931423481612
0.46074634976685,0.374220727971988,0.526640946764427,0.166799481043404,0.954340488271555
0.254991672700271,0.981141280586598,0.0935332031120281,0.019059282870908,0.0910957354644779
0.25657814880833,0.931204591499409,0.154936071290103,0.05966312511956,0.126721511973301
0.248964893398806,0.449074063653825,0.282240612450444,0.445746133231155,0.635093899065396
0.940701816929504,0.798179270146647,0.945106428811438,0.815493292355648,0.304344809992472
0.382532347226515,0.166995796869742,0.269492119538476,0.456647234941349,0.876737751445035
0.0250607863999903,0.690554688248085,0.170981939341663,0.119988719010174,0.127032363932813
0.626199593301862,0.0297331622859929,0.37820573498742,0.781581809654548,0.838496203738032
0.60779576539062,0.162554128939519,0.491929916715628,0.722018531923632,0.659802810841938
0.787355223903432,0.276660107338103,0.924508907142893,0.569907697144248,0.357355429936433
0.671970471274108,0.215210300608305,0.154343439110687,0.720473443165231,0.762257732363651
0.635939284227788,0.756571878067916,0.484421686758895,0.760630697337002,0.373014746961417
0.810491050593555,0.781390173389809,0.740330817581922,0.764620408416191,0.557976731011877
0.64902672288008,0.775948998139938,0.611369204363612,0.462658051835554,0.367468910786556
0.240023581078276,0.125222739327,0.718150169568151,0.28587835688237,0.471372187690577
0.47877511382103,0.0481834337406326,0.66194346235277,0.296857656414219,0.624643974617356
0.60500950855203,0.240744939976139,0.464766383577032,0.301774778845502,0.66875698484364
0.749254538211972,0.367251322109951,0.159313896060472,0.712574644604927,0.740657338144956
0.444751073373482,0.911523636867059,0.292260645757606,0.09461500779104,0.230192294489825
0.601938332198188,0.864147502026754,0.468151341572727,0.477925684967355,0.444625459291274
0.367647188948467,0.374723584071035,0.0423990664530444,0.287157392682521,0.646445309655974
0.955526828533038,0.273320378764765,0.984966313067094,0.597034807152145,0.168944970559096
0.0876006255857646,0.016978920873953,0.960708007570316,0.104667927079532,0.24673935546889
0.777365292655304,0.292542278039036,0.604609298143082,0.890295089191595,0.591416571493028
0.656445909757167,0.969057523208903,0.397342920324299,0.480848875752039,0.354207783850143
0.774294113973156,0.52645238963305,0.766413435611308,0.703880433590165,0.148522273550043
0.727940172189847,0.00510470682638697,0.483742857760709,0.725617184043259,0.80145120571251
0.834151283139363,0.461121057538548,0.790550104875964,0.69673321827249,0.0693313128140289
0.0907624212559313,0.250092441303423,0.326284111449454,0.605943345015206,0.860469464591006
0.73708617198281,0.00879582259221934,0.76995689234456,0.16358044580973,0.540342040563701
0.39850729634054,0.00696618363144808,0.737850943852834,0.0668791341923035,0.601680960826343
0.0282098499592394,0.423594436171697,0.238604177877881,0.267171997835677,0.87209408704075
0.604695713613182,0.770987717580283,0.487345777870214,0.557251190731049,0.425436813820852
0.0730815520510077,0.324354526906973,0.128341282743271,0.344712781442658,0.97463762582629
0.47235948080197,0.445877378951991,0.207820716490032,0.447628052728218,0.466519258130575
0.498826380819082,0.685847522661788,0.328104642183411,0.489737263313729,0.482420694868779
0.428633163450286,0.894671882822877,0.232083222512337,0.244534295239977,0.217273935762933
0.174251068616286,0.133280438458314,0.364588719329368,0.38643228438738,0.849880433845101
0.366303512593731,0.865840089187259,0.262267950448252,0.146051960668622,0.196112143486971
0.263360498473048,0.0704362299584318,0.0716118477153704,0.707047031641436,0.983323532534996
0.309166577178985,0.427696403959999,0.5090084888884,0.193468631702146,0.838705136120552
0.49662076542154,0.586291666520992,0.457945258742964,0.398785917710014,0.607188147056149
0.319886823184788,0.585399974690517,0.120233922763638,0.310260925407764,0.0550326299562585
0.308658654103056,0.883206106169382,0.119473913132293,0.109490376562456,0.113036111142719
0.0234442665241659,0.0020859646901954,0.0954846537289722,0.993977253145031,0.998349882167531
0.168523008236662,0.542217145411996,0.387499068642814,0.145216937951055,0.51655299399863
0.853544865269214,0.56452862455626,0.782602186827775,0.827707573858365,0.565582746668952
0.974535557441413,0.768879766954342,0.936822399749466,0.952909501043169,0.988277112104697
0.0688283462077379,0.0372144002176356,0.816014483179713,0.110391000850207,0.556309696141398
0.382388475583866,0.00501458955113776,0.784424778647237,0.103541762094507,0.562391880113864
0.815587207907811,0.910417078674072,0.658355404213869,0.980626182991711,0.677421009429963
0.170076607493684,0.106272909470135,0.323367032575492,0.87768246418045,0.862284231203375
0.859673479804769,0.852799250540556,0.778403667227394,0.884676889520949,0.703817326488206
0.789054224034771,0.453860938170692,0.780457247371924,0.643099737611717,0.264514335460262
0.600837173406035,0.420332279842114,0.798206587240292,0.57996025113815,0.789797057484975
0.294000452850014,0.1372231982823,0.373602251789318,0.791728814997017,0.80607008523657
0.912253088783473,0.217852296453202,0.895345621723968,0.519448269815067,0.0625852868834045
0.872245459351689,0.749602360388963,0.826818822981867,0.83676773222905,0.725500778498827
0.779958217171952,0.547304341249401,0.710238577292296,0.866487208339734,0.730253258923767
0.176861619809642,0.509848882706137,0.729565024060357,0.368595410556858,0.0880762156157289
0.76850562216714,0.236468679941026,0.484520365696391,0.917527307379754,0.519808022683719
0.561821788782254,0.577016001130687,0.427264037243208,0.740188594099492,0.684666351793567
0.0968836119864136,0.23274963136646,0.16572938052716,0.587396488267339,0.953807329206029
0.829090959858149,0.443903624225641,0.639336987391402,0.972848024714698,0.604770601465134
0.0229173938278109,0.257229923940031,0.129357914493965,0.542418951612658,0.972651522926753
0.16864459309727,0.143632717459695,0.172189984048762,0.783763721565057,0.936234328226419
0.288365952670574,0.247364654234843,0.345983920188644,0.728444370415554,0.760802427335875
0.544891239376739,0.90521534383879,0.367579069739402,0.211338850006403,0.287747249327367
0.158449753187597,0.677553662244463,0.427602205810697,0.126857996585527,0.199119244382018
0.351529591716826,0.210075117851375,0.583996435212853,0.431038976518574,0.658329001191305
0.576687094988301,0.631605713482713,0.536509332268782,0.672246111050045,0.142086377571104
0.314744058530778,0.915214612236014,0.100488020604482,0.0584553546060435,0.184498911170522
0.266654094913974,0.344452527497197,0.00368308778562904,0.0512309351222856,0.779339125350816
0.714001660235226,0.355381725850748,0.536833408799234,0.98057326080382,0.313081989734201
0.615260482765734,0.887147508939961,0.454573167368819,0.394903230966551,0.370356395695126
0.167560960864648,0.209097353072139,0.218810912584424,0.788047017262661,0.886516567581566
0.0683867470361292,0.236455849633785,0.188479751536346,0.56573292457351,0.947178142232588
0.111742336302996,0.590169920673361,0.529562462215039,0.046217066923235,0.0821979083411861
0.589243420399725,0.161500793561572,0.574043606873695,0.438950474158165,0.624622462171828
0.57680960232392,0.718123746715719,0.483798429528017,0.599459204988527,0.600151859311154
0.0828065280802548,0.267173476138851,0.56186588949906,0.36744885705997,0.529851845669327
0.493866135831922,0.496645957609871,0.172539577475627,0.463991613866975,0.0459729171998333
0.728555528912693,0.398591474193381,0.508800392487804,0.915174695875754,0.473795185651397
0.837900654645637,0.868947031820426,0.781457575238077,0.796095236566353,0.581451952079078
0.188144569983706,0.129801021335879,0.320847141682685,0.566612555663735,0.870869952399516
0.414222260471433,0.597789197490783,0.401271483111767,0.306227317022441,0.288797459477792
0.118311368860304,0.13754161374527,0.692845258079063,0.36637473913764,0.586976737802615
0.544339849846438,0.0156023025920149,0.811659466335964,0.102706764014052,0.491199289768701
0.675558075075969,0.400687190325698,0.652851718389044,0.57483440364429,0.549847270798637
0.93369940505363,0.870441442908486,0.886200623280308,0.932172187697032,0.797382669494255
0.328335136407986,0.304003606346669,0.0513463676555597,0.398429411994594,0.766609403915936
0.736058367881924,0.325460411229869,0.295173471318696,0.498462044747243,0.420612001064001
0.619894989067689,0.606287738803076,0.59459126817973,0.467394352206865,0.340268802741775
0.258797411806881,0.363669819635106,0.128473573004141,0.550131974893095,0.499176979850745
0.0566837310325354,0.763514198974008,0.0316759161901475,0.0377850111792067,0.174697207956342
0.205069001065567,0.397372389998054,0.406395654695347,0.343123182763626,0.826553139399039
0.794002331094816,0.0707436555239838,0.829839940994397,0.369738770785271,0.314736839587567
0.27202109596692,0.119532904034713,0.713455709019176,0.207240364117675,0.521467145968927
0.526820441242307,0.287915459106443,0.61950434255839,0.388224772682472,0.509322353202151
0.202654506312683,0.993592507060384,0.0847049916475205,0.00868888964162573,0.0635291183425579
0.627161675365642,0.330265693279216,0.787780359411081,0.593952054169853,0.497117865917971
0.288824421819299,0.822016686986899,0.206007791668492,0.174371652004271,0.16443192071165
0.886789127951488,0.742002422135556,0.764536113863434,0.97455629245599,0.986824036721373
0.17626063269563,0.396573731355602,0.294224405049883,0.321701608925381,0.77240582878585
0.0923412460833788,0.224470864370232,0.31575679284594,0.706832681365001,0.823055417538853
0.658825251506642,0.311382833897369,0.439554338132176,0.887555043046497,0.261636313021882
0.776042407378554,0.99629821346025,0.488025159432219,0.943746081999208,0.536902307387209
0.728127748938277,0.43355723642162,0.81031568003718,0.46758935686215,0.00494340769364499
0.626563008874655,0.0545939615403768,0.903655882261256,0.25446911702207,0.309967066772515
0.306264526210725,0.619223717454588,0.0466922191409914,0.15294124675051,0.0608904906839598
0.696362543851137,0.00675721871084534,0.269995316300501,0.995550215281163,0.907343294733437
0.718055168865249,0.643742825748632,0.673770171964716,0.600852530235203,0.471079114387976
0.194808837026358,0.738185136258835,0.0630189915689712,0.0987011351389163,0.0479357228323352
0.184985206229612,0.154988734197104,0.887446280622059,0.394951623257969,0.237329009949462
0.337021906394511,0.6124988606025,0.213509026521106,0.38973927969047,0.310910757776583
0.611271121539176,0.953280215006089,0.432187776389828,0.17202757553972,0.321982167748502
0.0872280106414109,0.112730908294907,0.747922109490544,0.166605662819151,0.576818552304758
0.732228382024914,0.674476854124805,0.432663747286114,0.978567302455535,0.535160724219168
0.633515560533851,0.707373039942468,0.508105638978057,0.819663827707756,0.664847609034041
0.705480076838285,0.321394924627384,0.48714823631988,0.768416221007475,0.493678967148298
0.688867585500702,0.370133188407635,0.834933405028923,0.572593667460966,0.670946572819958
0.715895352652296,0.684891293378314,0.682820233367843,0.68253490293358,0.560375502012903
0.0260867886245251,0.134173488913802,0.66584193119258,0.329212733406411,0.623891187336994
0.0766306531149894,0.403653439221671,0.191128631768603,0.24203449260672,0.967047913029091
0.320611495058984,0.165748437662842,0.0889090777331212,0.633602862398778,0.945715275214752
0.785051838262007,0.783974910358666,0.655975524290676,0.937138182115999,0.749599543138174
0.822356434073299,0.679812460119138,0.665739598830361,0.970798427579093,0.755179930449231
0.0769196001347154,0.364233121246798,0.552043081733767,0.106447125250632,0.756961149250856
0.512753665680066,0.71120861984673,0.507504604875272,0.438044842729595,0.268075083004078
0.0542812016792595,0.854968880448723,0.0360202050855059,0.0321148227217098,0.0132514246797655
0.543368608923629,0.838697938044788,0.428826422611989,0.289455035341299,0.314528881601291
0.986312282970175,0.458044956991216,0.986776590623995,0.766892148650291,0.65219904211699
0.00417055236175656,0.521669800073141,0.182523037157578,0.24113927806651,0.656837551767239
0.282485992880538,0.222394008858828,0.875221067246819,0.349833985485787,0.231863198365318
0.378021556185558,0.951658752543153,0.203454793440492,0.0765100685040461,0.135238801100058
0.306354966480285,0.834972091106465,0.151132422141942,0.121278991393216,0.137675472331466
0.993516660062596,0.239908275747439,0.985386908804581,0.632666489444432,0.0081223284068983
0.83766481350176,0.00597760666278191,0.781270853206633,0.152826771163058,0.534725894656731
0.184572099242359,0.520737595536048,0.285024031822346,0.502874722371407,0.132083144882927
0.870586396427825,0.848925797181437,0.764430818086813,0.953740042908645,0.765147939702729
0.978625510120764,0.810034409310902,0.958443228222085,0.936891295626366,0.919381662999513
0.185447543859482,0.690250760904746,0.111347605324058,0.143255834939821,0.208659287105547
0.458977682050318,0.988215454650344,0.213002749493958,0.0388682778545458,0.192216376919532
0.439071245258674,0.873550983873429,0.322072071696128,0.219134732361228,0.232617552945158
0.474576654611155,0.394821067195153,0.562052143441047,0.639678270185153,0.584989057999337
0.134806322166696,0.0785284329031128,0.418521479705101,0.556257987373402,0.834003374126041
0.29413006012328,0.161145835911157,0.191713505376556,0.782945884759164,0.90722330994322
0.72359735169448,0.533104138885392,0.566494580973981,0.918603301026409,0.629673388641095
0.974260775139555,0.707183842052473,0.969278228874685,0.845273904151713,0.52191670643515
0.555848104180768,0.813612771831686,0.406525743405933,0.516226211225724,0.291174911748385
0.597910953452811,0.211440292274347,0.525374269782706,0.660544823060566,0.655855536082527
0.0828879100736231,0.878932017396437,0.0330341351905108,0.0255443316524405,0.029991408548085
0.293795567937195,0.414083655894501,0.574583239734914,0.446280746483007,0.076813559018774
0.73275353317149,0.767597633501282,0.512053097799549,0.982552626312266,0.791162160196109
0.637800874421373,0.48999850146356,0.552423076471347,0.793568989087399,0.452826227789046
0.333760074805468,0.654575507709524,0.24083090446506,0.352689757149202,0.305422139324946
0.626548820873722,0.347612211917294,0.449150703682574,0.86652486543637,0.779138217942091
0.692476487485692,0.452863621845609,0.456163561951735,0.970317299005349,0.457124355394626
0.334582940442488,0.135734759533079,0.486103491402634,0.564006160430038,0.707743391074473
0.678948535118252,0.346135324827628,0.441669655543711,0.950604832450457,0.400129371410003
0.735180118586868,0.564934104244458,0.789196814309863,0.706574796674813,0.870078561565606
0.753181159263477,0.998106975835981,0.480232840781848,0.483530430403629,0.441392824432114
0.501762317260727,0.207222739321878,0.055400978792393,0.381048768137372,0.93322403440834
0.736474395729601,0.13305811889586,0.60079724055443,0.84476408366729,0.561032453580992
0.525940958876163,0.133260473463451,0.462759923052618,0.569246763622255,0.75107151051634
0.591532807564363,0.158214132330613,0.860788924696794,0.306312160862277,0.167763081233716
0.741492876783013,0.683811180031626,0.692306436611974,0.676387476280905,0.314185749011813
0.372811515349895,0.117163706658175,0.582631808440657,0.580736544436573,0.601937332045054
0.46879788255319,0.654277300840477,0.564906247775106,0.451318035319344,0.772905570891453
0.987298344494775,0.386024839506717,0.963885195295054,0.768235109456039,0.27114328215248
0.362536774715409,0.0506278533430304,0.393733200588804,0.869773897654487,0.820560029736953
0.251310070743784,0.162947156495648,0.870412837535906,0.426282546962625,0.334956688078819
0.582146460888907,0.431043305579806,0.487721533074787,0.882301027276692,0.627254514343804
0.623396520502865,0.739680240600137,0.618772008372445,0.295350135183526,0.267769872880308
0.206778071122244,0.228105983143905,0.170562108129909,0.539816036583999,0.935523642547196
0.440711222356185,0.399837440665578,0.618825885970499,0.577287389075845,0.447737873502774
0.320046864915639,0.728161038336111,0.540573755370025,0.113069499873514,0.285777725715889
0.0345883830450475,0.322157033049734,0.064196842074701,0.360184370263828,0.957800486969063
0.850720598362386,0.433788237249246,0.978346027151812,0.609909323202491,0.013455970416544
0.317557738628238,0.269713976507774,0.540316900804852,0.924225774998875,0.521669435634976
0.66058224462904,0.789448794996133,0.547498769689945,0.574758869286899,0.405926732724765
0.590276299510151,0.970297848136397,0.452080544393318,0.0702437286157374,0.296805501187919
0.941470226272941,0.521627646376146,0.915484646195742,0.79331148929514,0.500832231802633
0.223913557128981,0.897600413562031,0.163681010285914,0.0796664711813643,0.0816759328881744
0.223326364997774,0.70483722150675,0.149686105206098,0.247098286584024,0.168673867272446
0.302120948908851,0.0925655855389778,0.69455410311415,0.415825952510525,0.584176317410311
0.938617960549891,0.312965536984848,0.943280003394645,0.646323484434997,0.174352041009115
0.248847247799858,0.609016190603143,0.0833744779104604,0.20523664715079,0.132318125426536
0.328303679823875,0.277597311796853,0.218956088605956,0.64941912459151,0.788643855281407
0.124731068499386,0.791306019149488,0.0133949371897119,0.0233050795964702,0.00927958698594011
0.927519282093272,0.990983653668081,0.818476877101198,0.980365767705574,0.664143197092926
0.466747234808281,0.0269431521010119,0.546692077166425,0.315715437488228,0.750801109912572
0.879912091884762,0.0642922838160302,0.28181755813962,0.847887836511009,0.839663293299964
0.537898500217125,0.254867195122642,0.723838492624924,0.477395456667073,0.295530739909736
0.85241877916269,0.539614829263883,0.798553446288827,0.829136692391296,0.85050372974365
0.169307287083939,0.978064501687186,0.0878923862821612,0.0178808007826322,0.0505864110018592
0.234449290903285,0.42710585219902,0.0419891227956959,0.165350488276782,0.829599634715123
0.207263818476349,0.827594229747774,0.0811396843772434,0.0981889085648201,0.0772029594227206
0.546239065704867,0.491878772882046,0.624445143526416,0.389722895885047,0.697791927697835
0.644456084351987,0.433648359699873,0.589342876445413,0.741019402153238,0.245099480875069
0.778865711530671,0.0456262345833238,0.795011029087518,0.327383486561931,0.458128847851185
0.3956639834214,0.170287438464584,0.286119563577027,0.755466629222694,0.804024486773415
0.021073690848425,0.0525803133205045,0.554453000052822,0.0453068423420129,0.798737839824753
0.805835112463683,0.450378703157185,0.814081051404326,0.653815689779737,0.339999667572556
0.99649072648026,0.450272430985933,0.997781231703688,0.731956531568926,0.017249835684197
0.45911328191869,0.25360360313789,0.0921653173210671,0.525060507205531,0.851662370521808
0.600134002743289,0.468078144156607,0.703714916786427,0.613623202789238,0.954523452121066
0.321788288652897,0.373743266594829,0.48093785218862,0.315864515129372,0.492083645105595
0.462014184566215,0.275498364848318,0.770963620016094,0.523924254162367,0.581081215088489
0.0172772675286978,0.315471692796564,0.693273254647585,0.225076651729264,0.529592008417239
0.505188954295591,0.947527652344434,0.361258297087578,0.0892453538217456,0.266765748063335
0.697070040972903,0.292978974262951,0.88960777268432,0.523723931005578,0.417799495597137
0.647848211694509,0.379922311723931,0.521175756582046,0.803902904023709,0.147728567913873
0.99692473304458,0.174313792696921,0.988205808166943,0.582807279903352,0.0361919374845456
0.35887496965006,0.551900086778915,0.450592069970807,0.318512932406869,0.927632615756011
0.87989873974584,0.0381213885557372,0.876893045207783,0.288520831274904,0.32732702975045
0.693116549868137,0.815030691184802,0.606030516450362,0.65924412447932,0.439091798296431
0.53807383030653,0.89285797541379,0.340339806187738,0.413551918059397,0.269529444718501
0.302047892706469,0.336974549602019,0.648186632402751,0.365505143971118,0.305393045855453
0.831196983810514,0.778334639355307,0.726848701141577,0.930901769748708,0.844062961434247
0.939604697283357,0.381980862963246,0.835925928920364,0.806465413610123,0.416488733462756
0.430398654192686,0.988408079458168,0.265995708763823,0.0174635790693049,0.162266521918355
0.560869315173477,0.313623671157984,0.338066711590533,0.768818269703936,0.525015044695465
0.801650115987286,0.558076915418496,0.712536213857701,0.854018183054212,0.507882862671977
0.86519779660739,0.336654532031389,0.713438967127825,0.867537642099847,0.696147956216009
0.357159994076937,0.79347152254195,0.322463541527542,0.0901490150081779,0.203542861301685
0.83494807081297,0.747576162248151,0.737863961179238,0.902268554900116,0.699778906680876
0.985451034735888,0.37854988410254,0.984822636848953,0.703088656786108,0.10162366143777
0.604454926913604,0.397539048135513,0.775138235223788,0.528715139229321,0.0951971088943537
0.50576183386147,0.584062076086411,0.722664255564767,0.353735678151495,0.249982136214385
0.578118151053786,0.382370846200502,0.330932931540235,0.759010934226047,0.784060745354509
0.848251161864027,0.243179262877675,0.832142592659726,0.588486871147375,0.194044409872731
0.99349752953276,0.400128150620731,0.980363683570734,0.792485189918985,0.451460703188786
0.69889529584907,0.260453294642502,0.869373654837198,0.488346558478626,0.190428085654275
0.995046335738152,0.94650775831542,0.984768390412843,0.986442241271216,0.94394688893226
0.835156120127067,0.767835138511145,0.780785085771274,0.831819904578308,0.677079173532547
0.502001351444051,0.700641872157576,0.47670203731524,0.325797017692785,0.329988478537416
0.957803449826315,0.114760261116317,0.355369496652743,0.911279729544666,0.605986440001288
0.66834425018169,0.00186478599789552,0.0590053067691,0.987668124214182,0.977464686526218
0.000882718246430159,0.611937025067164,0.122534657563261,0.1724467403157,0.0588506612984929
0.461610160768032,0.141134993958985,0.266589436552478,0.811238386243394,0.858415750175482
0.428693742491305,0.944014288688777,0.199405078869138,0.0954992916583233,0.219383892748738
0.533425170462579,0.285309197817696,0.583649084233001,0.872012439377338,0.497928587457864
0.933427236741409,0.524721869063796,0.94392437771251,0.719551020449521,0.137805477454094
0.542030235752463,0.733494875807082,0.49748912325126,0.19605448604057,0.15394078035024
0.316439715214074,0.877503430092474,0.130591715854518,0.120267908209196,0.133057960221777
0.182540193665773,0.791556593874702,0.186836869532414,0.209747627245405,0.015227440482704
0.571100271772593,0.0230101288470905,0.79885559334137,0.127049890021936,0.525706512184115
0.992987037170678,0.647287428000709,0.986329606301898,0.899121127920263,0.960977356793592
0.347955723060295,0.552417459926801,0.705134361383993,0.215410925307372,0.182724140497157
0.0579464973416179,0.784753937361529,0.219241126979559,0.107929306734872,0.108787100441987
0.783411005279049,0.0810187527968083,0.94331766941178,0.314700758951827,0.0857685424562078
0.0356936664320529,0.266235165036051,0.15233886232161,0.610173078243813,0.950766352616483
0.248003142653033,0.125334650481818,0.442915461066488,0.444110630890347,0.798783043312142
0.710728151490912,0.706675906054443,0.631161074806106,0.75857034693972,0.632357874099398
0.53017118666321,0.748078754200833,0.388659677810844,0.614681212425714,0.285264807025669
0.0983638546895236,0.418430600111606,0.13778661602165,0.316220658733413,0.971909618849168
0.881726428866386,0.839172919251723,0.800551104690303,0.922736090445644,0.757236457226099
0.0624384079128504,0.695073100941954,0.0043863225373455,0.0104109606617932,0.101030604651896
0.267807296710089,0.700129540375201,0.127242773109293,0.178843727323833,0.228656026796671
0.355842156568542,0.850132086576195,0.237007681414258,0.220151547834833,0.139016562112374
0.93010857119225,0.0841109782631975,0.358330343914404,0.909868890316045,0.747140462248353
0.0895955059677362,0.790010034426814,0.0025646620600786,0.00466059627597609,0.0369208940246608
0.503114201594144,0.397716445411788,0.443994637724964,0.560099618054326,0.442004881886533
0.478632882470265,0.606298169615911,0.309504610796187,0.608701288354218,0.665215157991042
0.123444195836782,0.504099112265976,0.286931968590301,0.186783143788282,0.981372436421225
0.988372553139925,0.408696776343277,0.984345166920416,0.756871120892602,0.241347321047215
0.26914574438706,0.756368887407007,0.210271259374543,0.221336424099035,0.185926279082196
0.835138411959633,0.331242188665783,0.674435885147485,0.795415838388271,0.167536989698419
0.297501755878329,0.46627167306724,0.558875923695561,0.374430022277402,0.405253825330874
0.640415319707245,0.363005028659245,0.628395861729453,0.703283394252309,0.504709109984105
0.915371990064159,0.793175842467463,0.861108397930956,0.905951372744385,0.798398824088508
0.844408479053527,0.229956057184609,0.92840971150762,0.52525567624734,0.160075276071439
0.210562793537974,0.814219647232676,0.147410364495061,0.148201153847121,0.0337812421203125
0.146345661953092,0.556296162510989,0.154157666283139,0.172451428535126,0.901205814880086
0.0588368030730635,0.655006458779098,0.0439980336114169,0.0480414411250959,0.993579956499161
0.124087832868099,0.0107324805867393,0.634164201108221,0.0660267218384136,0.744414218148449
0.947709583444521,0.70827331932378,0.876802856907458,0.946333276305186,0.98835896953824
0.425243798876181,0.212346882122802,0.520152798201028,0.522215069063237,0.646781452320283
0.329753445694223,0.471290718211094,0.0342010305590518,0.143369870661703,0.719188715593191
0.719417382031679,0.329501670348691,0.470439551841921,0.906128683382227,0.217877266084542
0.0182558158412576,0.415796009387122,0.129510850685999,0.305284245217467,0.915514781576348
0.484974992927164,0.106881220388459,0.805814737623768,0.379982022452275,0.408204013045179
0.502136559225619,0.335379771742737,0.123077237123884,0.532147715603145,0.617780798726017
0.172670430736616,0.419809490122134,0.137771787720481,0.325609074324588,0.853716986748623
0.527973585296422,0.650458489282755,0.541000461259951,0.391368794161236,0.239399205282098
0.294900695793331,0.340135461039608,0.695640775646306,0.255169636821806,0.977314958785428
0.911035106284544,0.972632094490109,0.771692099120502,0.996048222240839,0.810110494523542
0.702199361287057,0.73405897358316,0.627826152052582,0.775545030901746,0.517786878423067
0.569470895454288,0.774086301127682,0.422372904883404,0.613839414477801,0.344304383761482
0.572416372131556,0.733866587775992,0.565400059838564,0.494777581424748,0.431682434253162
0.194148604292423,0.910118734609568,0.0877200040324722,0.0551326313653232,0.0504855640756432
0.54835985833779,0.478078764077509,0.420084692686178,0.624624859692229,0.259931022912497
0.139747633133084,0.998154017579509,0.120715865863605,0.00259424657010958,0.0845071435614955
0.777392948511988,0.369430061342428,0.910024310923882,0.568873942116608,0.189335903822212
0.303447597660124,0.209132032847265,0.282506082476524,0.593510745059975,0.845550263271434
0.572240590583533,0.174959032709012,0.325848707167903,0.904534344715875,0.695275115169352
0.510441638063639,0.468342583131744,0.385132060394855,0.710416108801975,0.65985316914157
0.884210921358317,0.321115238970378,0.94117348489529,0.598066555023182,0.38849352390389
0.556298108538613,0.275502960925223,0.611717214456634,0.467037381528653,0.45701423540595
0.377851325087249,0.409158328111516,0.68707663099507,0.49698811713383,0.564986187469913
0.777967177564278,0.792271652579075,0.686696164485716,0.767249681770996,0.518999012216227
0.415612468030304,0.33080771236564,0.124566047505746,0.497217528059531,0.671706222783541
0.424146564910188,0.737283473863499,0.408192040221774,0.141248906118061,0.4465527771099
0.645232826238498,0.103042727831053,0.0229492108727515,0.564447793754215,0.953573074686574
0.63140687928535,0.439318347693188,0.665262767113639,0.623825396553733,0.50031899518217
0.894582547945902,0.530577817902667,0.893723216896615,0.777858964281907,0.915670689981198
0.909767635865137,0.506060219864594,0.920298863851923,0.691456522720762,0.113013090536697
0.776570471003652,0.679725608875742,0.760894557511259,0.64761678520096,0.314277640281944
0.344474063254893,0.772139982116641,0.245982170933763,0.216203056236052,0.0293882882979233
0.785818760748953,0.715879728988511,0.709665556986925,0.760954611484505,0.491420334350551
0.138937387149781,0.102271699957782,0.425655264945715,0.818417921894848,0.796683549968293
0.531708254944533,0.617612209898653,0.383859551566865,0.590063037387655,0.0209452719136607
0.179560089716688,0.358020517014666,0.763102395200645,0.314405855300867,0.411489161575446
0.981093998765573,0.800885246280814,0.96547628814429,0.926788012594121,0.874540413933573
0.668880909215659,0.535447950096568,0.397678664216369,0.967011135910336,0.734046750032576
0.0153821262065321,0.427426227921387,0.356777195135787,0.338381972997354,0.48824390603113
0.994898174656555,0.130348101287382,0.978255444165783,0.497966071651618,0.00112627746420912
0.14966589724645,0.461579941184027,0.431683856518774,0.32431002187233,0.195555939193582
0.154373046709225,0.362998280354077,0.611319943648862,0.252682898003009,0.775694464187836
0.938982801046222,0.538335553341312,0.823598830999928,0.916451130532235,0.868590845580911
0.781650013756007,0.71250095081632,0.648336691758663,0.946765043042524,0.851873991050525
0.739800409879535,0.340280587231973,0.666705527134246,0.58532965257189,0.303177951573161
0.80338549381122,0.37525474067661,0.84387702584406,0.612147478986733,0.414039149385644
0.62785464967601,0.477227783791022,0.19836073562865,0.537805244643211,0.449875892809359
0.786405524937436,0.877574078534963,0.689761280639392,0.713698308863641,0.539186352834804
0.971779408631846,0.56384706843528,0.978492226887116,0.795117237923769,0.705481033684919
0.419503914192319,0.283384261681931,0.218888593965907,0.672755644088624,0.705310036049923
0.0544962156563997,0.350171124126064,0.369242222384246,0.410330623070805,0.815805578633444
0.362842892995104,0.635808488092152,0.190412706735546,0.464796140284551,0.0445215161016677
0.4839155995287,0.249418566731038,0.273329106855765,0.592617286565674,0.787613887019688
0.98777818842791,0.243743167986395,0.982255558276019,0.621999220787842,0.0681179931561928
0.597523800330237,0.199546278308844,0.737045806311337,0.384137908776485,0.445068413828267
0.202678790548816,0.172776107065147,0.912650991462,0.375845306887415,0.290052329044556
0.530641380464658,0.473927284096135,0.514059654456324,0.593783286948631,0.664215640776092
0.899612849345431,0.830390180839458,0.847658801622526,0.865677322484751,0.673366569943028
0.105336319422349,0.305111376306741,0.808130097891013,0.408531550236936,0.591544726252323
0.28304875199683,0.668136700667674,0.208138835390406,0.349290540473774,0.0679701419139747
0.945315942633897,0.923889967525611,0.884025892963674,0.965003895471204,0.821468258538516
0.94310799241066,0.484271471941611,0.933040972571642,0.768484261731997,0.357830081571592
0.328321276698261,0.535652690537972,0.0607824037826192,0.243124806042042,0.211830415268196
0.342320815660059,0.588340622110991,0.43702726438135,0.0941384549543537,0.716877149097854
0.067573294043541,0.466981062287232,0.266790813165391,0.390199939653491,0.707942364126211
0.0273769772611558,0.544603229995118,0.137560910938158,0.236957377875735,0.317706453352002
0.425407669506967,0.29218570140074,0.517665847441966,0.351246057486502,0.598128137498861
0.93631090130657,0.101303721574368,0.698225061502584,0.761566429579698,0.511409503611503
0.326681765262038,0.148530377045972,0.202618847823486,0.794194496438957,0.886540088133188
0.77870603185147,0.176536320621381,0.268901712785367,0.937669113810062,0.784553774079541
0.989369187038392,0.80472788788029,0.982081770407706,0.925156517837844,0.832089895935496
0.151514941127971,0.0607947483949829,0.871384992896993,0.209738246639348,0.447356810589554
0.970041054999456,0.737139786040643,0.958245495429206,0.873724146607502,0.723393767635571
0.0777942866552621,0.422500036802376,0.0728498102731573,0.242626943505809,0.857283889636165
0.76570917898789,0.492710366641404,0.75160972298596,0.748853278126692,0.797427538462216
0.442700301995501,0.221966685232474,0.665349461126167,0.355221023490562,0.535128051618813
0.102396460948512,0.23072234870051,0.331941365425606,0.521212528161098,0.877018066035816
0.0271915749181062,0.581120136688696,0.0490601161284238,0.126972569846652,0.262283004849451
0.0402014304418117,0.329160399240209,0.335806544604319,0.67749085010096,0.852945854043355
0.874457793543115,0.906754476745846,0.744374831865637,0.981049331459451,0.751323297299678
0.915741040371358,0.385003231902374,0.95678140003765,0.633402933745181,0.151387280930066
0.506543876836076,0.946152328775497,0.337242587380386,0.110609261778712,0.253228568617487
0.663272364996374,0.374383112619398,0.770447855983001,0.496190001571636,0.347746429237304
0.578919250750914,0.983451403415529,0.261316366500893,0.188817094334289,0.275578229950042
0.428605714580044,0.355161639134167,0.610336003389485,0.239246539603987,0.510541551251663
0.318257519975305,0.0448654858919326,0.611305116491388,0.215839377255405,0.674601521488512
0.803812656085938,0.991096532932715,0.581390456548837,0.948444712048826,0.543457281513838
0.0800655812490731,0.384988110250561,0.00835850551998524,0.0802826698874742,0.816214864171343
0.339723655022681,0.660299328825204,0.291372623729682,0.280207578573484,0.222015499981353
0.449338569538668,0.25443554323283,0.379147046903862,0.664862898988887,0.599852286541136
0.346133274957538,0.943520554079441,0.230640749996364,0.0868673181604079,0.15993373587844
0.0846514680888504,0.054747170972405,0.739170890703557,0.256158039646433,0.567793123918818
0.505812572082505,0.902846597746247,0.38334840413026,0.129727447746297,0.28466280453722
0.350024918327108,0.124287796585122,0.181301974635799,0.823084527277066,0.912858535855776
0.900643659755588,0.452412821556209,0.903768365890135,0.680201255835661,0.119245682406472
0.202973022824153,0.515473114122869,0.279881067897903,0.40076296366017,0.28220401451108
0.87692058342509,0.332831646228442,0.97356221137283,0.639335657767984,0.595248745783465
0.142770235426724,0.608658283221303,0.0841646595413966,0.203398657501191,0.0649509703216609
0.643882271135226,0.773718553158687,0.405397564159016,0.842677179813806,0.321533544250997
0.270219989819452,0.0834646841103677,0.866876009227286,0.291124982595303,0.271471521788044
0.0612370041199028,0.725540440675104,0.125672385352592,0.141568535717235,0.0920006181986537
0.0635882741771638,0.638584291940788,0.314805540305283,0.10099853387837,0.333568728383398
0.144554564962164,0.50561534773442,0.0440401522167636,0.189682938692328,0.195089972723508
0.605906300013885,0.0276192928722594,0.93248684850776,0.208496343991612,0.313194886461133
0.669052266748622,0.656075711973244,0.727408317245535,0.345774780907842,0.265947476349538
0.925811544759199,0.843677668570308,0.883572486428212,0.911560903915419,0.800885825796286
0.218225814867765,0.905049762426643,0.124114184197389,0.0515313865641145,0.144775659224251
0.821240653283894,0.262028024095343,0.848770687837039,0.543759064012349,0.0611758298764471
0.768520363373682,0.604509235388832,0.709444899370761,0.823501448187218,0.796583936171373
0.110886189853773,0.473175706021721,0.190684257327953,0.242835040867658,0.973787373834057
0.40490156924352,0.864822270727018,0.262698955455731,0.191137733239318,0.212093184498372
0.297911053756252,0.371552546828752,0.498426347747674,0.412572184994352,0.41456534669851
0.857389220502228,0.235014630103251,0.785387872835929,0.612008083332778,0.343916601646924
0.382558050565422,0.279430761263939,0.854531511880612,0.448558016812261,0.665747185441433
0.375436715316027,0.61407684153528,0.184083082526525,0.443876807503767,0.123118127958151
0.457179667428136,0.859302186669083,0.279879684857765,0.264488096685904,0.334402152366238
0.75310714635998,0.929001697018975,0.604369428194892,0.762307298197018,0.497615053754998
0.794424744555727,0.469460070569767,0.677021305194055,0.796375899527992,0.13552836238523
0.557509649777785,0.717186859255889,0.412497144980312,0.421521126443767,0.749706764210714
0.921924514230341,0.32871202842216,0.945431451811395,0.645231062932446,0.291958207351854
0.878344476688653,0.445522875263123,0.866358115184613,0.742241860182042,0.573169446812244
0.796712904702872,0.978311252692947,0.572812806134973,0.961692087283579,0.530132298794342
0.686964309774339,0.410762693005381,0.71030491620972,0.546034641414425,0.232758750935318
0.155008632922545,0.0744966449856292,0.158714527681308,0.899504242853045,0.954523858119501
0.570985510712489,0.760664975474356,0.478051534460465,0.406700302692993,0.378163964400301
0.144049442140386,0.605948473123135,0.115357393243265,0.208222194900639,0.256156921939692
0.416264704661444,0.341109284869162,0.444332261155918,0.436321550404168,0.439415242144605
0.251135505968705,0.262766462372383,0.0980074963511554,0.498376670639057,0.898599491425557
0.960056842071936,0.954768424126087,0.905124408192345,0.978531329842722,0.825373300263891
0.673255414003506,0.975878626311896,0.451807899675271,0.40119397293834,0.389025067066541
0.519001515582204,0.188673821190605,0.17974552082731,0.772128135981685,0.838840602868004
0.617716980632395,0.822500609705457,0.410882283215841,0.816126146495552,0.330220275762258
0.4279924784787,0.143397480453132,0.277014303106438,0.918153212954017,0.82317460104241
0.653557523386553,0.227325172309065,0.620374931230899,0.663923568091414,0.266528448992176
0.63212975859642,0.171640054293675,0.850699773349463,0.50611231503015,0.464386756910244
0.462705709272996,0.25885814926005,0.729253959229801,0.463973643877522,0.520074648695299
0.417233481770381,0.307260138884885,0.383226374158463,0.50962696895379,0.56816883085412
0.30748242745176,0.705793093686225,0.0451316997760839,0.102955321619367,0.0812222297827248
0.235651738243178,0.720308453921461,0.171459980471852,0.188253904822075,0.359342245181324
0.3641875567846,0.145624095021049,0.322140127865109,0.35528441321048,0.846571262314683
0.38826063182205,0.674110141786514,0.334901492181873,0.303977753489428,0.216669037967222
0.11211386974901,0.61176111488021,0.20110146952923,0.200663057776723,0.500929910951527
0.959755741525441,0.626756493322318,0.90227762833775,0.905564480777909,0.911799875349971
0.678860683692619,0.508681555424118,0.666399234769076,0.703602014885754,0.64180333018885
0.816526600858197,0.926369356253417,0.679256848110633,0.874760228974651,0.553768370911712
0.433855825569481,0.617815188335953,0.473429661249998,0.483522097396584,0.317012865765719
0.955448104767129,0.827345159690594,0.938859492161312,0.883365755790212,0.629343790613348
0.866655418649316,0.700466194917681,0.786647920446054,0.903585429000158,0.826677571196342
0.937387132784352,0.888771497091511,0.885217077894669,0.932577727371054,0.771658481826307
0.585410709725693,0.29145013881498,0.678542384716238,0.45469195366604,0.142243548383703
0.902162801241502,0.688072131684748,0.848862677755823,0.885374593577103,0.893347826524405
0.397109533892944,0.476637640531408,0.648430410993502,0.322263389388027,0.58206767050433
0.102609139634296,0.698438588209683,0.00106992926099525,0.00308720463073628,0.160029900463996
0.213195723481476,0.897340327239363,0.198391213585161,0.0551872532593982,0.0897459012048785
0.166793795768172,0.182746829726966,0.946556150676209,0.399887924205368,0.228319366608048
0.700718191917986,0.559465425525559,0.73415311092183,0.572464123942989,0.472359362320276
0.335629077861086,0.713093023136025,0.18504273151511,0.251799120308511,0.596256999328034
0.97978697810322,0.854758251371095,0.962781233041491,0.940787201557941,0.85375803775969
0.480424705892801,0.855067834520014,0.422592951875449,0.0455845717948748,0.279985711880727
0.134011854883283,0.237572381709469,0.690939724985604,0.310054268991758,0.474457591510145
0.993635303806514,0.721755420876434,0.990994517282103,0.8847668692319,0.660403669549851
0.484507790068164,0.183562347228872,0.796083727502836,0.321527701520214,0.473994321684586
0.782428208272904,0.706288621906424,0.68980896572112,0.867196086584881,0.869339349999791
0.057161946548149,0.104023146646796,0.641705126097782,0.171846480435691,0.668870060850168
0.695903935702518,0.846148309850832,0.519314892303037,0.831164744458329,0.473193234094651
0.602140240604058,0.854772751656128,0.448024142010548,0.399118818509702,0.436509383813245
0.216266404371709,0.643292212713277,0.254957004768382,0.161609224754758,0.798841188341612
0.448438202729449,0.853366549737984,0.329089182450996,0.14974323070019,0.223145737341838
0.714064304018393,0.91558513554628,0.499824092289473,0.901328436445932,0.452915614965605
0.465430178912356,0.759748425538419,0.300596769687203,0.455606088759081,0.313192392495694
0.382007205393165,0.60759899529512,0.126662548886786,0.330682256722189,0.0510189910128247
0.93080087355338,0.421442973864032,0.907260890917766,0.776794411023953,0.956027823529439
0.530743469716981,0.232567815080984,0.84037380110055,0.489257213104542,0.318297352379886
0.427774797659367,0.621907572000055,0.538494947260915,0.0688632521314089,0.36913486503181
0.76175796892494,0.840056095767068,0.70965972306413,0.546831832790543,0.423184707091423
0.345510520972311,0.760997383360518,0.258507372987594,0.314476849693936,0.0567469693778548
0.619130232604221,0.820636733289575,0.501960486382861,0.467985458790126,0.431025029771263
0.825897125061601,0.989623703440884,0.653216677277049,0.926505743440248,0.553739191935165
0.80980734154582,0.235951172158821,0.36854540946154,0.934353714959036,0.495128201175248
0.251879580086097,0.090481349878246,0.23486194075311,0.626066287577029,0.921417300676694
0.529622838133946,0.633161757694324,0.389289667229534,0.637002465726597,0.134548702015309
0.335532266413793,0.0108512831793632,0.984363574998843,0.133961015858894,0.175402984343236
0.0614430990535766,0.862866240117,0.112317584192327,0.0593626124665571,0.0557165824284311
0.0193240016233176,0.814253758260747,0.0783277581351155,0.0756177473977588,0.000838833308080211
0.264933330006897,0.77765987496241,0.317365060284888,0.172658854707591,0.129235791770043
0.34489762573503,0.629755760746775,0.358991385734684,0.344755997041995,0.515684579702793
0.390598581405357,0.0428488346224185,0.475339677664593,0.83097076816227,0.780553645774489
0.00542989955283701,0.521066303219413,0.055214911070515,0.150142142289394,0.745220398734091
0.464806792326272,0.854125050798757,0.344850763218184,0.220375498813534,0.243639468419133
0.661967048887163,0.55967548119952,0.612894110957929,0.586348860997754,0.755729278695071
0.103085743496194,0.433944744552718,0.394494211671088,0.249198427782698,0.317199100361904
0.405674577923492,0.51271026590257,0.0396906828703172,0.196893229127652,0.0265833221783396
0.0923501688521355,0.788790568563854,0.0720593692402521,0.0690828926003533,0.0696133848105092
0.859721666900441,0.445817273837747,0.819307080672678,0.731780854966772,0.315613575832685
0.318163427524269,0.989985180582153,0.0801861674985233,0.0171446713339673,0.105196125194198
0.586104336893186,0.636922871432034,0.565003038420736,0.361421927301422,0.387721513543511
0.580342651112005,0.414924100186909,0.77407454106352,0.476172691285143,0.0504276478022803
0.918145001400262,0.723336025228491,0.88557672319342,0.853490292868935,0.735831470432458
0.900319943204522,0.634473976533627,0.898246277620128,0.765129939225234,0.454821151477518
0.284064362756908,0.897012419911334,0.274966945413314,0.0710822918072707,0.109344612254063
0.766518572112545,0.863798821781529,0.638417974562957,0.89490472905779,0.60734507223242
0.073092320933938,0.761632513749646,0.268860600687464,0.17246322264362,0.0219596581009682
0.764193463372067,0.302106330258539,0.910282392289457,0.580946189360802,0.803739294555271
0.60813388437964,0.623839513020357,0.495955945404871,0.605492124149957,0.0378866787941661
0.334803702076897,0.0522394699801225,0.525583846351648,0.474294877960132,0.751634033251321
0.0641057589091361,0.178436509770108,0.842636232183637,0.356297616085035,0.473759248532588
0.191924969200045,0.18670013701194,0.478689430961253,0.269949274416412,0.732257956900867
0.306780088692904,0.296767238964094,0.232984865266624,0.272217540488189,0.921488748659613
0.517141454387456,0.205791694315849,0.734089541970896,0.426847249590238,0.467600893724011
0.588106097653508,0.589675862545846,0.52822712910251,0.689312709782795,0.721541202132357
0.0241743777878582,0.0854982161836233,0.282301172468078,0.813896033463226,0.943243427173002
0.171127894427627,0.238229666691041,0.601005903360587,0.571788392338226,0.493228521867422
0.273695105686784,0.192012091487413,0.410556154360109,0.562063821288447,0.766682671528542
0.986636628396809,0.378154988837196,0.980764750910957,0.747736390283145,0.607286684127757
0.864199317991734,0.646929432434263,0.843469740794837,0.78438679573973,0.657695689384127
0.926954872673377,0.248685324651888,0.460285191892431,0.645327158916439,0.262563352735015
0.521085934014991,0.17449688425404,0.424461713666444,0.812519870504297,0.758077419159235
0.954249669564888,0.341420881188242,0.956044782336245,0.651570714683703,0.0521464533812832
0.390825928654522,0.389880413276842,0.469394697723492,0.511029877348826,0.913313095312333
0.0778046315535903,0.341853745485423,0.847926819465444,0.383480860907151,0.40392050423543
0.827496775425971,0.884783587098354,0.736601268462338,0.785027129872337,0.565504949510796
0.528857082361355,0.254796944354894,0.969553185060881,0.497593893725871,0.375208943296457
0.70813391241245,0.938360242493218,0.582941408734433,0.394291606057979,0.427009672595887
0.0392127565573901,0.2970373253047,0.0684786148333671,0.226438071589472,0.997199831559556
0.0375139827374369,0.635107969545061,0.348550526018743,0.0768906532739434,0.176189358026022
0.6802712532226,0.508801856281934,0.793509283241576,0.634132859341947,0.62400717442506
0.406742636114359,0.57080231080181,0.727051502071813,0.445798579384955,0.424893882212928
0.933388820849359,0.386300281417789,0.929197480582543,0.698143313890856,0.433691615617136
0.403765293071046,0.572471082763514,0.299507979150713,0.450410172440124,0.449128487525741
0.121683322591707,0.711723123007687,0.34373696749706,0.107594946067685,0.185259254387347
0.414713190868497,0.552753317781026,0.499466828150196,0.28105710758989,0.613270248140907
0.274420925183222,0.237391167931492,0.0884064982176869,0.543946281519088,0.902340821892722
0.924940309021622,0.897213264746824,0.833105566877355,0.98023997568243,0.906604573159711
0.89343727636151,0.955733921640785,0.760102879373614,0.987793773109688,0.741704525164096
0.150944786844775,0.213892568222946,0.795063595266998,0.255392409638158,0.491483831399819
0.0670516174286604,0.591159775300184,0.0435971144628218,0.107852097906348,0.311446013132809
0.191918269963935,0.464076868753182,0.241060815090328,0.365117298118232,0.694153323449427
0.0712677161209285,0.385568823927315,0.0477462858571574,0.185667120944325,0.973426184587879
0.41392819583416,0.365078529139282,0.161879055901518,0.57632991687265,0.423713689291617
0.384450300363824,0.833192402584245,0.216436342040748,0.194899137209094,0.251595302688656
0.63225046521984,0.698258974676719,0.341287437472445,0.863836383606269,0.419208454870386
0.235362709267065,0.992960387578933,0.0953083272131652,0.00989959407066876,0.0873768242599908
0.192687362665311,0.378190465882653,0.184352219330957,0.36103951918917,0.808878971816739
0.271863987203687,0.0319835922855418,0.2274892023224,0.877994866950197,0.933553791051963
0.512453430565074,0.458222616143757,0.517266966322013,0.669559391625816,0.273916979582282
0.509824691340327,0.924933595320908,0.46253189254142,0.0430930372324169,0.27979566497379
0.408173917559907,0.589242695976282,0.398288990149892,0.698205161799523,0.663407475425629
0.583243694156408,0.0278008806344587,0.424985228045831,0.991729187602907,0.795797071215929
0.0317003664094955,0.388799881824525,0.531773232933538,0.138559352288905,0.471616418653866
0.011318450095132,0.483663829421857,0.365329221820797,0.0974593512352111,0.739976930519333
0.443785712355748,0.253645780816441,0.206938919842386,0.62467043241012,0.846157469175523
0.0977279632352293,0.458169782272307,0.264433197047798,0.264532953038332,0.884950717532774
0.294933953555301,0.430915602337336,0.525986901695707,0.491749489880407,0.1226164191321
0.317240583943203,0.992554486350855,0.13556505547476,0.0122256245349301,0.0984784577449318
0.314707083627582,0.349540762748802,0.0170305587614534,0.165871965310739,0.671128297544783
0.0657364611979574,0.0287445662252139,0.903196645947321,0.172923768822748,0.372221626370447
0.858422289136797,0.142325775028439,0.679450391492115,0.538540873388813,0.492763987364015
0.0272240738850087,0.263817779457895,0.0342340229091123,0.207340100693164,0.997687657916686
0.912996469764039,0.181245574232889,0.922078534299865,0.512572356082159,0.144357221812243
0.515003257198259,0.561775649402989,0.661341135694048,0.325170015554962,0.69791147307842
0.36953609995544,0.333687202102738,0.0760701363213442,0.358245866537069,0.856793268379988
0.0448439680039883,0.501756833778927,0.0546248936889303,0.168015768634082,0.495618566375924
0.499960578046739,0.749713875266025,0.337000061832014,0.521111579274495,0.44115844994667
0.552758640842512,0.0697722813638393,0.83860726664695,0.284410650004649,0.435779453226132
0.97617568843998,0.926394645444816,0.945558445820541,0.971584792786517,0.878442150511546
0.465191095601767,0.92720569766243,0.242415408777294,0.126747810158394,0.223115911561763
0.972578584915027,0.711389728152426,0.970286245853754,0.848055697801228,0.561674227094045
0.712382663274184,0.36201857184642,0.232560882265162,0.764147699875055,0.218106192391133
0.55965522909537,0.216684378188802,0.408014017798542,0.926709884413717,0.595375107630389
0.10952524584718,0.148770261992468,0.581985264815812,0.123020490808605,0.703297218686203
0.5844012030866,0.0465191596013028,0.925175657577626,0.211397325070116,0.182650903443573
0.361911992542446,0.638854387128958,0.446376539914677,0.122113987525372,0.261085763428127
0.207225016085431,0.919037536397809,0.104952225829864,0.0495463803275283,0.0791180444357451
0.370234220521525,0.125657854980091,0.736252476568503,0.306789723638839,0.519640565762529
0.473379980307072,0.328519231203245,0.0956702027347322,0.355520050649691,0.7655918909295
0.502546339761466,0.903397318237694,0.297693545894806,0.240462872567358,0.273400629725074
0.389283813303337,0.74207581821247,0.270314149738708,0.252903939630619,0.358308902854333
0.339513769373298,0.546173605864169,0.172023963107834,0.434989551218865,0.0844019120850135
0.857143575558439,0.0782232738856692,0.874265012300177,0.34936660252979,0.318564221874112
0.521436881273985,0.38042262403178,0.219678317989865,0.614659039520277,0.509320119715994
0.102910330053419,0.839330347575014,0.00557328743999624,0.00800933589628255,0.0113934280525427
0.507740904111415,0.203840599366231,0.639016346184883,0.666906205919291,0.516304210555973
0.218770814593881,0.0244743787043262,0.718246100920019,0.0400269297531872,0.599933114397572
0.884926547762007,0.477562723885057,0.882177928059973,0.706053472351078,0.188313103251858
0.368002137867734,0.337858053069795,0.539123489002398,0.649771759376184,0.386183190188603
0.906425522873178,0.226369571784744,0.857125813865384,0.586159314532441,0.158655516715953
0.0471721494104713,0.7094908200379,0.0862712385471723,0.130659656684755,0.0440562728617806
0.0180733883753419,0.103375986305764,0.230876026702561,0.677459898284657,0.973885125800734
0.0889375624246895,0.662031342537375,0.0681288401569553,0.114845092399303,0.144090047135251
0.870439518243074,0.690767189807957,0.849054252025366,0.804598441256136,0.694982021843316
0.946315748617053,0.394425569247687,0.963914364371206,0.652566422416455,0.0160694601654541
0.430651153903455,0.495009949983796,0.349184524004521,0.705576804016287,0.306695971667068
0.0591141537297517,0.937388859485509,0.0586094070768512,0.020965085768932,0.0306953392282594
0.681269407272339,0.999610716797179,0.339225751611503,0.0945664852892727,0.417203111835988
0.308942893752828,0.353863314579939,0.311813256102581,0.480662631030585,0.829144691320835
0.740339379757643,0.677337254775921,0.658180650605543,0.919394949818985,0.956016362732043
0.773252191254869,0.59700542371138,0.603933087902259,0.952549176219634,0.868569913698593
0.403548332629725,0.544324289629003,0.113634916950443,0.302384560774912,0.282902696955716
0.60176580469124,0.00705060714972205,0.058180292402207,0.975631664489057,0.974297285167268
0.317568773636594,0.655831943411613,0.236864691167528,0.324809563410415,0.466215357853798
0.15839009732008,0.826293464080663,0.185212259561442,0.0940797609531104,0.111672064260347
0.813086299225688,0.513103312667226,0.793531450820394,0.736199076127044,0.377430013235426
0.601807559840381,0.752996661962243,0.446573574022459,0.690899441666926,0.377211655577412
0.00319589115679264,0.926664486207301,0.00848188184474924,0.00382624688376103,0.00957244346500374
0.362842168426141,0.32939479246852,0.233599381188024,0.622965884694476,0.662157841929002
0.175849738065153,0.247782290010946,0.294523220725603,0.627785287932794,0.838783120067092
0.125540603417903,0.398347805574303,0.308771084368025,0.171674683699958,0.99498918079189
0.926616590935737,0.214996854570927,0.978283841790743,0.552344992953616,0.26741060698987
0.389807917410508,0.983977511961712,0.211872190288662,0.0233080965771705,0.16320635782904
0.280808233423159,0.551269752817461,0.34154678898111,0.388517542484413,0.31576204430894
0.491571817314252,0.788559487526072,0.276623655054568,0.403361585249902,0.252559821557952
0.643335348460823,0.899703127070097,0.490652998255289,0.453264898823325,0.382796931051416
0.0600239348132163,0.816584313666681,0.0362392297008109,0.0349691574238268,0.0396842256595846
0.819038614165038,0.788928158028284,0.76721963136043,0.690956171593947,0.49944940811838
0.550467584747821,0.261266538320342,0.426796771390218,0.816638126227044,0.616182453086367
0.0656946960370988,0.180338006379316,0.0585568335983798,0.459787498497699,0.992827327892883
0.380565588129684,0.0183344165270682,0.929735976458492,0.155116868936732,0.318568289541872
0.431907649384812,0.534816724801203,0.496626391724495,0.393201973017364,0.70311749461689
0.09274962823838,0.494045222265413,0.306284031605454,0.803745749106867,0.00396634978824295
0.123459776863456,0.0425603144976776,0.082001457864244,0.869950545871103,0.989696427102899
0.566388618201017,0.985909244482173,0.30647706487095,0.199690610440299,0.269001479347935
0.502000357722864,0.793159676046344,0.428878736346693,0.286961022433565,0.245758326811483
0.669778566109017,0.436288620316191,0.681373772907014,0.77218286806492,0.694462703628233
0.6803424784448,0.865980972273974,0.62277033546779,0.20145169291892,0.320745749078924
0.90936977067031,0.758649332477944,0.780699744617012,0.982170178328635,0.977695199224399
0.0394736756570637,0.25140502731665,0.393424704628084,0.365317303539443,0.917334298748756
0.7513487925753,0.849963652872248,0.638637206236491,0.707742786385665,0.489257550420007
0.673304755007848,0.0949557965795975,0.198227221071525,0.852828479574725,0.889393551420653
0.169481971068308,0.461168021458434,0.261673615763622,0.317814696743037,0.504704159946414
0.735325946006924,0.158205176732736,0.0683134786352609,0.739213868096061,0.871863829932408
0.583110570209101,0.163131815119414,0.205952954469155,0.908495606688213,0.773312783596339
0.755185682559386,0.0289936665503774,0.769715071199048,0.233686925982704,0.501363468036288
0.582783635472879,0.0915526316675823,0.806833764797819,0.324386130028446,0.374189176975051
0.364981160033494,0.0725054501963314,0.982782619581062,0.311917636442592,0.0580656917009037
0.627092466223985,0.81727892885101,0.579347844476267,0.599578863518069,0.455572685430525
0.947576455306262,0.464249180076877,0.859235484749061,0.861143251043698,0.944012487976579
0.71202768618241,0.591789029276697,0.684439572924577,0.739043333769996,0.792634080717107
0.323644178919494,0.197686892788624,0.481602786088963,0.405365264677303,0.665242276358185
0.608017766848207,0.816681191470707,0.382327047973192,0.725408163187699,0.409661860932829
0.778386346064508,0.896499733236851,0.692649246520101,0.618441997462618,0.461007642996265
0.736825718311593,0.196793464914663,0.884445749124184,0.500674502188321,0.217632935178699
0.14107903232798,0.998047330620466,0.0935511479999076,0.00354250637492875,0.056018357136054
0.0425959236454219,0.712303473294014,0.068914390922216,0.0666624117114255,0.346610944747226
0.457721166079864,0.870598865119973,0.345066605547781,0.118354496862227,0.220919422252337
0.492373503744602,0.836775914620375,0.426121875468134,0.116458172933556,0.29361410511774
0.57299559796229,0.586603694973746,0.520458120666689,0.567379272252582,0.511745325493393
0.2963960042689,0.628887328522978,0.114720737529688,0.264643676883445,0.277336330065737
0.420973557978868,0.932780333416304,0.15266277704245,0.124524935180015,0.172438928595511
0.217389578698203,0.655566148489015,0.213048003791532,0.318600956412648,0.0138422420423012
0.11309739924036,0.225642461358802,0.354987166000199,0.701179862960337,0.811810694722226
0.570776700275019,0.0994313932314981,0.565280679420029,0.809868896210442,0.662786184548168
0.490978780202568,0.299348474509316,0.674774706287073,0.641954940808333,0.444507566600805
0.0275400073733181,0.0102422772615682,0.814416906341517,0.0342084499876848,0.604519432788948
0.660085682524368,0.598261191888014,0.685604884663771,0.746359054637774,0.514382819092134
0.114291189005598,0.889061109541217,0.181603470672926,0.0593791960949425,0.0860812589817215
0.508779651252553,0.418416586209787,0.272283001399382,0.782473047916083,0.258632037235657
0.249527960317209,0.340103625931079,0.738878394542383,0.344271796743385,0.600159192079445
0.518746137153357,0.917330134630902,0.348994452023509,0.281031374444363,0.251783293584595
0.445398304844275,0.709497816540534,0.321354955073234,0.484355113011564,0.438277545705205
0.215817942749709,0.609165576664964,0.237397012586324,0.316504299057332,0.23898033160367
0.815392776625231,0.514943466550903,0.731206169080044,0.834568423733833,0.692602662922582
0.147519272752106,0.0318069937929977,0.542294803479844,0.358553795869097,0.766704630601453
0.520252782152966,0.497233162721386,0.471932395097522,0.355748291905516,0.88157871059957
0.347927508410066,0.166236551507609,0.480917007064346,0.395959544770268,0.705735982599435
0.0548833946231753,0.492788634233875,0.0997692314224705,0.243270438946488,0.630670262587955
0.484375230269507,0.292276393651264,0.250071485352345,0.596360766932189,0.761227698676521
0.00676239538006485,0.884244096494513,0.02779823856339,0.0163833550359323,0.00602032084134407
0.172868087654933,0.25733691509231,0.712932970009119,0.414722184002738,0.29462506910204
0.755223450716585,0.259286834945669,0.85479348878338,0.496070909815087,0.177437874401221
0.795241573126987,0.842600457574008,0.744152788620827,0.566821675121246,0.417969803180313
0.932574483333156,0.394244111812441,0.903076839263468,0.731838100669784,0.501825697341701
0.401527215493843,0.925078495318303,0.207211717398797,0.0941894288369375,0.165399166027782
0.320826762821525,0.629153860238148,0.197542265317973,0.301672593425167,0.241580663219793
0.355528525309637,0.0602693365362938,0.951229571989187,0.221305051141355,0.203274906933075
0.895555499475449,0.298415707045933,0.935756208044474,0.595334384198848,0.118302948278142
0.0992937663104385,0.95700846388354,0.0637112975630382,0.0175648541982233,0.0517404299171176
0.531589808873832,0.198437157756416,0.537765232020509,0.754483165784626,0.57710345662781
0.735863100504503,0.421584323659772,0.717093343169001,0.692393725887745,0.408758538105758
0.0437832339666784,0.0175130273855757,0.608183003606739,0.314429360912949,0.756716974807205
0.612191036110744,0.241979149024701,0.263496290056432,0.555050535836105,0.735120201105019
0.647583284415305,0.779262163181556,0.50542723274179,0.838643796424957,0.494433282787213
0.155579786514863,0.099007719749352,0.153858407878534,0.627809729539247,0.969182602042565
0.925094121135771,0.683212197880493,0.902649921958344,0.827101042339876,0.669149534165626
0.425077926833183,0.390386979765026,0.839375909145378,0.464038852235407,0.24596983633819
0.528640511445701,0.952977848151932,0.549160250375886,0.00415373250304846,0.224804579484044
0.312068515690044,0.176395392772974,0.447120229839449,0.750048169499265,0.691068712068954
0.264014720683917,0.192684935667785,0.703907601592804,0.209307983855216,0.505662920157192
0.469966566422954,0.931909369159257,0.347378796710942,0.112248129689868,0.249964924441883
0.722047264920548,0.515838596125832,0.653565370221408,0.737972691598077,0.465480946557363
0.748223364818841,0.199382145685377,0.169324508654957,0.66286848888023,0.784496172709623
0.607889988226816,0.564928121777484,0.471536558950812,0.716933266543239,0.104342569276923
0.0982952096965164,0.0832631449738983,0.409678160652526,0.688271207570151,0.825903757562628
0.625266529386863,0.873294061777415,0.470000959061344,0.50370906340842,0.323462552187266
0.243723125662655,0.683138627820881,0.00395011678842944,0.0113041390452085,0.394128813612042
0.948855483205989,0.0499610505939927,0.346039575633263,0.997476302588331,0.766549974243389
0.327050893800333,0.473975681554293,0.339696460634978,0.766712868458158,0.281342877395218
0.214478988200426,0.19002754878602,0.218436272633656,0.638807058347549,0.91565018313122
0.196871946798638,0.667105576052563,0.167459416569573,0.182563551358598,0.26235712991911
0.828687918838114,0.991829030885128,0.585786909376411,0.993902026725661,0.6104577096703
0.72194067761302,0.598774373152992,0.57108118364317,0.974440933338837,0.974454842478735
0.305565734161064,0.0485147260187659,0.245105773356332,0.787205655225218,0.917059891478857
0.436802071519196,0.396100833575474,0.598365966669826,0.558226113063512,0.447711659624474
0.395653853192925,0.279075424099574,0.444655585698365,0.534307776480778,0.56113263629959
0.229654831578955,0.751132024597609,0.16586515884563,0.17924388514204,0.299168896657648
0.87183717568405,0.775016764440807,0.76398436368631,0.959177173393137,0.904657512932317
0.659016341669485,0.123281113366829,0.864475018248345,0.338262741586745,0.228715150355129
0.99731621472165,0.60683145551593,0.995475152909419,0.881735561570265,0.902843951218529
0.966266274219379,0.783488107175799,0.93077024305569,0.944810535726424,0.984586101985769
0.508610838092864,0.117535793426214,0.586172506310546,0.593268599954854,0.607214652729454
0.0180569558870047,0.750362183753168,0.138570428443326,0.101440997908399,0.101737576973392
0.514232736546546,0.122084065718809,0.0283043700737988,0.553981195345051,0.953905074944487
0.818610879592597,0.680670367815765,0.762447509595945,0.844800378237011,0.813309138204204
0.164872262394056,0.22988182285917,0.0176775211062193,0.23994686678309,0.970625055633718
0.621038069017231,0.225407405378064,0.582363769275811,0.509368114362343,0.582056588871637
0.875802122987807,0.556168443436036,0.809065878224887,0.848588481750747,0.856768891826505
0.441839284962043,0.847219313756796,0.352859614955672,0.20403784496433,0.221527255169349
0.849677126854658,0.260517223825445,0.91227069102745,0.510894381537633,0.0486922294076066
0.0572546455077827,0.547994222753914,0.262297995323605,0.227295353271568,0.521773335320177
0.518143993569538,0.253258994518546,0.170697342675191,0.737965125582002,0.763540414831368
0.452553232898936,0.151707916433224,0.684071640349872,0.491138852481672,0.59261649378459
0.0648942105472088,0.935577441501664,0.0142138443498965,0.00747860925584431,0.0221883830090519
0.992169809993356,0.862990079884185,0.984376445490692,0.941122140004801,0.762715689575998
0.581042182166129,0.833240107778693,0.433176891779103,0.651905922872862,0.398380444705253
0.979304553940892,0.671935005084379,0.970156746699893,0.881019423927309,0.938341465283884
0.793959200615063,0.349125248059863,0.91537146436083,0.518712199797491,0.0724338033178356
0.000945270527154207,0.204969039274147,0.230472692820144,0.377017080461694,0.999177634454099
0.0321262497454882,0.0199935553537216,0.368895577604532,0.887315787062442,0.904637489496963
0.415392922703177,0.118850305007072,0.500834732059813,0.524161877796159,0.6919086156704
0.273648966336623,0.221329265012173,0.878042506743742,0.439813926253432,0.608703812671592
0.255576010793447,0.938764222519239,0.061260082977404,0.0364654454808324,0.0652456466050353
0.236609261948615,0.280721540126251,0.665032331672135,0.335839565681047,0.571538164542289
0.364621347747743,0.390705069381511,0.238040137475209,0.442639292999152,0.873027389665367
0.195357819087803,0.173639150947565,0.695156690272124,0.180899774559758,0.562537404504837
0.403447455726564,0.966720988712041,0.185277305197826,0.0599708668908514,0.190573522966588
0.733994413167238,0.313347958581289,0.854173581031964,0.59562108563666,0.640602128376486
0.526853038696572,0.602235857833875,0.543132003633064,0.418680245665757,0.618762019235874
0.23083718190901,0.58512507690466,0.570835897647039,0.242719400054128,0.377206369681517
0.761394759640098,0.548795154172694,0.728228867271405,0.730303205660745,0.632695085107116
0.872631910257041,0.551809037249768,0.874938042987062,0.779369469547554,0.887875257321866
0.0168867281172425,0.997728628950426,0.0141477721314188,0.000702152543844343,0.0143596442940179
0.731223443057388,0.0580226904421579,0.728346688664647,0.171694219266796,0.509720932255732
0.881113276118413,0.831222200969933,0.81796074323065,0.871452556891812,0.658739741047611
0.117730121128261,0.304829932254506,0.0884704848602257,0.33061181538658,0.969405286799883
0.784077321877703,0.137489822838688,0.623376308655655,0.700922862612656,0.598835958255222
0.792390795424581,0.159953917231178,0.721854020012389,0.567231250113909,0.417046552785905
0.746017759665847,0.817292803461896,0.635648339683752,0.851175955931372,0.610262275120476
0.622717089485377,0.640598870202666,0.600063097310298,0.543158943823398,0.269209417077946
0.299356260104105,0.797732003702549,0.217273957383668,0.142023589799617,0.248031639115652
0.439877322409302,0.965064317424549,0.255213056850565,0.0621519900556399,0.210319852951216
0.28639019979164,0.752170712541556,0.145647329722554,0.186790119228178,0.0347378189035226
0.430374077754095,0.849903485301184,0.352427534721439,0.0754752800809131,0.222993756848155
0.642622051527724,0.576952242437983,0.497226862193009,0.811823061732127,0.381396991870133
0.704436896601692,0.835881581209833,0.559620410242787,0.829243460438016,0.575083092990099
0.945736915571615,0.124425396759761,0.972172152554295,0.452520309460837,0.101205597136868
0.172257856698707,0.110837364074541,0.907949226710212,0.32549620290422,0.29118939730688
0.528603951912373,0.878310485713882,0.40451236041605,0.193088826382828,0.230876105575589
0.702786744106561,0.544618570915191,0.602361887635233,0.84617308504538,0.760045888571767
0.509203915251419,0.818342421523994,0.397364078478266,0.332835522784407,0.457803036057157
0.34665584936738,0.934657965408405,0.183727530650675,0.0538662839848243,0.184334479359677
0.944091629004106,0.680486808094429,0.910357405196576,0.883081136360309,0.882546872919193
0.343087512534112,0.971098596142838,0.155129557160225,0.0423527955189358,0.139950146520277
0.435705961892381,0.892795956082409,0.292558499690195,0.103635219135962,0.264099821710261
0.259696751367301,0.216115451505175,0.892392070941084,0.411022739619529,0.429010057967389
0.669637544779107,0.835592051589629,0.559430123641804,0.571911306692995,0.474374535464449
0.872785580577329,0.951412126858486,0.739113511378064,0.968760488698013,0.671815572917694
0.164139838889241,0.304227548389463,0.458171440705655,0.0507578295272633,0.880614922294626
0.103214618982747,0.151327728090109,0.165240151687969,0.768077966225395,0.943639353645267
0.989904559915885,0.173416271310998,0.915550358604312,0.589979342295,0.018733329285169
0.698935064021498,0.553390368790133,0.79612842700268,0.630941996673282,0.702413133956725
0.918176400708035,0.649920915457187,0.916833684643966,0.798355556793641,0.598534153628862
0.900168476859108,0.468676053656964,0.897217818969318,0.703739067877919,0.25767573187477
0.494359030853957,0.00889384650508873,0.514682879925663,0.361724232461575,0.804436886537587
0.839575134217739,0.283765124419006,0.721987370297894,0.716902565214071,0.309340212057577
0.501272497000173,0.865061608928954,0.429425063684001,0.186679105835239,0.297322323342087
0.37491467432119,0.466435388050741,0.189077204089321,0.440831796520708,0.72931592274108
0.314717180095613,0.0270538561453577,0.942096430053721,0.201313117569721,0.23090854511247
0.534568889532238,0.265423773875227,0.797729311638598,0.516557200163502,0.405108825856587
0.78107982641086,0.229439731658204,0.880802579674311,0.516031839145476,0.222926988120889
0.188616313738748,0.752115764218615,0.0308784973950717,0.052722797717217,0.151273417373886
0.747642600443214,0.426223982620286,0.723888587025904,0.694383950345042,0.417784015910001
0.0598982388619334,0.0693250682961661,0.805350354743138,0.219359181565954,0.537236266158288
0.354112894274294,0.235918537859106,0.572293334680501,0.478525519070915,0.551015126489801
0.0699343613814563,0.862555736355716,0.0647238280000056,0.046915475978374,0.0293966844037641
0.857405405724421,0.10884357788018,0.32686681559168,0.798859137810669,0.803641297592549
0.967987255193293,0.890840457024751,0.925811740648929,0.971618363903011,0.952731464494718
0.718875078018755,0.650567481148755,0.756224366012512,0.55086071882336,0.209516515926225
0.23156450339593,0.679138335312018,0.0290267499266563,0.0751059945037191,0.0411032303527463
0.686482274672017,0.585708102473291,0.487412774586711,0.911540834587099,0.276062718738103
0.392706505954266,0.569189734727843,0.448805357015511,0.409439937379481,0.437385261437157
0.39922621101141,0.161539715219988,0.501318219312983,0.478194411439105,0.657441522314912
0.0332143281120807,0.999637637316482,0.000889100409870613,3.22572818322758e-05,0.00265870682778768
0.0225747842341661,0.540183323289966,0.142528111761992,0.218610859420552,0.570713249879191
0.0915281441994011,0.65479562690598,0.193333670497996,0.12590935548278,0.492704572941875
0.57820130744949,0.807861653709551,0.473299824115851,0.425480868399455,0.456128733319929
0.0980037273839116,0.316818951367168,0.0324570998118478,0.228507971365683,0.952103432704462
0.25929453689605,0.683232374576619,0.072880680424407,0.137011097536714,0.106743056414416
0.167309163603932,0.402868060657056,0.0390815716126617,0.223850703150105,0.760240582021652
0.929301918484271,0.397696538391756,0.933262120001052,0.712676816146593,0.638987995771458
0.55227984697558,0.480450453615049,0.493283976624593,0.678548497314776,0.193502883979818
0.0952137841377407,0.467738972714869,0.335380599122615,0.406544494309977,0.50690776357078
0.920363016659394,0.838990341377212,0.854292718071092,0.94265511582868,0.87581314650015
0.00449219113215804,0.787550390203251,0.052466991769385,0.0426579426303174,0.0361270940920804
0.815348977223039,0.827863706246717,0.715630383333357,0.894393929074923,0.69684166929801
0.103207094594836,0.279140300379368,0.320102299008838,0.450002493694013,0.900073096825508
0.140891467221081,0.304659337241901,0.070105696014724,0.396975821686111,0.914471611467889
0.421575300162658,0.343178747367347,0.455028775305454,0.453142564482449,0.494766621763119
0.204937191680074,0.398404639709042,0.210131853032679,0.530895288786896,0.753062976844376
0.170841939048842,0.237727875442943,0.377179321810743,0.38208426888387,0.838826644496294
0.911365304142237,0.130472672724864,0.916934079695718,0.436497972406522,0.0335510094009805
0.0672754633706063,0.674252402648563,0.0471495917210925,0.0936405607790221,0.0498198626155499
0.486895699519664,0.354531520541059,0.909514740849495,0.561586955517499,0.27130407068762
0.494876968674362,0.0191610479087103,0.726389718876357,0.0997735927337824,0.587412801367464
0.0789967933669686,0.31062251367257,0.448942965077256,0.904192546122475,0.451884303678526
0.578287784708664,0.751425957336323,0.406841725965093,0.685093653377782,0.425094768899726
0.331824073102325,0.273224100790685,0.349149873738975,0.548907636819274,0.828619568288559
0.257814855547622,0.30905265462934,0.218035410304468,0.610361481879262,0.739695676747942
0.775777829810977,0.730570049461676,0.651686829130265,0.905079353434884,0.709434062679065
0.341873973840848,0.719619199895533,0.330656223740224,0.179400999645726,0.322876141784946
0.997882249997929,0.792565043695504,0.995489329767917,0.943858901723694,0.924396951362723
0.563462106976658,0.961103568522958,0.316288615638994,0.210717750884899,0.31110424749204
0.962330080801621,0.176809079741361,0.752257725189584,0.768818671380931,0.287058272428112
0.957197225186974,0.384653424174758,0.982126001351493,0.671341342631958,0.231529695534846
0.0523464442230761,0.582743878621841,0.00534396646448193,0.0234279976445493,0.105416861973936
0.838988241739571,0.716293216595659,0.7586047824962,0.892667010548705,0.786603362736059
0.859502627281472,0.296857370325597,0.949921809460728,0.571307638962958,0.232106208597543
0.526203693356365,0.0206429733370896,0.57029009678868,0.276429564935359,0.737527690507704
0.729659321485087,0.286029874201631,0.536640621102318,0.797385480225497,0.483335657656426
0.217680224915966,0.657424611825263,0.265309552086061,0.277657260683177,0.0943529449577909
0.629118581768125,0.318371656670934,0.502440327049166,0.4483714536319,0.535292374755954
0.0969022263307124,0.38461696615559,0.260350851651103,0.388443837974783,0.836653165024472
0.0711211217567325,0.508748500113143,0.330307645320269,0.333688148223025,0.291470010794001
0.442344786133617,0.612764825258637,0.338877703220554,0.436652752317596,0.71972551647923
0.803422227501869,0.630073681852082,0.813434387075105,0.705105468903644,0.643419144762447
0.178361037978902,0.225959649396827,0.465524503461382,0.532546697205926,0.664154453523224
0.590054457774386,0.547296588221798,0.704576519997713,0.422377947056088,0.178158748400165
0.149299318669364,0.499862325115828,0.48044526459232,0.144155447248225,0.762220781092765
0.954668101388961,0.79469114515814,0.920646208922763,0.917058440712388,0.845041934662731
0.391069539124146,0.0459830295585562,0.08440835698331,0.900955729850799,0.970520013448549
0.554090792546049,0.532536033162614,0.479800759228038,0.695301021847573,0.90889508210239
0.632037076400593,0.0988240176520776,0.368953828919816,0.809328900859469,0.791287044965429
0.0508765992708504,0.501299202936934,0.195741053960386,0.273130010682118,0.616631840908667
0.230561242671683,0.747396057966398,0.130001386287064,0.173287707836614,0.0408911641279701
0.767987822880968,0.794112044182839,0.685059855716141,0.796368995639689,0.694604084681487
0.300592241808772,0.245237049966818,0.900741812349244,0.380644465976111,0.252802825794788
0.394489214522764,0.218024508241797,0.271858916224882,0.623456290265123,0.837173594889464
0.840165010420606,0.481172816100297,0.818706514009038,0.793674362176668,0.979576528392499
0.0645657726563513,0.304873435961781,0.130997327870532,0.351184166166519,0.989826409058878
0.413263522321358,0.534153767948737,0.444626277057636,0.807454583345787,0.291399712179555
0.733495301101357,0.977846078603761,0.545801634901499,0.297353453113876,0.387907209253171
0.719600110314786,0.394101160374703,0.53503509955023,0.845466037696999,0.0972680158156436
0.208113574190065,0.760979673796101,0.197396445118611,0.15152274967392,0.1353659715096
0.625236843945459,0.592291795270285,0.288738517473964,0.829141694990942,0.495500932243885
0.0995636368170381,0.310359518072801,0.0231411979942832,0.210761583793446,0.935258691984927
0.532376140821725,0.59658607406891,0.489336584200115,0.501291382448024,0.369013567309594
0.109810039866716,0.451964883395704,0.168466524136271,0.335306240330531,0.69627091739676
0.693567161913961,0.569231709669111,0.545311001715573,0.946734224389142,0.936367329530185
0.175927241099998,0.18086738573038,0.672095657100794,0.471432326954981,0.57059970885166
0.758167199091986,0.718502799019916,0.784257486495238,0.686017300568606,0.475378520291997
0.510941260959953,0.00187157109030522,0.997162266604418,0.0658605487823393,0.0306425404560287
0.124025215394795,0.393723958666669,0.206271966960591,0.354992231457805,0.871815930033335
0.223220936954021,0.168178038467886,0.226623971017811,0.574840520630578,0.91662672869279
0.600412682862952,0.256618976622121,0.684151735408104,0.452686630419183,0.304460170940729
0.285891824867576,0.0197989071311895,0.350362588200571,0.445552860995226,0.896305115689756
0.752081241225824,0.734191943862243,0.681592083121489,0.797724215176289,0.588650295307161
0.808054970577359,0.823792561859591,0.7055655892731,0.886930635929476,0.659324928681599
0.776047819992527,0.127150939923013,0.38771891259467,0.647013761985411,0.715547123196302
0.681167699862272,0.53083847623202,0.886901927007898,0.586884963274444,0.013853457494406
0.0890942655969411,0.229795359395212,0.509953466616107,0.381822957221925,0.751281445409404
0.356363800587133,0.645760771149071,0.182239645892006,0.330667776368495,0.0796169095265213
0.2034038414713,0.977456734777661,0.103496590339173,0.017317310409569,0.0834859691385645
0.456292207585648,0.569482278282521,0.305206277825841,0.764685118265864,0.00704089846112765
0.185429180506617,0.120268169703195,0.0811503136448716,0.684040708535455,0.977346891915658
0.965902179013938,0.560846006061183,0.957996057933422,0.803505784529836,0.504836735111894
0.700958925066516,0.641807195468573,0.591513421099104,0.742795879144627,0.25168860759004
0.553808039287105,0.152833977452246,0.757939967263638,0.410884105462325,0.43282464260119
0.818900657817721,0.237922628381057,0.752665032401939,0.761502411832192,0.503284160076873
0.989207579288632,0.0134313617891166,0.709514667692588,0.44612989703657,0.54082105201087
0.14190219482407,0.18149229165283,0.331787014263569,0.492677078415655,0.837516784580657
0.151188459480181,0.153529220580822,0.969524204017573,0.47334576398413,0.313701909180963
0.0290258675813675,0.0331331879424397,0.620466742237086,0.218884091487976,0.746376103459625
0.612822734285146,0.623144291777862,0.45609541454754,0.889035834065487,0.300117188337026
0.249766954686493,0.951932179421419,0.17008623732411,0.0396442331298066,0.116104938118951
0.763773463200778,0.0103435135388281,0.725873907668332,0.160495694786657,0.602925452956697
0.739636581856757,0.803535598010058,0.650108072141882,0.757394025033128,0.60884882407845
0.94612057111226,0.465034293505596,0.962180667993063,0.686530242501148,0.0866168993816245
0.813913576770574,0.729517302446766,0.735012680095913,0.873602434690719,0.786310436116764
0.843908794457093,0.017996860522544,0.560337370114534,0.333803191793165,0.725330680405023
0.394413276575506,0.217581070988672,0.0797395324786374,0.51723079738277,0.915124442166416
0.424222436733544,0.729996486421442,0.417220227790121,0.205555132806777,0.350829936942318
0.802758608246222,0.957092673255829,0.634371227423655,0.889341238227694,0.537415165541461
0.0542923859320581,0.0518255430215504,0.517784935732686,0.361496162315904,0.774473966186633
0.173820559168234,0.59093594524893,0.192377547286034,0.159013282937081,0.846757263381733
0.078290494857356,0.552946460229577,0.337704688833199,0.0998899626551446,0.911278126615798
0.969967251177877,0.857796518044779,0.941326470656726,0.945865078494027,0.885468756518094
0.681456982623786,0.623440419876715,0.685215283931021,0.636727512807273,0.597479367075721
0.249324116623029,0.0667873194615822,0.450925539947897,0.324847654406984,0.807959485071478
0.12466082512401,0.884395356784808,0.169421758206333,0.0481176391422488,0.0995211167901289
0.562046113656834,0.240489779302152,0.40746734784244,0.562840916133959,0.644282191729872
0.615635948022828,0.915231078310171,0.38266072652539,0.486610450797525,0.341735902562505
0.0994353995192796,0.44167235904024,0.379349973582308,0.433227116637529,0.816474427847425
0.857516155345365,0.555704388447339,0.862339629194119,0.760797174012916,0.872592764353612
0.295758637366816,0.374913579580607,0.367394953032494,0.370479123224151,0.82457886703196
0.720800729002804,0.80392331755138,0.61729942921066,0.814540068410223,0.562940554198576
0.201657781144604,0.727745449024951,0.342811983784209,0.0663406360599625,0.437034758826485
0.203498932532966,0.119065696810139,0.181580329003255,0.791897198714715,0.930179312446853
0.342078815447167,0.575752263102913,0.0373788986968134,0.0905022807852331,0.699551789410179
0.579172160010785,0.587403183599235,0.299422010831371,0.697154121149709,0.965286760445451
0.0315844155848026,0.439708465681178,0.067587181557569,0.219928498066092,0.927075136540225
0.694022659910843,0.843880835018354,0.534362517531142,0.838369812781932,0.586917666747468
0.7380291512236,0.888182466704166,0.501137493204658,0.9824979665314,0.604157614143332
0.107661543413997,0.228980985091766,0.172478325995014,0.873276557374116,0.856959085533163
0.55722690676339,0.0781335402571131,0.661579307608039,0.354863226039139,0.553474020882277
0.574306190945208,0.153428803576389,0.733229034767156,0.384181039131346,0.407727708778111
0.652977518970147,0.649150880839443,0.461908445724309,0.848157400315935,0.746176027780166
0.079464107984677,0.578224140481325,0.448504019122424,0.119383508381754,0.0637502217723522
0.807326174108312,0.884668771730503,0.69139422432341,0.864311295775812,0.591456129826838
0.629488312173635,0.379803842952242,0.542966705566956,0.776233549290697,0.356797797459876
0.273667249595746,0.116443955193972,0.98735978321121,0.352267851612763,0.0989848668396007
0.237001156667247,0.670356991555309,0.287778024722049,0.180255229935588,0.285175738710677
0.644832755206153,0.0194372328405734,0.651884324515392,0.311946425838786,0.676493755105184
0.927504363004118,0.404343655711273,0.925169092008137,0.716445620348931,0.413292473560432
0.678570617455989,0.695613689458696,0.694258138974525,0.473964784708209,0.214480318216374
0.749653345206752,0.533979273313889,0.66858669014127,0.761072665089984,0.192412966192933
0.942751833703369,0.420285553234862,0.95636163885535,0.747465568903352,0.975917244766606
0.985527592943981,0.35319340848946,0.978591658807396,0.702985574569147,0.0586543102690484
0.144988880259916,0.00499471175135113,0.745295382296925,0.0743477213055371,0.655548330891179
0.0691193705424666,0.455581210117089,0.081473307436449,0.322195099822058,0.318595672521042
0.55711723305285,0.266180961596547,0.163238737577814,0.707086923670555,0.764889693091391
0.148853117600083,0.0609746693226043,0.164630598106334,0.929309615394664,0.956973909953376
0.408933175494894,0.400350297481054,0.31839615874895,0.516846086970542,0.850088010687614
0.712874217890203,0.720433212205535,0.667716489345397,0.354228174874198,0.205257878376869
0.0345085754524916,0.199835992389126,0.117058994949713,0.535162714282877,0.987678912264528
0.264664245536551,0.0734713744313922,0.32510960046117,0.8605917960354,0.873486391705228
0.31671966984868,0.898640716593945,0.198851110765655,0.117810873845181,0.11559694292373
0.682217746973038,0.46124906881596,0.563446942863994,0.849941596791453,0.489825709228171
0.45986350113526,0.904654218436917,0.324921500898031,0.0576122729665206,0.267903092812048
0.81249889684841,0.874630628881278,0.713762363176293,0.751207818761456,0.528405932389433
0.951735050417483,0.220953961688792,0.801840145809668,0.747696328890221,0.261183278489625
0.237897790269926,0.703512100531952,0.0474315874538679,0.0822270550503054,0.215208944428014
0.543677468318492,0.650468211766565,0.565307965664785,0.220843259192225,0.405112621752778
0.391290194587782,0.0160357299901079,0.837564451487492,0.140902841675857,0.466215778811602
0.908933217870072,0.245335407933453,0.975457737487468,0.535790663477124,0.0790511983504985
0.801434387685731,0.133759344666032,0.511722898375913,0.453175292294381,0.70981315485551
0.317764485487714,0.169064949470339,0.744096458209988,0.4524077638358,0.477331729111029
0.0486770381685346,0.595304623217089,0.376814517797457,0.0717697565325187,0.468454694171669
0.277586251730099,0.48726575364708,0.0954785274587303,0.311861819214535,0.55164105919539
0.34999560774304,0.56404238610412,0.523951138422503,0.422855013146278,0.472321963956347
0.133190853986889,0.410246241284767,0.472845275024977,0.617823470100995,0.119197654392337
0.554387295618653,0.371427935810061,0.646808688197115,0.442468896392544,0.738951263920171
0.39589772792533,0.1835978362069,0.370722719617477,0.598545705683135,0.703551460319431
0.429453470744193,0.175301945040701,0.771431151544211,0.519976987759919,0.402446365595097
0.947234546532854,0.781313409650465,0.909505700132404,0.912721558243427,0.860378877638141
0.23357604094781,0.224981961218873,0.122734484301679,0.74791004403931,0.8837195833039
0.948689744574949,0.170685123157455,0.717181000822168,0.807849078822025,0.369212337391218
0.497463941574097,0.924578345991904,0.36222972247797,0.139397695161933,0.262799827585695
0.886058547766879,0.792063399538165,0.795809088536824,0.943962850917778,0.889020502014318
0.12029451597482,0.0663570151373278,0.228317436883897,0.892093141987637,0.935868936154293
0.257012606132776,0.537350877799327,0.079594846278642,0.275761483852651,0.0546333977545146
0.690993402153254,0.808000470424304,0.657560219438011,0.381480316956007,0.330697542492999
0.619917491683736,0.950365879310993,0.454970265143007,0.224838813713334,0.329913903580746
0.518596500391141,0.0103590528306086,0.184839808750242,0.951491060243798,0.943484917137539
0.636801505228505,0.217385890340665,0.586476798264,0.864394917360573,0.670836966630304
0.592807281529531,0.449942007573554,0.651557496048336,0.543925797278627,0.420289885281818
0.0790957591962069,0.392989049520111,0.26434891732684,0.68008171324931,0.526809721108293
0.33660652814433,0.669526256649988,0.513768349272717,0.402369302180464,0.344243006344186
0.0543287415057421,0.816560874838615,0.0238520084592326,0.0273872877776674,0.0182702596939635
0.577524430584162,0.535470224363962,0.535068961838631,0.446113344099471,0.349895471154014
0.667645539622754,0.406455956719583,0.871441788344463,0.470020613145695,0.057599186868174
0.166015681577846,0.687169077194994,0.17235366319233,0.224949649103239,0.0457392388198059
0.452470048097894,0.983719789801398,0.159908730753841,0.0660923255001218,0.165800468967063
0.920582483522594,0.796179892699001,0.85899912339683,0.923582434692545,0.835573760065017
0.837780508911237,0.947649153851671,0.70005459924621,0.927479485208804,0.603767582651926
0.390417336253449,0.453000222070841,0.287519644009224,0.411918146359906,0.648312833131058
0.614490784006193,0.0431565033795778,0.450502539130525,0.736776790268952,0.783231896843063
0.407646493986249,0.948036402784055,0.273530598605785,0.0767741139514524,0.185186880611582
0.773336519021541,0.825540653400822,0.712143384669312,0.746192657378916,0.55685389143764
0.045926752500236,0.98958515402046,0.0238214729450858,0.00319631097526241,0.0255603759724181
0.739102920284495,0.00748425078927539,0.427233406227426,0.974876707732432,0.815203835983993
0.219516007462516,0.308395684493007,0.181190468252389,0.51327321810461,0.905677146132803
0.116793594555929,0.527920233696932,0.291357654163066,0.203034093425746,0.88027733672061
0.537713270168751,0.991303564136615,0.31283096761308,0.039554284005385,0.259832560637733
0.873558805556968,0.917884548747679,0.744354883387009,0.973055968426397,0.694150930183241
0.429906365228817,0.843713800510159,0.294568935235431,0.335548868559744,0.273160905606346
0.450381003087386,0.106264084606664,0.532190968157733,0.479440839321164,0.735772327316226
0.939723499119282,0.222835174325155,0.95010544354178,0.558566371819866,0.0925400508858729
0.800734762335196,0.580369372182759,0.797665920562504,0.757020603756482,0.833846500754589
0.162820365745574,0.163303467590595,0.0262284186835481,0.498913635790634,0.96937266094028
0.966601674444973,0.591268349002348,0.961386966591347,0.828888289163043,0.920436401705956
0.434248066740111,0.247481609956594,0.717190770204942,0.528204075475077,0.463670589932008
0.963451159652323,0.712572746590013,0.953322396397541,0.850954024612584,0.64995316506247
0.103906507370993,0.625768301397329,0.23557796851284,0.140306813681231,0.430218016466824
0.553453120868653,0.960266771755414,0.3044824604798,0.283030772562103,0.247961927409051
0.539284329395741,0.716624381806469,0.438300618042747,0.694365959546318,0.314025356463389
0.932772482745349,0.851544777135132,0.900711296937439,0.876434561950713,0.636434107116656
0.601473369868472,0.627645378612215,0.703648021473661,0.446308033949387,0.386198168358533
0.075678842375055,0.0416235270386096,0.830744607766918,0.120084794424973,0.521198463713517
0.0541700005996972,0.219378804409644,0.203547088844,0.635162506956931,0.950929160782835
0.679931320715696,0.707194792019436,0.680871185052315,0.482834422526988,0.424678913113894
0.769093445735052,0.974596142565133,0.579505366543634,0.806933333802044,0.499858715658775
0.706057879375294,0.388169336278224,0.46768164360722,0.904021132002539,0.984576295741135
0.449510557809845,0.187745095667196,0.847093189925654,0.362625247139978,0.448391376034124
0.120241330005229,0.940061376109952,0.108552025302307,0.0292802038033954,0.0907702982949559
0.95862830709666,0.888234666228527,0.927109404085286,0.92922712570237,0.721866738429526
0.216343214269727,0.570310794835677,0.0191283972447028,0.0658222296136541,0.410735225625103
0.363160801585764,0.349583359347889,0.110489409880327,0.403705374597664,0.762740363745252
0.116161982761696,0.728376644401578,0.0710587581912121,0.111609635095704,0.0288358438701835
0.356670269044116,0.97960024033091,0.166088537095913,0.0371319465009163,0.122014357388252
0.0195108959451318,0.602180100191617,0.0740956054804403,0.121453523781481,0.637695063633146
0.510979000246152,0.643055684311548,0.447890887834743,0.717415596759397,0.307093446463114
0.639934845035896,0.823184178472729,0.36567917182582,0.846795811740861,0.469110943522537
0.647060231072828,0.879892946482869,0.505064281217548,0.454880762097013,0.438765375962248
0.627426783554256,0.456482169713126,0.449600162512175,0.787673423984966,0.0224763490550686
0.345456288196146,0.914441783883376,0.252224299130672,0.0777413396075804,0.194836014037719
0.975508058676496,0.425534014502773,0.978599680490759,0.732117693965616,0.322353069932433
0.695611739298329,0.24418962202617,0.45750062684404,0.966913147951353,0.631639168626862
0.898985911626369,0.00977471043006517,0.221030415583686,0.890269005590232,0.914448624389479
0.212223676964641,0.141959008324193,0.971446835715107,0.363248973079716,0.0292708687193226
0.974041955312714,0.897299035364995,0.941329934787097,0.967176739942744,0.919545642536832
0.505659204907715,0.653246588335605,0.230119496733763,0.545300377582539,0.427268367464421
0.314145946409553,0.859526732325321,0.153608646423629,0.16156021229766,0.108832758181961
0.949274291051552,0.606249924137956,0.94855249319114,0.817472380532563,0.788515774387633
0.473704454721883,0.0488452370336745,0.706639633940708,0.0570749523735921,0.556218772690045
0.76456058723852,0.249776779412059,0.850071216629494,0.512481162905297,0.319329528225353
0.223621515091509,0.0159347379521932,0.548520870048614,0.0273787036633486,0.765152416104684
0.329325328813866,0.491088298760587,0.264044076589338,0.334107091968777,0.749325470795156
0.502162581309676,0.298888233752223,0.756378975767528,0.495521875410247,0.223206051887246
0.833040371304378,0.125163552846061,0.4121053859261,0.850623807886986,0.606797949789325
0.0767557143699378,0.0333633144327905,0.933289340657971,0.196255669051292,0.225653244153364
0.647217420861125,0.151807091926457,0.980307741296429,0.449600534073712,0.273297705483856
0.970087311463431,0.88528619214776,0.937996680305251,0.958119881114102,0.901606574858306
0.935421119211242,0.785017958638491,0.886959673413652,0.922298585052169,0.908853624277981
0.611619753530249,0.718514167674584,0.527748265299324,0.873733623447211,0.816334839531919
0.453637299593538,0.683940933580743,0.536106585270119,0.52289474332121,0.435759092652006
0.757921789307147,0.942281058843946,0.626173030879858,0.500883882546295,0.453670228162082
0.177678311942145,0.611118573782733,0.396754561477729,0.102224706558468,0.600057654519333
0.265646434854716,0.133216390531743,0.425819522276336,0.301167082045963,0.834146462992067
0.563280650414526,0.220396859542234,0.465166541155793,0.725715833132783,0.530989239719929
0.878024416044354,0.820528390438994,0.833925907824665,0.827743786380243,0.608362147089792
0.0250033584889024,0.26177668836317,0.162578863251511,0.370580332384628,0.9932297047053
0.707322199828923,0.737315132777439,0.609309636939583,0.797078510406844,0.564850656577619
0.474423062754795,0.540643008804182,0.466959501081029,0.692610335134613,0.204065009223996
0.0369246150366962,0.638104877114529,0.033742492970374,0.0656496884353891,0.340543108206475
0.111801637802273,0.719924978999188,0.111190196018014,0.124073514377996,0.135331267578295
0.588065787917003,0.747112946497509,0.474207973303461,0.591370050220809,0.342235828313278
0.91204135492444,0.774541047721868,0.847013998891258,0.926930950553897,0.911567940638633
0.886836132500321,0.588764823245583,0.838509320594563,0.830947682288752,0.715304787707282
0.940744100138545,0.584394308767514,0.936238500659085,0.798649861655998,0.85907432725071
0.322697572410107,0.606083248363575,0.374742904940078,0.238993349021823,0.29793015224277
0.651910764863715,0.902360573323676,0.412135458785056,0.757839169632846,0.363343068544054
0.687234562821686,0.402583367569605,0.418258450264902,0.96018529244078,0.359965671523241
0.293009535176679,0.113655721856048,0.609307578085482,0.278309494147332,0.710917359421728
0.294878088869154,0.724897924956167,0.368848358822036,0.239400854010995,0.376010141713778
0.905542064458132,0.0445632456976455,0.310165185769168,0.996453892770488,0.83191022297251
0.73069813917391,0.228520559932804,0.930345680993525,0.536797574181627,0.414258798147785
0.724889708915725,0.36136084314785,0.830388169295955,0.580707050935372,0.544892371370224
0.448173335753381,0.576226708915783,0.47735482903425,0.391707328879828,0.135505116573768
0.795695292763412,0.931604246172355,0.646756741290008,0.846561777241467,0.535576215275796
0.413034310564399,0.289143900183262,0.519330280615306,0.819174843295086,0.551077057927614
0.809735366608948,0.54902476692223,0.75165711878743,0.814188071396613,0.691341026424197
0.114216563524678,0.257409048586851,0.120418210037146,0.503185146598703,0.953587535681436
0.762276444351301,0.56603850479587,0.630323322273878,0.926879180347966,0.777192135428777
0.552339415764436,0.655913913069526,0.450094245795228,0.698058168130961,0.460631797352107
0.33921844442375,0.0669776703289244,0.18396836497809,0.891166992339954,0.936774066911312
0.13269525510259,0.157382603880251,0.51863451041478,0.450753266536007,0.76203978722333
0.237491718027741,0.380887206789339,0.478861246428053,0.355816640397267,0.459101731044939
0.691949340747669,0.165771620784653,0.790456186147477,0.497707323093379,0.318708252481883
0.0150970739778131,0.323056960158283,0.278374532364643,0.822796894916928,0.71259556649602
0.848470241297036,0.373501215683063,0.929603969667243,0.62758643202531,0.438736801414052
0.86407917435281,0.218460677744588,0.752888890958332,0.508233761716789,0.0559523967385758
0.203414377989247,0.977329028683016,0.0684084995301912,0.0144606027440765,0.092445272981422
0.487398595549166,0.626704092457658,0.442946725264282,0.646852008629774,0.706388191290898
0.106158627895638,0.454609153763158,0.438352285171613,0.0745640043362957,0.88839092021226
0.202807639259845,0.119920736033237,0.82591794275162,0.364767065906669,0.477190427860478
0.360686417901888,0.419147443404654,0.473649805536929,0.61345946170613,0.378885169775458
0.547012752387673,0.982501726684859,0.300724581710148,0.123585690837517,0.252757004083833
0.893484973581508,0.969489646813599,0.801530901637411,0.880525775818732,0.545917175273644
0.366142146987841,0.609251193905948,0.543195350787657,0.136128582474249,0.141107319941511
0.0425562644377351,0.913964009872871,0.0568660979932086,0.0275194494463674,0.0128341944946442
0.499850743683055,0.412498768739169,0.507411664626425,0.211638231894048,0.21249483290012
0.645261585945264,0.497538207826437,0.52695587874151,0.849813070309618,0.769587533170125
0.064933983143419,0.966586996946717,0.0184357521709084,0.00615890020759976,0.0175190444278996
0.194688034709543,0.805457493086578,0.165725572235701,0.0949932836653661,0.176748473051703
0.310892817331478,0.121139577851864,0.405416686443688,0.500917912617893,0.813739270408405
0.999302179552615,0.298720674734795,0.998824351121685,0.712773678133174,0.00831557859783061
0.696749464608729,0.637501368619269,0.664082827849117,0.566431548535804,0.323531799338525
0.143414421472698,0.671362844557734,0.241648981362953,0.200921121519915,0.253596790280426
0.0915826549753547,0.948608073842479,0.0428653592932528,0.0137331155982506,0.0408954372687731
0.763630421133712,0.625820690504042,0.795332556966921,0.609519773802472,0.260544234741246
0.622843449702486,0.580069977062522,0.581739434386728,0.803134347586164,0.394409646134591
0.921917546307668,0.913364710781025,0.861385787547282,0.921945439884431,0.691602984355995
0.37817620113492,0.189593147049891,0.669166167388132,0.445950101027806,0.523560707020806
0.874448321759701,0.864324041671352,0.784114322178024,0.903974483038003,0.676114049187163
0.214431585976854,0.903388437611284,0.166437529904484,0.06570154182429,0.102540842810413
0.0656565185636282,0.748772076127352,0.0534658936242233,0.0749923611635329,0.037218020966975
0.395248268265277,0.477667954663048,0.363968704103193,0.670046726600919,0.395748623035615
0.269722455879673,0.24911660599173,0.162176944153032,0.647397868865856,0.872238800133346
0.583070682594553,0.341314953548135,0.582148317353153,0.712628831893519,0.0610732509812806
0.0901935868896544,0.722251128609059,0.114094083738177,0.153862437518544,0.027384777640691
0.106690682703629,0.323306993610458,0.582553412186605,0.279965276075439,0.756819124653703
0.872382339788601,0.254231927538058,0.252436414518871,0.934446693761923,0.504960110323736
0.82172888587229,0.199103589664446,0.550617022802697,0.918391127827924,0.497037584980717
0.416007651947439,0.135088907059981,0.489683445491079,0.853365934580102,0.623584701592335
0.847110172268003,0.319090516160941,0.857737989269779,0.626141278958685,0.250195789238205
0.235685882857069,0.212295571953291,0.116236034558293,0.616789566606114,0.931614155153511
0.0167142837308347,0.286425794154638,0.635114396934289,0.153368939338606,0.890553924342385
0.94703710405156,0.898640908912057,0.892921806052668,0.957443861682089,0.852891728485702
0.939422883326188,0.554550626286073,0.921536583239935,0.818469476978986,0.935317181661958
0.767121972050518,0.287514187250054,0.706187332548655,0.711791406747926,0.455288314115023
0.379871516488492,0.43161436446826,0.221707486162193,0.488204426898779,0.617916187358787
0.65682406607084,0.648983497783775,0.645280877038286,0.552094942756884,0.341232945764204
0.97345897811465,0.613143557362491,0.95562847331745,0.871251266564568,0.962129326857394
0.68053227616474,0.305216224136529,0.679196820985997,0.653313245618307,0.218060001701815
0.194108319468796,0.649231499090092,0.200507691565753,0.192203676338762,0.529510675201891
0.0527830272912979,0.0919761659170035,0.122168852713074,0.786728231299975,0.986037256050622
0.680584956891835,0.665557763742981,0.561381939778816,0.88403041583106,0.859633105894318
0.725283629726619,0.997693337587407,0.454885466321135,0.340220312155782,0.420114320964785
0.565695591503754,0.0694060820678715,0.403635098443443,0.555267655960211,0.806604178185808
0.0149174842517823,0.531844580924371,0.0279625953114197,0.10678059006287,0.312379507435253
0.237711859634146,0.700823515391676,0.33845455449022,0.155621868463062,0.332368584146025
0.99391418742016,0.556839628348825,0.993242954369944,0.817147956968693,0.570045174012193
0.0355738666839898,0.0253647871722933,0.593836817772834,0.10846629413861,0.776300986733986
0.959695539437234,0.383958207181422,0.923741968650465,0.737004752507247,0.115717695181957
0.908389437710866,0.986629816266941,0.760632278903565,0.997037906520113,0.809183436533203
0.981192891253158,0.763093952875352,0.956662753418415,0.944889371748674,0.988526085246122
0.403600392164662,0.37606678713928,0.632584832671715,0.434226214868265,0.800552433094708
0.611674107611179,0.746723414718872,0.395013769287176,0.762743198277258,0.488676926208427
0.252971899695694,0.0292598382511642,0.658611828208421,0.174054351101137,0.681508008419769
0.640441785333678,0.737500781164272,0.558471424737272,0.664344449441441,0.5049230097502
0.376343267271295,0.947253411955899,0.198909260914121,0.0565161733742131,0.189483558147913
0.057545134332031,0.756978374818573,0.0141347239534892,0.0225338566622399,0.101910986093571
0.125981675228104,0.491671936324565,0.053901513937726,0.184522337391078,0.551843263587216
0.989525220589712,0.614181182609173,0.983488795064645,0.874737929165707,0.973895539616933
0.793662123614922,0.26373336193501,0.571140682743876,0.893593535262099,0.273294545680983
0.531704514287412,0.444369269273011,0.739279960170035,0.472504909461746,0.0912209420057479
0.334842641605064,0.77744856782374,0.110912777806369,0.179442115030405,0.119004026375478
0.238934220513329,0.823817235039314,0.153313208664064,0.103907143911458,0.155881952407071
0.806992210214958,0.436891398305306,0.476608870292176,0.986891984788438,0.091155458270805
0.676360253011808,0.810497712605866,0.546370955974736,0.704176141384341,0.515814406826394
0.729544158093631,0.445778531284304,0.825243903422472,0.598734001654701,0.48073623914388
0.0391933545470238,0.787438472354552,0.000741232069238984,0.00130171307641928,0.0284488813194912
0.34409796167165,0.0459042876318563,0.863077399197353,0.220128251870471,0.409949763707118
0.083892080001533,0.72782085367362,0.00440771893651787,0.0107034098766381,0.0134829868620727
0.490531936753541,0.885997280623997,0.304945221078295,0.322031364095571,0.2596341627941
0.0264878873713315,0.512300161208259,0.24321742922115,0.634867203689754,0.0548006444296334
0.815477641066536,0.144202885130653,0.70571357652809,0.629416441381464,0.446577276423341
0.759237085701898,0.910065508302068,0.597411759338205,0.932574494900523,0.5622125948139
0.608517585787922,0.260946056194371,0.673949620861721,0.570455621578601,0.42400508679566
0.231462184106931,0.739081095642177,0.198200375631902,0.183712571272495,0.115537547011627
0.689282854786143,0.347199602372712,0.319246025278628,0.884721088923959,0.710527935443679
0.480069775832817,0.383180127217202,0.535625436706885,0.780454439052278,0.893198569276137
0.196717141894624,0.0489651134994347,0.625597437154249,0.14420596270989,0.698026244965149
0.0910181323997676,0.454456685722107,0.286017535389119,0.504956621355809,0.231479202659102
0.219519646139815,0.494664886937244,0.02387817121062,0.0927890515946258,0.477939280302962
0.36365108564496,0.547854286414804,0.0407127778216398,0.161030091322676,0.219815215707058
0.438936544582248,0.404369975643931,0.286899350401069,0.511522584264097,0.605241518380353
0.739369437331334,0.899405364441918,0.585356998124689,0.800062710207386,0.488288728782209
0.831883874256164,0.74421803993755,0.717742757638304,0.913219083363179,0.605278867558809
0.550574758788571,0.361161498207366,0.796065419422786,0.443231114160322,0.0347946997208055
0.413356529548764,0.436858855973696,0.119774257406373,0.360965941872982,0.622065693401964
0.866562831914052,0.587145469879033,0.882908022045995,0.697936874800736,0.288513972744113
0.406013242667541,0.652880151435966,0.469238416903948,0.300300057652668,0.00498017444624566
0.0721379537135363,0.878128430078505,0.101090546597466,0.0515817695336159,0.0561913991405163
0.661535752471536,0.527815975743579,0.624690461081282,0.599007355121829,0.494347182131605
0.747920172754675,0.769930764829041,0.652372563463398,0.597304918568913,0.366948785405839
0.155488783027977,0.118765389634063,0.807506167817232,0.159411065953608,0.408885884709889
0.318794695660472,0.741261745366501,0.315580022525944,0.262268703883565,0.0714961398334708
0.377494792686775,0.428523950307863,0.597750175097482,0.365691563981808,0.227512116689468
0.423818473471329,0.723536677280208,0.503857091420958,0.0313838053372214,0.252046731504379
0.973862140672281,0.760712640621932,0.950533923920555,0.925288814330524,0.943726810597582
0.279340951703489,0.0767332615505438,0.843590022050472,0.300667186413746,0.46461736355559
0.433679714798927,0.36614245097735,0.31971596818839,0.530352851742964,0.844415558298351
0.573573329020292,0.822193758183857,0.342393589725136,0.768055717923473,0.32216999787488
0.223763627931476,0.468504149321234,0.212752943183987,0.331776157065961,0.599473020905862
0.39002593467012,0.215936421678634,0.0874263221220146,0.526444028537988,0.907111255131895
0.34483355958946,0.408910470403498,0.244280906264663,0.641201594924138,0.215478681988316
0.86083908053115,0.983750983810751,0.687389317797209,0.980589777170252,0.634374264365761
0.182648875052109,0.480989691015566,0.405244887442494,0.165614775127676,0.879319484316511
0.142127398168668,0.251698733045487,0.286935592037016,0.716816702519107,0.798360742541263
0.990277061238885,0.841582351800753,0.981795251389045,0.940657517838057,0.846240637212759
0.691634283633903,0.952171263896162,0.52856319311767,0.357063811632048,0.395563699683407
0.592103749047965,0.0886713852232788,0.93593895727368,0.359061543394524,0.251489022601163
0.375592747237533,0.88956101165968,0.225190019875742,0.0374522954874954,0.26542802786571
0.362982955528423,0.72458351237583,0.320078559927978,0.196327843801172,0.317411385738524
0.310531050898135,0.121873203810537,0.57312978520728,0.131248147850878,0.694650523160817
0.0559940291568637,0.216375395742944,0.191278970849608,0.519424609710281,0.974690508301137
0.20082073006779,0.333161252638092,0.14199815903933,0.474782402117461,0.809888231538935
0.856757121160626,0.641902368603041,0.824832855314732,0.777648136646563,0.676089304353809
0.457735614385456,0.620624081493588,0.379492887020218,0.476217109728718,0.500031482049963
0.540712501620874,0.154963208915433,0.170728054331303,0.611748678986404,0.909146049554693
0.129052726784721,0.766561304946663,0.105879680781697,0.108761178078647,0.150964883476263
0.198085371870548,0.463761824736139,0.0575796084480259,0.20116447341445,0.775196973030688
0.782612504204735,0.69965899005183,0.554688696253904,0.995618046376007,0.940762549435021
0.118586141616106,0.540604797977721,0.264255198625172,0.23657840721598,0.473755465907743
0.8942026339937,0.979688274062937,0.756877869180729,0.982366000070887,0.68573739551357
0.934555807849392,0.215358811808983,0.779746490785606,0.766687998365823,0.462708748382283
0.776290104957297,0.409123082674341,0.802183436632087,0.574852211666724,0.137713349628029
0.69250886910595,0.0410854768997524,0.561645725579338,0.507312918001858,0.658889189042384
0.476453218609095,0.223136003914988,0.673882444071336,0.460924089389233,0.515451099985512
0.947058943798766,0.65825249106274,0.942650305202963,0.803007721546767,0.478213169233641
0.622401813045144,0.391245370643446,0.0665064532199002,0.404132465460401,0.329545830580173
0.282454173779115,0.419535440305481,0.0913720228262153,0.324730072343705,0.629289310221793
0.673661116976291,0.907908571738517,0.538474226075673,0.334188293691364,0.435333951347275
0.275577146559954,0.0223224523069803,0.900249352654226,0.135071916455679,0.368790053151315
0.307230168255046,0.3662041843927,0.331024490854944,0.394466706969959,0.736378251429414
0.152259867405519,0.122602304589236,0.86671605951784,0.322002787753555,0.378166170528857
0.0675396507140249,0.424758405337343,0.125274030224541,0.274836803328866,0.9602359343844
0.315460041863844,0.268863076140406,0.407181604619658,0.814222167232163,0.596739525935845
0.796372826909646,0.751982622692594,0.714324505961811,0.812247240603526,0.596488847659202
0.229963510297239,0.315803408768261,0.314868105167285,0.498160911245339,0.763480328052538
0.23958593676798,0.594792499527102,0.170387156635714,0.293157426630243,0.281419367849594
0.418516151374206,0.159665288898395,0.820512003141571,0.446901299865922,0.561267187033081
0.97020305832848,0.764291973115178,0.943360543539842,0.928241420247383,0.946170898299897
0.793080049101263,0.622290260886075,0.803282354051431,0.650908057804787,0.250277055805782
0.0822889192495495,0.340195185941411,0.0792181589520443,0.302891525467916,0.977549675590126
0.492448545293882,0.534135125431931,0.102093179992711,0.364401094165074,0.184183095087064
0.221039884258062,0.151744446629891,0.0983713323126581,0.680787788300941,0.961566646961728
0.538191846339032,0.468839265260613,0.636600613215497,0.334698009485967,0.699356513243401
0.607858821749687,0.699064858519705,0.600071474550545,0.428343975427992,0.380405267787864
0.459217366529629,0.13479136271053,0.594484026115872,0.185010732477721,0.662465538916877
0.615479083964601,0.255500845058123,0.467220345892424,0.913910267169848,0.625861366075696
0.809681080514565,0.794553785555763,0.702000754423297,0.900115911119546,0.716339503793279
0.312467248179018,0.384248301124899,0.0872716932360809,0.35391784783644,0.677935085113859
0.641978013562039,0.646222682989901,0.616698231217796,0.596595582029376,0.672511878743535
0.141209515742958,0.241651331627509,0.203291185506587,0.509783517372477,0.912053475592984
0.0468608443625271,0.493958184175426,0.369329810722797,0.41077782186891,0.520777233614353
0.0301540214568377,0.830714758048998,0.0258847059613586,0.0257388632901337,0.0151664500881452
0.441618203418329,0.478176166856429,0.397605056023501,0.595550648527137,0.686411281087203
0.335774680832401,0.566158825677121,0.39036649228607,0.379737905838269,0.467765821173089
0.410117316525429,0.496112493885448,0.412692153895544,0.798584570133267,0.114950336312177
0.261983952485025,0.303823367721634,0.41887705233299,0.693434629685836,0.670208669587737
0.250591713003814,0.0194343179755379,0.697589081893599,0.113766034538111,0.657821453205543
0.762216575210914,0.16439226854709,0.750196124313947,0.468656831252421,0.339525144052459
0.0676054575014859,0.218812155275373,0.0812485867540633,0.419232704673301,0.986252969509223
0.62412162637338,0.723135603679111,0.471275100195793,0.850625698790891,0.579240288614528
0.88215598394163,0.712613721407251,0.804885142974933,0.920448924672015,0.948114486207487
0.173430134775117,0.694873198022833,0.138106390572695,0.158652324984651,0.263431748870062
0.545413877116516,0.8194347389217,0.257206825167519,0.525528680295281,0.259433074650588
0.405991064850241,0.0804960006207693,0.321019649706747,0.891761272725976,0.855870252795285
0.312981331255287,0.0963795002608094,0.239939783311745,0.848290432392829,0.893181121587986
0.509467147057876,0.846940545976395,0.318433692499034,0.370044539611661,0.210723630938446
0.533112966455519,0.199328287242679,0.403281234086244,0.604655643301622,0.709451490809442
0.23953484906815,0.700419141008751,0.239448205948969,0.165602619904474,0.232723486988107
0.134266323875636,0.238567861990305,0.525156079101047,0.127160688124108,0.704613926034654
0.393738432088867,0.970765443722485,0.265864546150563,0.0337282723783204,0.182938070647651
0.0602989869657904,0.733919335558312,0.0281779315858626,0.0378663837680954,0.16982529379311
0.445140704978257,0.616889207012719,0.383454500634198,0.50861717316655,0.211001897085225
0.764249905478209,0.112020158587256,0.726463624993831,0.427752906891621,0.350383042910835
0.23241418087855,0.490812519186875,0.220474946881072,0.558524612274183,0.215354207990458
0.668548252666369,0.407007549452828,0.163164478171109,0.533300686956601,0.529862911469536
0.962814871687442,0.563384004839463,0.950443476606852,0.809968638818479,0.520874582900433
0.485487992875278,0.221261861297535,0.62410277272153,0.372442336060435,0.74607464185101
0.425024483120069,0.977286370791262,0.226965360223186,0.0554924334216443,0.200423607282573
0.671058677602559,0.597369415248977,0.648289595209508,0.486111515756197,0.830719697434688
0.274127165786922,0.00388876305078156,0.986931676493748,0.106293316492285,0.199399856763193
0.717568604275584,0.529660157480976,0.683068504735397,0.795901007532902,0.886397821624996
0.551990677602589,0.979346417385386,0.332736760698421,0.0941625874275783,0.288471531501273
0.149213987635449,0.847338511346607,0.0362629423779316,0.0336209290874003,0.0777154363750014
0.988969519967213,0.73540648384369,0.98311499566712,0.896443649570378,0.811466493498301
0.40482645179145,0.419971573253861,0.348913069520292,0.608990465743009,0.453490627201973
0.581641023280099,0.99035418589483,0.359182376512785,0.0445386136041802,0.271497002540855
0.962718513794243,0.874355938547524,0.923034545342807,0.958302911753823,0.926017569639953
0.0378903956152499,0.675610736041563,0.0390374816878938,0.0639832057415366,0.198382655769819
0.734670773847029,0.353854108921951,0.762164860357698,0.679132520205123,0.572748988313833
0.482727886876091,0.142896127334097,0.0733834111997969,0.622319917552791,0.946648900833679
0.278479813365266,0.259587961103534,0.20557644196035,0.602656082985355,0.875782806979259
0.755741628352553,0.0344688911864068,0.372836821629146,0.558207576388294,0.828588071075501
0.634475893108174,0.839818686508806,0.515240655112227,0.485943974825343,0.449543655937305
0.996864799875766,0.970598305953899,0.988319354697124,0.993887055932108,0.953520534356358
0.859067046316341,0.832866891490994,0.767520821206312,0.911073654039771,0.708699953189353
0.0524631440639496,0.598534121207194,0.0246861937443891,0.0699600881077282,0.193619201803813
0.838174274889752,0.148031914228341,0.85550191900132,0.280787803782509,0.0395016213587951
0.844659569207579,0.914021719974698,0.704343849915339,0.971706033674937,0.6826680113154
0.849985889624804,0.381311502103927,0.879187522801594,0.59081321171578,0.116112235671608
0.790820767171681,0.392779088200768,0.647104647178657,0.875864704683883,0.226764963619644
0.831552119227126,0.881268992699916,0.6874719175438,0.967732994668401,0.717516953853192
0.515319153200835,0.0272599498566706,0.317351634423811,0.936083531263968,0.872982557310024
0.424649716820568,0.056370545324171,0.784629471577119,0.163530742153611,0.518894333479693
0.720288708573207,0.847118394827703,0.612919635012915,0.851606602265034,0.598771578836022
0.423731467220932,0.866108297806932,0.291325872302449,0.173536355809677,0.244096449081553
0.806687585543841,0.261417282832554,0.72932363375474,0.757154740300902,0.300619305548025
0.79154398618266,0.102420960291056,0.713686451193561,0.393813673042677,0.418439302622573
0.287159126717597,0.0431715341692325,0.243016958420693,0.834753908183549,0.925142587948358
0.0424186340533197,0.0142125172715168,0.994206240231414,0.128980222070384,0.172451340098632
0.985581360990182,0.166760703054024,0.993973180548908,0.531612354981843,0.0923753095848951
0.832043936243281,0.83897907283972,0.738297355142468,0.91275694186686,0.721935344015947
0.0860840599052608,0.0786767815880012,0.204858148696098,0.858066364633689,0.948744283028645
0.358846569666639,0.834568587626563,0.300994566525091,0.128083172560451,0.0993927342060488
0.382293979637325,0.7493358446809,0.314162716661676,0.363142055735411,0.265806439594598
0.132089802064002,0.860313735232921,0.0807020534645347,0.0466027947700316,0.142250136734219
0.917498392285779,0.409589693328599,0.938364065533788,0.642232860960458,0.0113219840277452
0.732646977296099,0.303165320801781,0.671104130494519,0.525399201769222,0.173282314179232
0.738317465875298,0.714962941565318,0.724004641290823,0.646842807850176,0.482771936949575
0.259720713132992,0.543337243056158,0.00690296348882857,0.0366829715722602,0.113520639162743
0.595588323660195,0.590205374610377,0.56414306917741,0.691531228185296,0.714058424375253
0.465735809411854,0.451320404332364,0.562315397416743,0.16591957126743,0.0354273930715863
0.17177682952024,0.289693977945717,0.300980074398704,0.423346173726906,0.899511678871932
0.65525551373139,0.551290565548697,0.504954961348814,0.865615159834971,0.513931007502833
0.287426589056849,0.110962291510077,0.878809124023919,0.29664389555195,0.270163430453977
0.779207754181698,0.857274702953873,0.69387649705969,0.660918825363851,0.451210187777178
0.78216468798928,0.0871601623657625,0.164864887324089,0.906572439222034,0.88345523327007
0.582318594679236,0.390261400752934,0.622205501918359,0.528980034015694,0.15943634978612
0.202037532348186,0.401666846330045,0.121705738652204,0.303920976931194,0.888592260511359
0.0830562061164528,0.335817508777836,0.566304768001781,0.260938573942606,0.515298505168175
0.180181140080094,0.587389297579648,0.407285829632028,0.254853668108746,0.231030830153031
0.0923863220959902,0.114574951847317,0.720243274106945,0.162593645720627,0.572196071298094
0.870295107364655,0.814190836186754,0.798975361988628,0.897475527952769,0.769130546163069
0.0471252505667508,0.250406089908211,0.921082444399838,0.422756425873835,0.286250551202102
0.384618525626138,0.536731447762577,0.213753870513964,0.470729929608706,0.709728816902498
0.0724441539496183,0.196542041929206,0.155448835933458,0.638002749475423,0.968818546942202
0.309276077197865,0.0969331524393056,0.155162744950199,0.72951890529366,0.94507931327098
0.5052395965904,0.784410292253597,0.411365352663306,0.226377983913767,0.22010808790219
0.540846004150808,0.662936056934996,0.521950723120524,0.707879707474139,0.594271403475432
0.109040457056835,0.943377835879801,0.140074094806818,0.0407408642097255,0.0438742099504452
0.308218143414706,0.676097146089887,0.289254588730925,0.252241200141944,0.454772411991144
0.98346672160551,0.429152633849299,0.97439717586897,0.782800678037033,0.940830465900945
0.699765316210687,0.580789576488314,0.50252644854594,0.899022602548807,0.596312747948105
0.548011251259595,0.0723651945882011,0.438548890541394,0.745725389287167,0.775374478980666
0.637511366279796,0.126483293977799,0.424897095255203,0.784864679491484,0.721973382780561
0.169594085309654,0.221614293724997,0.446700685102043,0.87852514939297,0.647849499975564
0.251043874071911,0.876207077904837,0.0353241141359185,0.0404684060782049,0.036685139319161
0.967125510331243,0.763852524658432,0.949395522402189,0.889100207946739,0.73783207629458
0.867494847392663,0.720431922032731,0.764986986571988,0.934324462844751,0.844406437216094
0.983465013559908,0.906340184417786,0.961474019372205,0.967993839050705,0.905141972092679
0.00126216490752995,0.381124078383436,0.579048799927892,0.0782233854665232,0.952165971015347
0.051564613590017,0.0301201846741606,0.405954758097954,0.790562512004132,0.869919842894888
0.151130707003176,0.116326883697184,0.665751415516844,0.298746633285773,0.622659340180689
0.533027914585546,0.53660029641469,0.645946126082064,0.636736310619747,0.636272426723735
0.43817169056274,0.100924052268965,0.875338895624924,0.272440513430991,0.247696241334779
0.902468425454572,0.635278095345711,0.828564570657482,0.907004290369971,0.961450544389663
0.569604252465069,0.116739840101218,0.596905802095605,0.425956176071984,0.594660577567993
0.616694952361286,0.541541035025148,0.50192291984233,0.928191512015905,0.981079394026892
0.754167042905465,0.448501922161086,0.88778210470723,0.523700704064272,0.0501668688084465
0.087586504407227,0.896026325499406,0.00539836270625849,0.00511130137795856,0.0117866102664266
0.795408137375489,0.718990991212195,0.686634142391861,0.930045552895569,0.952965269592823
0.0454938693437725,0.0591984507918824,0.750933165062746,0.257960164009548,0.555799338646466
0.38386637927033,0.1830027877877,0.0071481201785818,0.133603810586212,0.968637599522481
0.292578746797517,0.806158142600907,0.223825012809623,0.172311057113138,0.181281577417394
0.179127949755639,0.907587326801149,0.127658339162958,0.047469556147093,0.0915759697381873
0.109681631205603,0.0498674611153547,0.51506920572373,0.4903989332144,0.800499306729762
0.190286946017295,0.586285750236129,0.0323373963816486,0.103197848227708,0.226703682361403
0.281031665857881,0.9468745191989,0.0941976119427152,0.0435618088964189,0.115785123751266
0.551814075559378,0.76940644448041,0.274048230169508,0.557581259741294,0.428613112337189
0.766424918780103,0.291578971926356,0.541172996319005,0.89645539148981,0.4582972858625
0.365340052172542,0.0471118522982579,0.804713889155127,0.110035449751298,0.418338569666957
0.150221747346222,0.0618607119249646,0.438079077033751,0.350803004954319,0.823602139978902
0.151695904554799,0.169389912771294,0.192663353311958,0.803681376528623,0.914526895998279
0.476556149777025,0.619245051668258,0.41137439105435,0.70938064918382,0.365618759155041
0.0978606578428298,0.46967955501168,0.0388882904751922,0.207083552349997,0.243117444886593
0.748117787996307,0.038388852524804,0.513519674586782,0.861531972523871,0.723490688513266
0.258200628682971,0.721588014246663,0.050230156501103,0.104607356174205,0.123340664227726
0.49423740291968,0.304593410488451,0.216401103201993,0.573731969404763,0.782592118281173
0.766762568149716,0.962621243350441,0.64153482569128,0.608375793874506,0.44955260810093
0.571410667849705,0.163619848870439,0.639155689852255,0.60681425908513,0.55667071181233
0.689768778160214,0.00129135543829761,0.0872360883057719,0.998287427195574,0.962648173881462
0.171738776843995,0.708523324894486,0.209180332277438,0.243446208487951,0.0354706158686895
0.0252905723173171,0.832227750885068,0.0784967219203224,0.0577835690693842,0.0241276782762725
0.540874049300328,0.770214957097778,0.401012452807296,0.527409885881104,0.484822794533102
0.456750912126154,0.780723731120816,0.258478592458311,0.170492730178492,0.509589336492354
0.694674597587436,0.989813297783257,0.502767669777953,0.118797365875661,0.363003752630902
0.7352888234891,0.503723088797415,0.457606585231834,0.882966177418619,0.148623668967048
0.623119207797572,0.875371127069229,0.449535416174183,0.711632572698863,0.389485292573227
0.206193322548643,0.627013754536165,0.292175191730849,0.208659659041544,0.469334174558753
0.257868032902479,0.71804870213964,0.430132636258701,0.219289640146404,0.339170567312976
0.269884965149686,0.999758163379738,0.0886332215128928,0.00163729408768249,0.0936472979083192
0.958704905817285,0.379510580474744,0.988876452870582,0.637006125521421,0.0915722608624492
0.0455627704504877,0.718739620730048,0.0376985255805584,0.0617038213321819,0.00746666584745981
0.724811187479645,0.249281790835084,0.181396370056627,0.825273632389135,0.523189878062112
0.59523880854249,0.710731016908539,0.452927735400724,0.691255947175812,0.452543705847347
0.125760549679399,0.309586418705294,0.211515877213582,0.328906757300125,0.940828938124469
0.096189894946292,0.0153481748711783,0.733726333402411,0.101217618442989,0.653158195462311
0.51437763357535,0.710548575880239,0.521277040691718,0.338920248738049,0.163865568436449
0.11493758065626,0.980849079642212,0.0766787333268004,0.0118793428746525,0.0490160376939457
0.356327726971358,0.748222615249688,0.412675279631951,0.10645232331437,0.193034511321457
0.953542889794335,0.508555951557355,0.96220423898874,0.74459442229411,0.297110945422901
0.67380200419575,0.71718189722742,0.654854124232844,0.425704874240109,0.333571489114547
0.183840406127274,0.132206321897684,0.392366908807436,0.763495450960973,0.816756781860022
0.0295763306785375,0.20118054698105,0.34903777000376,0.299429307362055,0.924776990461396
0.444531698944047,0.784861629101215,0.341607495460714,0.318299704462012,0.349064965470461
0.270198541693389,0.352036459808005,0.124937904430542,0.461829456197979,0.788445942132967
0.522135376231745,0.643509562447434,0.522115865405895,0.473450385210553,0.26549620195874
0.275593163911253,0.422463108872762,0.163448700367267,0.365611599938528,0.809500241506612
0.583689894061536,0.600315089541255,0.294646089515514,0.745478095933448,0.612460368283791
0.73098021466285,0.660476353979902,0.463425882161189,0.995943063401384,0.844279910932528
0.435255549149588,0.0432813883817289,0.0692638991929209,0.828612484514723,0.975227399176219
0.525935309939086,0.342930521786911,0.72075494330686,0.434343478367559,0.473247991496464
0.0258674207143486,0.102049451932544,0.980628810864799,0.330924606755459,0.242570485133911
0.135859050787985,0.757642215845408,0.151520676481157,0.193790923690292,0.0313020576431882
0.45952973025851,0.600557432539063,0.455156933173012,0.447279658454529,0.29142916444107
0.18619402567856,0.809278221538989,0.24231236548914,0.0983955120220689,0.0933405333489645
0.573868564562872,0.868863169598626,0.444854028348853,0.361123361616522,0.316442245646613
0.835677658440545,0.352042577549582,0.881052791285157,0.655849515221507,0.527229509403696
0.45899544400163,0.0627945169399027,0.17298517616337,0.936020445651645,0.924924775812542
0.000692904461175203,0.412847700092243,0.25464666081021,0.296284053468903,0.990261244791327
0.329447047552094,0.888316387688974,0.199096371045678,0.0851185860476377,0.169934277218999
0.70880610588938,0.710748685378348,0.618054180658794,0.827023123416293,0.621638163196621
0.387577595887706,0.201880261389306,0.0117389802360729,0.200568761568926,0.95681624932331
0.273190987994894,0.18796342422138,0.401033632020609,0.615208437219411,0.7772399430105
0.119397751055658,0.831039242824772,0.115925796579305,0.083518536245897,0.0580579669040162
0.149288498098031,0.302123721601674,0.382087595746945,0.457767976858069,0.73205091318232
0.524992309976369,0.526135861378862,0.298295883068602,0.71741721948878,0.70996268055751
0.31288845767267,0.876528029359179,0.242970852913662,0.0857074549852834,0.180516778578749
0.331593020353466,0.948338064510608,0.115433914655817,0.0602048327987281,0.125052207527915
0.173699081409723,0.17779102557688,0.383906598658426,0.630428581394379,0.789762053900631
0.705525866476819,0.467419406078989,0.769946175880885,0.661173029308766,0.581509658921277
0.193959447089583,0.359469983697636,0.511103133032281,0.24801167082412,0.801555160345742
0.80306791421026,0.902036078128731,0.658132341453853,0.914347563038154,0.57123195801978
0.403136947192252,0.294584510818822,0.47120159036896,0.606253942312465,0.909678253025049
0.0889669270254672,0.247917098837206,0.536818556072691,0.0360899929620274,0.897000909171766
0.353985656285658,0.976405387948034,0.197467199661441,0.0261527315728758,0.140760315494845
0.454192155972123,0.165148789383238,0.300120107130065,0.601296551922216,0.853008088510251
0.241144571453333,0.943133004679112,0.1632216309318,0.0419703424723651,0.0985048235452268
0.311232699546963,0.245957426755922,0.200266008626446,0.382403941459961,0.941882778512081
0.135563254822046,0.325519811973209,0.435747212121959,0.575420550725269,0.771067127265269
0.0560157203581184,0.74103682502755,0.0659071693658424,0.0657887718309502,0.225190714962082
0.472504203440621,0.392205304087838,0.381128204422246,0.513890405520755,0.97508046074654
0.932122998870909,0.470850221783621,0.934380376494091,0.76166977332536,0.990438957553124
0.936144027393311,0.297923184960382,0.954143604747685,0.623540697360564,0.14456377204624
0.229026898974553,0.0286401057674084,0.944054464779079,0.137771701064283,0.216857909079408
0.32331856363453,0.0163263635186013,0.0433746024548834,0.947998000681025,0.986981090012705
0.187724966090173,0.350158868503058,0.271435615496608,0.625374066944477,0.609245633444516
0.21294868318364,0.622457636258332,0.0252891939748846,0.0485612491535782,0.805733843444614
0.10160923213698,0.52137358134496,0.141527751776759,0.165910032830446,0.976528528699419
0.908349472796544,0.170292405498913,0.635409434918719,0.906143842223776,0.417181266617263
0.442741045029834,0.177231375157135,0.398891114137538,0.717985147689739,0.743228273437126
0.648467572638765,0.645865414437139,0.593987719843202,0.876719970837433,0.680063429666916
0.044136646669358,0.869870196765987,0.0323306202886667,0.0236278396321303,0.0301899090700317
0.0142778852023184,0.912005048507126,0.0715650077197309,0.0302264315901021,0.0163793556566816
0.621152538573369,0.721963732765289,0.515859686967606,0.510885736367951,0.445648230757797
0.346045784652233,0.424702669057297,0.323184723615729,0.415660214155457,0.433948426885763
0.0234984150156379,0.0620067729905713,0.774524706450102,0.160220580208883,0.634394551016157
0.803149268496782,0.757639397605089,0.77655096348446,0.727570824282369,0.579760421038372
0.483447123784572,0.240267855377169,0.250863449737281,0.69430784004757,0.778872179012978
0.138280329061672,0.264897894841852,0.59572031713093,0.141251977773307,0.754202612297377
0.228340320521966,0.67807243290008,0.186567867213243,0.22748215428876,0.2261787528696
0.31562022282742,0.85136295601842,0.141517114812625,0.149992612135607,0.137502964615123
0.617253793869168,0.918473445548443,0.504575115393488,0.107807354772503,0.316897420183523
0.507633130531758,0.741232261614641,0.362302147482259,0.627519954719754,0.309483940975042
0.292884998256341,0.510113364463905,0.659887097064175,0.26274295811674,0.241439930658089
0.762659242842346,0.509557445446262,0.864621068568903,0.63699228822968,0.172528351220535
0.132915268884972,0.715859656367684,0.0713347648266109,0.11703561885843,0.0297687581914943
0.88016892876476,0.908867423800984,0.779241946888962,0.938004907046579,0.692242416058434
0.998227457748726,0.881533024978125,0.994624614365095,0.978697700436212,0.98838443288696
0.577140249311924,0.753306414902909,0.324212614054211,0.744822381135769,0.640667010942707
0.4705551979132,0.825320568081224,0.348950449566878,0.256277841586123,0.362988991517341
0.489353401819244,0.782042564387666,0.330635357191379,0.413222514354292,0.353015848115319
0.813588512362912,0.602770287572639,0.710538582577241,0.93572417999859,0.984159311366966
0.492407525889575,0.444674995582318,0.298713758524913,0.79920659749256,0.315761958278017
0.294058784143999,0.511592862749239,0.323845914766051,0.12892604161424,0.999132866767468
0.266775381518528,0.142308552312898,0.380254631531298,0.567872174195628,0.80955621812609
0.158381807850674,0.491515939560486,0.242413760772953,0.303506488789081,0.808188282098854
0.737440777011216,0.760522126482101,0.638813559923792,0.840124660696638,0.73691214210703
0.325933153741062,0.321536352130352,0.515607514238499,0.378406321641942,0.809255593601847
0.483099777949974,0.64622554476955,0.517978121406363,0.303291286326942,0.128482495929347
0.099124725908041,0.190590967336902,0.889281394914177,0.387167620295462,0.331374127388699
0.879460343625396,0.925419610081008,0.759649937717673,0.964083225784869,0.705867989890976
0.079664115794003,0.793418804270914,0.0276994361857517,0.0307068396768787,0.128673749655718
0.324720073956996,0.685707503842423,0.0755355364550624,0.181469843825951,0.0911075589538086
0.52574040251784,0.103067264106357,0.295979522035604,0.906020762819687,0.822497618704801
0.757320836884901,0.993953682627762,0.517995712741509,0.768831140270462,0.463133476412622
0.141888654092327,0.347823060612427,0.0482030213543522,0.239281641588551,0.91531957409461
0.111387441167608,0.0415495224006008,0.124990966743353,0.874847216322054,0.98245400833548
0.354378823423758,0.583020370599115,0.244203588939182,0.467042912280701,0.12596484538517
0.264353696024045,0.953762349468889,0.151590076381681,0.0381378657257614,0.135445592837641
0.950371854705736,0.994998769747326,0.852219603185388,0.996303776637639,0.783270770072704
0.547517539002001,0.780678286246257,0.355836530506824,0.594959972710288,0.538050925388234
0.0470475410111248,0.47819608982536,0.211343094322438,0.277431053800653,0.358679452823708
0.680250749923289,0.720523519354174,0.575858654018029,0.799729383296201,0.686819259048207
0.192064001457766,0.491344015434152,0.113794484750445,0.375401716860162,0.223873134964379
0.357363977702335,0.841982367244782,0.0646930407581208,0.101017973994134,0.0597499286232051
0.362103972118348,0.210972089873394,0.675146565991368,0.189996324013708,0.532590344228083
0.360431928420439,0.369320150261046,0.42244670532778,0.600436113503793,0.311257459426997
0.578376309480518,0.550067566189682,0.387714960872781,0.765099965719016,0.444614223233657
0.44014421897009,0.491882046189858,0.290461483333562,0.567449052391769,0.7323206201836
0.368066528812051,0.445792094775243,0.620136769574172,0.393699011983821,0.745935243001441
0.214751532766968,0.458298923826078,0.0723611173827668,0.360851476292178,0.0922295988129918
0.792596892919391,0.163288566371193,0.386978821598838,0.964341270316972,0.716483352036448
0.102429752936587,0.193030658265343,0.210376450711528,0.650325056304674,0.939528732007602
0.908030586084351,0.79530140911811,0.839191464208911,0.90400783791214,0.737790672137635
0.58275555097498,0.138190889876569,0.15549781244894,0.624747829692779,0.90832368817064
0.431643625954166,0.993138960649958,0.183078779982564,0.0352382351826289,0.1674823158246
0.167558003449813,0.180206800549058,0.0506318104841331,0.549333541182938,0.963740890758345
0.663272280246019,0.567938016989501,0.634146109884974,0.69544637062667,0.892078683507862
0.327794527634978,0.251857069350081,0.0973541106477747,0.591050786614737,0.885842073854292
0.974859413923696,0.779855816013878,0.955982424339882,0.918340055433794,0.885837212001206
0.500448998296633,0.379281660570996,0.466688148683901,0.843230865848726,0.822218225308461
0.717587806284428,0.0464154516521376,0.953018682710355,0.283119761902349,0.162304359168047
0.231882562395185,0.514513169619022,0.604198546456859,0.288080856381788,0.101657725841505
0.399396000895649,0.316608007327886,0.261929687521714,0.507784879382158,0.806306359329028
0.243608196265996,0.329003441525856,0.344239215196122,0.509342816168792,0.76269670118927
0.900452696485445,0.073001839715289,0.529644858612849,0.799288217380759,0.669117548008217
0.822256742045283,0.769636647455627,0.738227134735034,0.860948384944467,0.69197169484687
0.122173524927348,0.434529955819016,0.22554356549143,0.191577163858403,0.983934830845101
0.845948130358011,0.166556810116163,0.965091586606659,0.467295391959867,0.158966522518313
0.827724675415084,0.991050312091829,0.63374192405297,0.894782910827896,0.534745954821119
0.244375111768022,0.0360950271424372,0.871367453464418,0.169625438656619,0.395044021861395
0.315714026568457,0.65173378578038,0.275185128661181,0.140220159567902,0.703048758296063
0.605232468340546,0.242491263517877,0.466215397080514,0.772543403406201,0.790623931534356
0.985511810984462,0.744307671586284,0.974845202493714,0.909983672439425,0.865891091729281
0.832517225993797,0.0836418877297547,0.302490284298994,0.898700014099891,0.812034611153649
0.360422167228535,0.468635097931838,0.19236203897184,0.464465447743501,0.430177276983159
0.504220640752465,0.651181116438238,0.316296272670807,0.599970051524326,0.474805818666937
0.517154067754745,0.843049453309504,0.362891224321627,0.355926033100242,0.410916368040489
0.803998848889023,0.801532439043513,0.667078567907682,0.946331991433016,0.743600007466739
0.530767290852964,0.657428020582302,0.446589207740158,0.536713823015523,0.244171958329389
0.333714415784925,0.844959959766129,0.200226456990268,0.231952332762425,0.0987006324285176
0.583020767429844,0.153400512441294,0.438306028433672,0.897577818716828,0.713695291226031
0.419308564858511,0.98138457085588,0.227750492516602,0.0420860578507972,0.186364108376438
0.889431233284995,0.481548589741578,0.917617796654255,0.679671980655118,0.247679295862326
0.139237421099097,0.927579248236725,0.0750915272827275,0.0359869929600424,0.0503136829065625
0.589536148821935,0.340337063622428,0.681053163560412,0.610009014732694,0.280846429435769
0.47669075219892,0.620923708454939,0.230255445185821,0.300130449923885,0.953364378743572
0.0618042598944157,0.554108730197186,0.137658477571699,0.240920168861303,0.287258667725837
0.761849553091452,0.757718908978859,0.754077107048824,0.59829690760698,0.440292305866024
0.20240842550993,0.11093993394752,0.0211738167696682,0.411038704932036,0.991023014328675
0.059931619791314,0.55216177177499,0.0280262915033123,0.0929720172398371,0.354248916177312
0.902707921341062,0.276917219831375,0.771231758965907,0.79372463273531,0.447689837281359
0.502235383493826,0.382789218361722,0.719935660915062,0.541946975752178,0.797195622260915
0.754732801113278,0.213236887153471,0.628230297806443,0.693445429340932,0.239171293069376
0.268401114502922,0.500450036750408,0.0964042498459589,0.273786912235823,0.392903252592077
0.104063078761101,0.46675243289792,0.0697927711934171,0.198675465913526,0.695427573198685
0.235312225762755,0.0345410623413045,0.623404924548632,0.129877411071082,0.711100484855706
0.071825785562396,0.128146278992062,0.53672033576179,0.0694511465661119,0.753738194325706
0.231661985628307,0.310178088402608,0.312916509805479,0.718865837859801,0.761042559548514
0.513678858522326,0.281910935038468,0.242120577363228,0.590855484421793,0.624376292194938
0.496433354215696,0.795265387772815,0.373284629894358,0.246124287593348,0.333812460972695
0.123889948707074,0.552805880288361,0.0762309471949175,0.168504334079719,0.504313076526159
0.0664094781968743,0.599334870028542,0.288878423281481,0.126423130352058,0.862116881209658
0.452218536287546,0.320590024784906,0.51799335453996,0.844371901107097,0.344526767876232
0.156217743642628,0.212837505998323,0.865915912586811,0.380827335135397,0.270535471121548
0.470938587328419,0.293050733365817,0.365450334571602,0.538959530178399,0.808416944782948
0.0382464053109288,0.92429368357989,0.000767983741872924,0.000577088814380189,0.00613386105396785
0.389172271359712,0.351145723572699,0.396036317867098,0.811744080047512,0.251146920985775
0.611549905734137,0.340293328772532,0.216246589179175,0.749210352369882,0.619823955959873
0.567402639891952,0.353925814590184,0.596043376611699,0.776625336702179,0.401816280471394
0.709308213321492,0.827080468036002,0.499732841280157,0.974046951421,0.544322704401566
0.634805266279727,0.544653104705503,0.614001108163252,0.412276053227765,0.41103414594545
0.821650461759418,0.647687337099342,0.728244016198615,0.925872289227386,0.997024069802137
0.374033241067082,0.554784033767646,0.381457073667924,0.744854905845359,0.338227897271281
0.0955045744776726,0.394145551515976,0.196847005319582,0.432482700220644,0.806870624859584
0.236573281697929,0.160266798251541,0.205118154975954,0.637807340442209,0.916800621635048
0.132633961504325,0.466366886772448,0.448044897116337,0.403449377082497,0.203197186667239
0.353418542305008,0.969376936351182,0.18122525964811,0.0414731427803657,0.144978786498541
0.130233092466369,0.478346615302144,0.0414546641993905,0.166042893209296,0.647612703061895
0.0650695478543639,0.478707304078853,0.367787049416182,0.42811333411553,0.130125346622663
0.79021513951011,0.844125160569092,0.636413456555173,0.951161878747418,0.663979815290077
0.0365381268784404,0.494634182803566,0.341633261141045,0.165897451855593,0.451309881726047
0.747890690341592,0.578614670113893,0.606176189763316,0.856857855279075,0.129561819398077
0.85807259217836,0.517886236164486,0.734811030080614,0.923726813466249,0.81544513386325
0.35492411442101,0.0780545748129953,0.821851770029544,0.234935726401425,0.452669128339039
0.145882006036118,0.558330155996373,0.291162600509148,0.319555219030503,0.606357283686521
0.880714263534173,0.581696607958293,0.887155329382742,0.714496803285858,0.279474221024429
0.514349927660078,0.883391471899813,0.28700736344561,0.434987058462838,0.27366592749604
0.572680248878896,0.316000187624013,0.391301453714807,0.913841396035205,0.700125249306438
0.114303102483973,0.872237759205746,0.0658265377802718,0.0431197915848962,0.0675476490578149
0.697147439233959,0.89399319110089,0.522121355545771,0.742177685139091,0.431230057583889
0.214897346682847,0.732398392952746,0.155308540176134,0.20242647819704,0.0338423260545824
0.635483458405361,0.796428292203927,0.60915126598578,0.31290094394156,0.414750455267495
0.321681627305225,0.157845003210241,0.694610734139807,0.329350224731219,0.582763102982426
0.682844004128128,0.249888762220507,0.561036372674879,0.877060370276717,0.589116838265909
0.302055703941733,0.810488224233268,0.237383902152347,0.109138283335923,0.266748066787841
0.498339175013825,0.599524117162218,0.0623695783091676,0.23736594430036,0.0773057868645992
0.00172570766881108,0.719150562217692,0.101695410287974,0.0840447125839379,0.0466160999785643
0.325070061022416,0.209562049683882,0.705817115200821,0.365797927572603,0.610140807955759
0.682426932267845,0.0400226753845345,0.850757831528797,0.303245089330459,0.390322821418522
0.655583552317694,0.575465358939255,0.561438395946758,0.736886943319346,0.561456323048333
0.80841748858802,0.0310625744459685,0.956209405060686,0.227678178531471,0.110440218093572
0.941068082582206,0.848421685252106,0.913631439982919,0.883363005591891,0.617255399207352
0.365289773792028,0.715468536625849,0.299616522765552,0.217636043960594,0.553041007224238
0.985365761909634,0.773879673186457,0.973895083683642,0.918548348575527,0.864661466359394
0.775445737410337,0.622090253658826,0.667385101772153,0.854210960220907,0.69578726196778
0.225120603805408,0.0635762765014078,0.957654937401004,0.278734672307067,0.145915490196785
0.683907979167998,0.556860883865738,0.687496844978791,0.721674606033039,0.832720114587573
0.712118405848742,0.271571840770775,0.851961317654745,0.525748233996651,0.274013083224418
0.845419185003266,0.918958524795016,0.724176530715734,0.893601862953047,0.595399972778978
0.46529268543236,0.703198324568802,0.342696995191782,0.302274058046288,0.307934401003877
0.603256464237347,0.803998766205041,0.461756451620899,0.559360327187929,0.426032447227044
0.109497444937006,0.154578837536974,0.402047397697041,0.520513575076937,0.803882205771515
0.00863908999599516,0.120703234890243,0.146150110862607,0.713193838143237,0.995919661974767
0.00353412213735282,0.276391599880299,0.551849730077737,0.00294719736218397,0.996626358741196
0.0187884487677366,0.189944238081807,0.423748257754077,0.0785938246679945,0.988702252070652
0.938753990456462,0.819664767506765,0.881549507268954,0.945152946928236,0.909750000195345
0.942921807756647,0.406475843134103,0.680576777026882,0.983677042242302,0.503007234277902
0.536289263051003,0.76043725645286,0.336421787448456,0.61557959605268,0.190329697245033
0.746102215256542,0.573918729292927,0.672595940087707,0.693353953352383,0.557704402745003
0.821548646083102,0.927211521280697,0.69448258372554,0.856511743275257,0.569356201362098
0.478808543877676,0.62237419365556,0.532963679238698,0.533940648671927,0.235895063407952
0.38167816423811,0.10898844662006,0.467237908564285,0.74366355041687,0.719816311000613
0.570863415021449,0.922680094343377,0.391093374350992,0.390526932411467,0.279905633040471
0.622534538852051,0.955618004518328,0.420910389912474,0.141510753690843,0.32438799351803
0.21362439985387,0.855562100681709,0.164365070834989,0.113874330791183,0.0877682186255697
0.629545309580863,0.472402125742519,0.127225422926176,0.481069778618824,0.245884182833834
0.759481765562668,0.771195857349085,0.654279800820513,0.863922391226329,0.560655911191134
0.0527333109639585,0.498461212759139,0.0637126455884051,0.110693579735669,0.994068967731437
0.88861938379705,0.428721265139757,0.806690879441824,0.81350118667777,0.828816465480486
0.798852848354727,0.362116082891589,0.860388493680658,0.519939490639467,0.0877132501627784
0.729511282406747,0.453193119756179,0.900901663242654,0.611984433150362,0.208819671621313
0.687381549505517,0.811542339186417,0.490796946502605,0.929944550217101,0.567392234894214
0.26013020449318,0.52951654381468,0.125530249953503,0.226214509967384,0.750106415624032
0.711228864267468,0.0438218391209375,0.369644638969888,0.751771202625777,0.844880566321081
0.384494079044089,0.608993016387103,0.365097273219503,0.498565236308904,0.224167759675765
0.578409863170236,0.0651006514381152,0.508399737278278,0.603348852086954,0.73414152985788
0.957533026812598,0.00422791609889828,0.487079792661861,0.96884856839504,0.790395073912805
0.338492712937295,0.890464164695004,0.167186193872004,0.126415862380198,0.151210965268547
0.333478928776458,0.359711411438184,0.510148337173246,0.458168016909925,0.533721341838827
0.510030916891992,0.884825077519054,0.409778444399445,0.083180152499685,0.2496809901495
0.329846302280203,0.232109831442358,0.709337003952969,0.273444986687896,0.326393903669668
0.968634081538767,0.74690879220725,0.954970249465185,0.87778115626453,0.730065944691887
0.757580885197967,0.732563536352245,0.615026664736521,0.945000800121634,0.890770098456414
0.882257872261107,0.923953365447232,0.761621574070601,0.969987032757219,0.719519425736507
0.183992615668103,0.158448375324951,0.322010896470918,0.688747521192274,0.838716981263133
0.873633759794757,0.749442238389747,0.803105469422824,0.904063296767061,0.870860096154502
0.670692470856011,0.180138840951258,0.930760216681541,0.464947499052688,0.277000912901713
0.621607127832249,0.503995712118922,0.651646911965652,0.611740940680724,0.430407659645425
0.921381884021685,0.829929089552024,0.861043026391063,0.940328292843915,0.902527213242138
0.0804378145840019,0.00938836732530035,0.430716975812675,0.14920474342355,0.895157585764537
0.901324322680011,0.54511451793951,0.893117509053265,0.766778940759143,0.745399176987121
0.702630187850446,0.867434919200605,0.571093591301562,0.762416705902116,0.516035374283092
0.757507832720876,0.838354681065539,0.653191559863201,0.759418113953675,0.522261817910476
0.386048283427954,0.0799329713045154,0.401281894035878,0.820806614873712,0.799894146592123
0.360456142108887,0.63441603796673,0.287399562552523,0.321183183798448,0.686431264824932
0.861734562320635,0.530597621953348,0.878245287764844,0.715942093919366,0.504287582385587
0.27311741723679,0.123417807830265,0.660676745526486,0.133753114665015,0.538073884410551
0.0645320692565292,0.489471059554489,0.179927777514525,0.421574264244561,0.326157992734807
0.909800870344043,0.635634521575412,0.892014830884203,0.767663258900104,0.26985849646735
0.574792944826186,0.283882404124597,0.702728632274618,0.531059451103952,0.369185106857913
0.814227582188323,0.794891262688907,0.733462686473535,0.82535652036438,0.600692785490537
0.429858147632331,0.161969200737076,0.743886043242588,0.495409740108921,0.472364409914007
0.13512732158415,0.604796783794882,0.111744470734227,0.161152512951305,0.542213568143779
0.889512033201754,0.0262292903207708,0.724123608613362,0.508860339629744,0.470021530432859
0.458959698677063,0.379255723411916,0.687837089674818,0.562658393367667,0.337780860281782
0.878587873652577,0.245504599675769,0.847281329333801,0.54485616090808,0.133967952424427
0.0425764287356287,0.0601937448082026,0.0181219738258184,0.691622480796853,0.998086788196815
0.741526613710448,0.565792963287095,0.741829849416033,0.725671665251065,0.852603739273036
0.164340115617961,0.725563581421738,0.125778125241251,0.163466838596649,0.125052208459238
0.653417403344065,0.950567344640149,0.410812661810452,0.698017897456051,0.392396796873072
0.357140061911196,0.521121595607838,0.00570348944889587,0.0375965676065912,0.127209104626672
0.694971540477127,0.583795172482496,0.556449139493262,0.885803753986193,0.843818904628279
0.130549690918997,0.609801887738286,0.257850889186622,0.319488691265904,0.119323020364391
0.886444796109572,0.24927337167901,0.973517576795397,0.571836467916025,0.354797957610572
0.174171219347045,0.968281119217863,0.0730849843368079,0.0209371259979809,0.0557328277209308
0.824049975257367,0.135087481728988,0.74184293563899,0.44963891465482,0.344498097867472
0.608184189070016,0.205038526066346,0.324462097715561,0.837733085319384,0.69765200294205
0.218621609965339,0.720027950213989,0.126386242073344,0.183480146886834,0.105259325966472
0.411056706681848,0.249146499525523,0.355877634644094,0.714860443467103,0.778047846135451
0.819784366292879,0.940161548584001,0.627724141748118,0.993119329603078,0.672709609701997
0.673823689343408,0.651869666093262,0.572859917272122,0.828461430082548,0.644641690741992
0.862969814334065,0.314822978136363,0.863537450527015,0.632602318377671,0.331253500102321
0.428499817149714,0.577355143934255,0.405274408696309,0.576201372060371,0.471706465323223
0.957692643394694,0.0934395487129223,0.078950803970501,0.75905348948394,0.862043828674359
0.351003187242895,0.349256232759217,0.143213412809378,0.456283134710263,0.774269000539789
0.444002074887976,0.0145667057659011,0.449144952639829,0.127855466180174,0.834184283186914
0.524273684015498,0.895558438351145,0.120034053450081,0.181116046730929,0.198396967578446
0.732133414130658,0.798649424716132,0.632922633559472,0.688480805605725,0.546345884125913
0.545053316047415,0.293844066589372,0.335018633126647,0.816534833203243,0.660701112676179
0.107207878958434,0.357115353894187,0.0103130943611365,0.0836288991337544,0.942842339602066
0.217339850496501,0.00111335227848031,0.51423311785193,0.380697642882628,0.842104319977807
0.0623992765322328,0.64693648807588,0.0882354944259175,0.114858701872162,0.547391662810696
0.0422417207155377,0.240572714916198,0.301041498755456,0.456233075388203,0.94349189978675
0.460618281504139,0.0355512574024033,0.191822083829721,0.894017575311008,0.937645584373968
0.977030338952318,0.833639085671166,0.958466255685778,0.931069594372629,0.84220711645321
0.947063795523718,0.873738108348334,0.906822639087068,0.928191858084444,0.770355731452582
0.457879096968099,0.408311917009996,0.453515934832661,0.659399753955505,0.77305113300099
0.788634779630229,0.61980553882313,0.77764126408168,0.773037990527003,0.933916235138895
0.234311755513772,0.0498043003317434,0.0673743125167092,0.918558390411006,0.979589525290066
0.88228971301578,0.613104104268132,0.855093386801061,0.8096745490428,0.704778655694099
0.125661426223814,0.864453242655145,0.0366202719195169,0.0320615833612577,0.0435841779981274
0.0390511422883719,0.15577002815553,0.309496939743324,0.570816407524261,0.907466179138282
0.664887726074085,0.874888236256083,0.573226101168616,0.282496234457897,0.317454673611792
0.057705735322088,0.744988628983265,0.0167341152748392,0.0272261289749602,0.120049338875106
0.881396176060662,0.165496013039956,0.529782130692278,0.994592626836299,0.468598612380447
0.555461905663833,0.9237953152915,0.40954926016551,0.182029296108209,0.298269351973431
0.246127493912354,0.74927272516652,0.207243617881104,0.237137160365086,0.153217471815879
0.20556173985824,0.543082467193017,0.366300659977072,0.296327962389069,0.650134708994301
0.42980648833327,0.304006738209864,0.780711997033437,0.410522106771061,0.354381408222253
0.860372171038762,0.956880710931728,0.716570319943626,0.956831188292351,0.616659888386494
0.0750401527620852,0.978213340014918,0.0173878356584786,0.00470060975433631,0.00997180750709958
0.142591719282791,0.419696761440719,0.0476108933819679,0.203975799002839,0.886755567131331
0.131841429974884,0.238209731789539,0.58108242822102,0.133134862302026,0.70006547003868
0.853159326128662,0.780926518695196,0.759772814840375,0.924550287511427,0.806429121847032
0.325485825538635,0.0800141183135565,0.975818264861724,0.310197834539401,0.309148031315999
0.202956319088116,0.153781961096684,0.392278987406749,0.801299111784612,0.778144641866675
0.641334722051397,0.483270679571433,0.369268336889266,0.635266317106608,0.868037212785566
0.556493066251278,0.46727339210338,0.172911935013959,0.59104043210967,0.341542804584606
0.468499584123492,0.222359445440816,0.657712820194386,0.656263092794981,0.55816479443456
0.939593024319038,0.485653673444176,0.941146386568719,0.736185260973304,0.570437409012811
0.860360101331025,0.511913415131858,0.877225857374965,0.724079735104553,0.633046736504184
0.515880868770182,0.34604014348588,0.71263531207625,0.441481810586877,0.294937078870134
0.558813230367377,0.360036763740936,0.457392562563047,0.843017321731936,0.427289372804807
0.663400984602049,0.904925101698609,0.478963339293833,0.631017678361197,0.380972841317998
0.326704923994839,0.0804568367020693,0.457472627519942,0.36965421810274,0.790253554616356
0.456912323366851,0.050085957889678,0.431868814652547,0.698543601753567,0.805044682201697
0.331938518211246,0.330644930043491,0.103164616446318,0.437179788943117,0.746398587099975
0.462926463689655,0.184568285389105,0.695355881640798,0.271732446627755,0.394525623793015
0.755102117778733,0.632583358237753,0.795458644412926,0.62032555408167,0.405502179724863
0.0989528198260814,0.791254215379013,0.0308339041672758,0.0353538875873591,0.0979700062598567
0.66992440726608,0.564176099287579,0.6472895453855,0.735544636539032,0.854425580560928
0.77159497118555,0.216447056998732,0.733424699478364,0.575779105104857,0.117730110097909
0.213099596323445,0.985682194906985,0.0472888231488465,0.00995847824694109,0.0687393278640229
0.900687787448987,0.611218860751251,0.843939077093464,0.867364565855144,0.858203711482929
0.0621053231880069,0.0225387848040555,0.700302035134233,0.0864213493025294,0.681327188998694
0.94124771328643,0.547381889453391,0.939423018566681,0.77868038815308,0.647653333697235
0.838935861364007,0.46993995262892,0.89098170520696,0.684050284808277,0.798099904350238
0.678100055782124,0.443636796175269,0.60493900438101,0.738700140572366,0.249107386771357
0.333790787030011,0.0532990834035445,0.710732433509935,0.0883691562517334,0.584745505970204
0.851472491165623,0.124842509831069,0.673043831518295,0.748289331816786,0.553028925758554
0.308348473161459,0.793508886563359,0.0820663973293179,0.128544406761271,0.0521209422440734
0.538980550365523,0.728171768510947,0.553074490911376,0.143222566320532,0.308057211193955
0.759155825711787,0.701000598928658,0.640948717943019,0.870613452135245,0.703110714064678
0.440023835049942,0.678962396021234,0.415057055870853,0.603245594344136,0.240128348494181
0.454383603995666,0.911121284618275,0.266161673297548,0.157394785722196,0.223998919740552
0.758890724275261,0.509063780977158,0.56279598229128,0.955922366022943,0.941233654128155
0.369196199346334,0.806336455600103,0.181153166337051,0.242031796198107,0.200369216297986
0.777131445007399,0.138638314179843,0.837383089241275,0.436495682773301,0.278843491250882
0.658247153507546,0.469119704939658,0.495568611379329,0.907457080459135,0.28275038729771
0.880823702085763,0.707479612290626,0.776578641560137,0.935751456831579,0.817940443317639
0.156083408277482,0.792336000915384,0.285521390574133,0.0895922986003501,0.066475347179221
0.00125735229812562,0.526840176986298,0.450184642024217,0.0166247183078869,0.504965881904354
0.563225814141333,0.806740198429907,0.515625136858432,0.237443612516537,0.319112672208576
0.192594506312162,0.88997670946992,0.123025274241368,0.0816869802091117,0.0581718884932343
0.236821631900966,0.823164297587937,0.187695649663133,0.12751821333252,0.132434270897647
0.930911419680342,0.457569692778634,0.930515138393074,0.715214921404449,0.250799890636699
0.30576343392022,0.81765712282504,0.049077628881384,0.0702245122845995,0.148072805983247
0.0923859099857509,0.683275084098568,0.0466117257546174,0.0886214413760635,0.0781098127772566
0.00733430497348309,0.172685324883787,0.780412575666565,0.222177160479466,0.502217582223238
0.221911254106089,0.366053856239887,0.103108327848162,0.379071523753957,0.79961548538995
0.759971319464967,0.344835628318833,0.461682443243398,0.969082251421513,0.490310147026321
0.569022161653265,0.0594204151711892,0.815087028219528,0.383567693079128,0.46142419273383
0.283580689225346,0.5034110150591,0.457052517665764,0.0296645932349593,0.52443445121753
0.624626548262313,0.90984333193046,0.370239476168897,0.692687636067147,0.392354045150569
0.89529724419117,0.318773023347603,0.872144209871331,0.667040070280952,0.269489317346597
0.1603433417622,0.183191617921693,0.231973011369949,0.473871874261714,0.925584314070875
0.966696044430137,0.622593067848356,0.955328464557041,0.83783355243852,0.708994249027455
0.987012006342411,0.618725380190881,0.977422317319151,0.87787413977854,0.953430857072817
0.13751075649634,0.2413837602071,0.486113542692857,0.0460558984895979,0.85042742479709
0.451591485645622,0.292990249377908,0.772824100809926,0.46659692763103,0.754107625834877
0.127768099773675,0.291560637444491,0.490807552617489,0.299645223299308,0.660444153734716
0.878889636602253,0.0802940552530345,0.890325959601777,0.429055326509101,0.350961862684926
0.968561317771673,0.465900819835952,0.972772810459044,0.745675283352655,0.505953380692517
0.874871989246458,0.303378365730168,0.624745572291828,0.911170913533964,0.318840268679196
0.302030075108632,0.0208263077947777,0.666256494952347,0.292519361400715,0.659968754131114
0.936816043453291,0.664760891027981,0.894446827232283,0.888748189056268,0.926243894122308
0.727848180336878,0.685280167701421,0.577800831360893,0.915458541906946,0.557258923159679
0.398490810301155,0.0367264396336395,0.96026149086247,0.20968769896158,0.216453050408745
0.32934608310461,0.710559943952831,0.32501692241959,0.240755976903337,0.143484219064703
0.30227667838335,0.0317662898160052,0.36191018863968,0.971690880001876,0.85882705039694
0.224327790783718,0.640305920067476,0.105643222907625,0.191607298343159,0.184451439912664
0.0169969154521823,0.10762211275869,0.694091605799256,0.135368639651868,0.689437851746334
0.173370213015005,0.380528983980184,0.218106785909212,0.376755544972858,0.911271440301789
0.929734839592129,0.232829919172218,0.948826321381394,0.557042812942746,0.058233466668753
0.857965319417417,0.0534782336035278,0.462176881865635,0.951333818972807,0.737222805822967
0.604321926599368,0.911462280288106,0.3626370224393,0.618726740767597,0.328109390306054
0.0370579054579139,0.320040258549852,0.082553241399733,0.380822190611663,0.969817806530045
0.612239585956559,0.361384077375988,0.421059086213113,0.84027123777117,0.800098630454158
0.296112770447508,0.495342896814691,0.256885695664802,0.414337388452274,0.226600581285311
0.541412465041503,0.902525350946235,0.340850815149432,0.327544731141026,0.299129229300888
0.682187346974388,0.628786133689573,0.751608709072372,0.495854158185966,0.472894258942688
0.446876634843647,0.391074133600341,0.66615272333653,0.491070236177905,0.467790160124423
0.774501243373379,0.126635559339775,0.937945161258141,0.418998306763061,0.240871014160803
0.684872031211853,0.536409677326446,0.698118618270878,0.627456289029238,0.655703647149494
0.667852115118876,0.89150444752886,0.458402480043814,0.814479243018203,0.496610115544172
0.502070913091302,0.501284332160139,0.563947455157267,0.721886202889409,0.698602026939625
0.053348173154518,0.283016328205122,0.431324384234765,0.153800631888173,0.925991774041904
0.780879094731063,0.0266298797505442,0.0420009216726314,0.91503924805562,0.960323716135463
0.78326276759617,0.644526632124325,0.629807304337307,0.941742717292427,0.737041113403393
0.432364394655451,0.617696383182192,0.510319951360821,0.257698619534564,0.308302874065703
0.0406735278666019,0.333475123363314,0.1936135025266,0.23425269431189,0.99405512548401
0.886967419181019,0.231065135943936,0.100080160722017,0.587390443664985,0.606074959301623
0.88224767241627,0.804758203419624,0.791271090583934,0.945596871337474,0.892741229006788
0.222029043827206,0.287626384961186,0.44319837863893,0.923255802487035,0.291684438911034
0.578209456522018,0.410379054228542,0.356310518584709,0.861470135277154,0.818050672969548
0.376761412015185,0.820935142546659,0.214020591274595,0.231900462230166,0.111781870626146
0.81377070187591,0.762460377794923,0.72118605548578,0.902207218751381,0.784776937071001
0.996344578685239,0.721931606327416,0.994802147649582,0.902438795199327,0.855578011280159
0.344050683313981,0.262330989149632,0.0682641743210683,0.425471461163634,0.901431727659656
0.198096555890515,0.584484584775055,0.0923865397812849,0.245689117230101,0.0345962642168161
0.0974823706783354,0.483909720176598,0.300219780621931,0.352493958338322,0.471882001816994
0.275751224486157,0.100973503285786,0.807560935962423,0.235572173789746,0.429042752104579
0.390282008098438,0.589700759534026,0.440581573701903,0.370935018849741,0.954561997757992
0.108461314579472,0.497255161957582,0.193887610292658,0.339551005930977,0.366992284281878
0.282192978775129,0.22386581034516,0.249039717833369,0.41589424374926,0.917844291689107
0.170836272416636,0.343583261332242,0.798009607218272,0.476406275854211,0.409377756615868
0.682781317038462,0.582451104855863,0.641412059039832,0.55063198235058,0.0501175915414933
0.421521078329533,0.282780085952254,0.965901347879113,0.518969875895885,0.164082620147383
0.862615254241973,0.869907281856285,0.783957860226609,0.869851751318687,0.636274716554908
0.430906019173563,0.366932433651527,0.33047076773342,0.565891633671516,0.630143881280674
0.376072274288163,0.636249177885475,0.0873585679012076,0.271499475679433,0.0195147382619325
0.35564879141748,0.00582233260502107,0.914679011670274,0.0681972379474793,0.412335964123486
0.806203364860266,0.519287906266982,0.791090054985703,0.753913012218885,0.567804006772349
0.870047767879441,0.725194772618124,0.827054494945702,0.860593693134665,0.831654889479978
0.21749151032418,0.14113483481924,0.29690669005293,0.608636752114163,0.879017220897367
0.481342074926943,0.723764629132347,0.304931576223105,0.450982981248676,0.39490118183312
0.0620552410837263,0.0500184687844012,0.782348256941984,0.0996684375372451,0.552348696539411
0.334595228079706,0.604516797844553,0.140854598058154,0.331331106168685,0.0470089966838714
0.446525576058775,0.715433359699091,0.400021124792891,0.323842444368506,0.484775266988436
0.680316087091342,0.293008776468923,0.739852012620121,0.41393728970728,0.0183374290645588
0.145619206828997,0.495130318595329,0.165982801608018,0.299967871927838,0.805719893571222
0.0782149953301996,0.621039132558508,0.0115884439732311,0.028995847438958,0.4949651734496
0.391606708522886,0.853239987482084,0.387784978180295,0.0973357971014306,0.205937353457557
0.825745045905933,0.306065105571179,0.79490496784601,0.61159493058294,0.110241150803631
0.222146218642592,0.776730402634712,0.190922351847444,0.131804193577169,0.217872952431208
0.888293939642608,0.70259698483278,0.837468066538897,0.85092950189905,0.758327715768246
0.955639947205782,0.916627651633462,0.906406634824023,0.969689164954926,0.886860367230838
0.0721745360642672,0.527721266582375,0.0395903377025408,0.126251606665118,0.593377538170898
0.451195292640477,0.977801777800778,0.230703062305698,0.055272227572839,0.199144403130049
0.525609110482037,0.927018569986103,0.349856448603757,0.166816648820432,0.28795793178142
0.981982383877039,0.31348807606264,0.993607316965048,0.637178302156908,0.192444866028382
0.0273538241162896,0.607108736323426,0.104879669415647,0.215228893471657,0.0494883587525692
0.896431574365124,0.968788770056562,0.747860238893726,0.995216569165483,0.795799581537722
0.589298595674336,0.174174033425516,0.515074607155213,0.644026980095758,0.478218262695009
0.762852441752329,0.317674924823223,0.755737317385617,0.652631612679688,0.460525047586998
0.106622140156105,0.229003097716486,0.0639107852722461,0.53152456996739,0.940823017939692
0.0591053026728332,0.486009289481444,0.0735279342065847,0.236806740325563,0.482333924708655
0.209238965064287,0.488277100288542,0.0907537670192005,0.351927158193064,0.0362822768802289
0.293752485886216,0.706040973222116,0.314950596208942,0.218713342059311,0.301749933714746
0.686922617955133,0.80364570018719,0.631845895028435,0.270378687594254,0.32550622933195
0.0460814931429923,0.225618741271319,0.445692641731143,0.742600812225134,0.813563005795004
0.0131790842860937,0.495457185286796,0.160688144720875,0.191054334271351,0.935910462721949
0.249104027170688,0.413258583255811,0.935098481377211,0.534988761207299,0.0394128299958538
0.346283638849854,0.147830283065559,0.329884824852746,0.838232678750348,0.818150281644193
0.986331150634214,0.00903588740038686,0.979977517664505,0.185844749979115,0.0832124382432085
0.0228946839924902,0.402364652749384,0.0200595424980068,0.0879674991257089,0.989194082765607
0.26416257279925,8.94677068572491e-05,0.234586833106975,0.999626542580189,0.96225874722586
0.263081329409033,0.0794600650842767,0.273568823937578,0.631514373897052,0.901410815393319
0.21081044850871,0.69677320602932,0.0457736490480161,0.0997790855887649,0.0708402869931888
0.776850000256673,0.857460163562791,0.654916910538363,0.721188222282528,0.491824424214428
0.881420410471037,0.489375010976801,0.884493217665553,0.695558117215413,0.176514909340767
0.982916326727718,0.87768765623332,0.959991197127942,0.964563567659996,0.938743629405508
0.0189640813041478,0.664806150802178,0.00855224152561862,0.0195402520188262,0.0909497500688303
0.616496803006157,0.425909576850245,0.253424354065142,0.700022969385519,0.391994447651086
0.0141554542351514,0.363898671843344,0.0140398108358522,0.0950515074048319,0.988929049606668
0.871123695280403,0.493164171202807,0.923229216694311,0.675402493712607,0.298176177806454
0.970700552454218,0.801575863180915,0.955250192450818,0.900100379863533,0.742602598067606
0.272180002881214,0.333803787798388,0.35515850602795,0.831021879154044,0.487412556743948
0.697587094968185,0.12756278066081,0.766808523113211,0.46313005747483,0.483788168377941
0.765451797284186,0.851979424682213,0.623343724918474,0.841046582883044,0.512560738628963
0.024276323383674,0.512752336129779,0.169352610958238,0.247498598668843,0.750062251434429
0.797984986100346,0.783972956618527,0.720993175188567,0.802788521627673,0.589768413017737
0.295384663389996,0.612774843611987,0.232103222700863,0.311671156573431,0.0968125611252617
0.00152506050653756,0.364046535716625,0.0946187027457207,0.264824656846967,0.995655656588497
0.0391270848922431,0.387401867337758,0.242326708211648,0.418636316758386,0.786100055061979
0.256667673587799,0.110653138690395,0.355100543618797,0.969238788474222,0.810669836384477
0.89480448118411,0.95413930437644,0.804334645868078,0.910660042957165,0.607953826576704
0.524047200102359,0.981702547491295,0.274375108686057,0.085242900639439,0.243645252572605
0.14717108127661,0.970853548467858,0.0905811525877121,0.0168499704177178,0.051232000841992
0.273005078313872,0.863419089262607,0.150123747907308,0.126707204629043,0.145797188539291
0.0530365211889148,0.111540582234738,0.808607726103964,0.228354302028626,0.503469382558251
0.0127669586800039,0.11999449468567,0.452764852340007,0.571104421007598,0.853966883994872
0.13757573463954,0.639280302828411,0.120818100986876,0.198094976974465,0.162839841184905
0.719956191489473,0.868674038589234,0.601902503069439,0.658825547958045,0.475015704083489
0.197093417402357,0.16959650881472,0.844885502048289,0.49587360070008,0.531144976703217
0.223788030678406,0.270930386177497,0.0859636070363709,0.333905925264034,0.952215850265929
0.348520930390805,0.919337078608805,0.276639115070231,0.0371750038355784,0.163689427048666
0.135039625223726,0.593130709399702,0.0985076306573439,0.211682132827159,0.212622335326159
0.21304097562097,0.64366655467893,0.387835437144459,0.160760551383274,0.182649128284538
0.189850660739467,0.461153159238165,0.244511817735796,0.324195932807391,0.788513915002113
0.578159424243495,0.215517147356877,0.865253390645375,0.324418163786291,0.0571311191015411
0.0294975906144828,0.573213682539063,0.515477077063885,0.0513286783572345,0.0666560389508959
0.914740162435919,0.204942498268792,0.881404181657497,0.560575006395666,0.163536744803423
0.649164188187569,0.331990324397339,0.835443063510136,0.586514497511211,0.605134404235287
0.409250910859555,0.926872667012503,0.238824615257875,0.089786299406808,0.226817274553468
0.00373729551210999,0.175655324332183,0.814313628797407,0.164957527255309,0.379014103353256
0.862023347523063,0.964339434431167,0.70814294280718,0.976883086758576,0.659199915913632
0.471079688519239,0.923330543591874,0.298131305416019,0.139055847182219,0.188960251718527
0.129249353194609,0.875296181562589,0.0386938188275845,0.0336971523304581,0.0223409778845962
0.390005279798061,0.535819663578877,0.495218163737543,0.367702389505676,0.972486169630429
0.733182937139645,0.507431442529196,0.332370316829999,0.963145884919548,0.744024966290453
0.811818391783163,0.433936561777955,0.661543630529252,0.734555001157572,0.0359885508951265
0.736695672851056,0.720829478086671,0.635274048185328,0.832661850565618,0.556342667638091
0.429209769237787,0.102970807376551,0.386480925706614,0.599666902302763,0.78827836693381
0.424195881700143,0.625340366299497,0.417656468570064,0.38472088109643,0.556508127279812
0.418006015475839,0.0492123141011689,0.180461215250783,0.890864561189377,0.932575086568249
0.303222324931994,0.101292670617113,0.34391859215812,0.521943404021712,0.84961706303875
0.135210732929409,0.650452373869484,0.286471912357921,0.150794804986654,0.253305058256956
0.893142119515687,0.968918894563103,0.772436812117171,0.935037975436933,0.629833013023017
0.621646988904104,0.432616779144155,0.702688571266706,0.490004353650947,0.368121775303734
0.818013248266652,0.684044150781119,0.740915245912586,0.902238423050766,0.962590584153077
0.923239568714052,0.469825338426745,0.929442908647201,0.727894501238949,0.501420927146683
0.313030405202881,0.366505985817639,0.424464700233609,0.377696331868895,0.765628632652806
0.434532521525398,0.861376438027946,0.172220415798488,0.188912400009581,0.244144851079909
0.743767170468345,0.904000393318711,0.504853571640256,0.981893138486,0.518177951249527
0.713044991251081,0.359899445989868,0.78053528045721,0.559968380953862,0.314572723844321
0.296842432115227,0.696266449202085,0.248195417328499,0.218548170013441,0.427524049737258
0.857145457994193,0.940591330436291,0.696496967878823,0.990510681926976,0.729047657892806
0.626023624325171,0.607146999536781,0.236148939764348,0.73512153442095,0.739013308106223
0.786145846126601,0.640191054233583,0.727547244206496,0.748599363539435,0.431362987234024
0.774552254937589,0.657438029098557,0.800592591636323,0.61093505662792,0.393246646417538
0.141754645155743,0.62366899594781,0.0123504073855784,0.0387536727906906,0.348035894188797
0.37656672229059,0.00047561593237333,0.511955643763022,0.46071879465926,0.839542133297073
0.704264265485108,0.533866713667521,0.612670302500212,0.761913969715263,0.633132130402373
0.0336648274678737,0.0803823431197088,0.0410885028980286,0.73546814827659,0.997394315287238
0.533257864182815,0.703734608396189,0.479785297877855,0.275523214972581,0.632122103736037
0.698406341252849,0.673544995050179,0.611114963030169,0.802643441271873,0.712066700711148
0.595707745756954,0.0188797115406487,0.76812076213049,0.0879064157252694,0.520331796753453
0.877247107680887,0.677408809686312,0.85926731050037,0.775994767425435,0.586760436679469
0.727711629820988,0.938928512885468,0.508549080163532,0.878035802432518,0.446552172332304
0.976119450060651,0.387242439697729,0.890182803295658,0.831249727055947,0.703084972075885
0.988401574082673,0.109526043845108,0.495909209652019,0.993501614736099,0.561864100192906
0.452319643227383,0.244629766297294,0.923315795528032,0.48685477379448,0.381051178934285
0.384386409306899,0.0450605521618854,0.0399920952005301,0.877259558036116,0.979991807456827
0.887923812493682,0.651429226825712,0.775394583736422,0.944141696208096,0.892824913520599
0.994808594696224,0.744131814717548,0.988754781653686,0.93201474575763,0.928708744206233
0.728577791713178,0.430898432299728,0.6664751958534,0.657293992123582,0.515153565182118
0.847363505512476,0.636775048478739,0.791206072313843,0.84965702790194,0.808382013317896
0.0679772419389337,0.149214319797466,0.385122381133297,0.502226503193483,0.843180775380461
0.312472100602463,0.325926827004878,0.0328058414372354,0.241254411447163,0.804342674993677
0.0821784660220146,0.996450308564818,0.0167282125255308,0.00149443065831665,0.022775659483159
0.327781388303265,0.356709225015948,0.841729626814774,0.537848170324206,0.716123003134271
0.823948974255472,0.78630567403161,0.728742900299067,0.904352066692028,0.743278204725357
0.791896824259311,0.747297382884426,0.722465291788729,0.812724386156526,0.694957611820428
0.519605473382398,0.0302458608930465,0.0993352801773475,0.952510368858664,0.958531792130088
0.556956714950502,0.59237892771489,0.708486782451387,0.382167801856318,0.233352914830903
0.49360495666042,0.459889196936274,0.473919334445456,0.645731582918924,0.525730361667229
0.23588248481974,0.456931761436863,0.353379152648755,0.351116763722052,0.333689025574131
0.784702743170783,0.364526674005901,0.934804718236453,0.547480443768379,0.0548850095656235
0.715343453921378,0.22888651539688,0.260661132047167,0.884463272943906,0.705096128309378
0.116414351388812,0.483384962572018,0.231028092063663,0.237970170008002,0.688654139899882
0.134697308763862,0.0391067233576905,0.691096523024488,0.0890132061795017,0.647813465708168
0.225447673583403,0.464458319445839,0.43261867519917,0.665802492503609,0.31664473170531
0.107501087011769,0.650387650210178,0.362092507196137,0.10125513494439,0.209545023826649
0.738097570370883,0.942209320055554,0.557971743156285,0.839377617167309,0.479935892886715
0.979360029334202,0.608173398388317,0.979995110530601,0.802418386999357,0.315111251460621
0.000316438497975469,0.416118295368506,0.390930817507665,0.00595113387752668,0.999661553214537
0.741004440467805,0.819413654709933,0.600629944315805,0.780484442035769,0.472643555171089
0.230127605842426,0.676388661639066,0.14717564697613,0.20993911634575,0.249046272278065
0.34022784489207,0.929694111953722,0.126545565711041,0.0788629036796082,0.158979214465944
0.976485238410532,0.45859687999473,0.967936338412602,0.790203884095988,0.968390652240487
0.678230703342706,0.60377965788939,0.593992910516143,0.86776082982169,0.602801917964825
0.137319918023422,0.433255967131117,0.204970919152269,0.437173555726993,0.587119082250865
0.613598815398291,0.278702088136924,0.573050335277361,0.48743825701962,0.452716929110466
0.671089858748019,0.701402342208894,0.585939418871702,0.698607081800107,0.635831082094228
0.677388579118997,0.676411808555713,0.591850862296525,0.719048331749484,0.409342132770689
0.197379984194413,0.581562286912231,0.205336962605436,0.378668788266422,0.261568681424251
0.804855716880411,0.0213093004131224,0.923837637415357,0.201428383047932,0.218826885189628
0.266517949756235,0.106924459832953,0.617526424010169,0.177599383957695,0.652812895335956
0.915337804472074,0.645255445822841,0.876096256077817,0.849031731512659,0.737263599090511
0.346104192780331,0.430372252623783,0.275006587435528,0.354108599024713,0.793736229505157
0.0696862244512886,0.332019737019436,0.137993412990822,0.354137027187527,0.981137245689752
0.912986624287441,0.608834744052729,0.889125408070618,0.821224933623499,0.823238927434431
0.110510082216933,0.442284612770891,0.326952465107501,0.27062796043827,0.920792034215992
0.508151900954545,0.646667545632226,0.406902855438671,0.486290744328961,0.174613387178397
0.397413350874558,0.970602684101323,0.284305271557407,0.0145339284000256,0.185046297119698
0.958679777570069,0.26791170364595,0.9869199593566,0.566711905788456,0.0376610250968952
0.466719949617982,0.0639580324932467,0.455077058581713,0.702956000455258,0.766499291203218
0.22298717033118,0.922410719824256,0.0412627282563283,0.0288436952117652,0.0523628554947209
0.0255828956142068,0.928916183562251,0.00199192931810271,0.00107716005949896,0.0195972142682876
0.956597122596577,0.729158097616164,0.929562993645712,0.893185250983422,0.858417266252218
0.774831782095134,0.807774013635935,0.725169458222605,0.571055069111672,0.425324968848145
0.719437168212608,0.958333774382481,0.556365265810086,0.433995232968849,0.412935669679428
0.178824880160391,0.101664750050986,0.762011999646587,0.289011987724624,0.534848470735596
0.53544192109257,0.8110213856271,0.439125639392414,0.370189932320882,0.3148553132487
0.436610843986273,0.924463302450022,0.218137656320219,0.152411617869475,0.171826559031615
0.39679215895012,0.506307605392067,0.3876719767625,0.517761488065083,0.440515378344571
0.46876162965782,0.361283419333631,0.299058425562257,0.762888034304356,0.249438584345626
0.249163122149184,0.103421818435891,0.551503475011891,0.566923368764804,0.705331052333349
0.958981429692358,0.701909854105907,0.939805139117038,0.876060459639323,0.829009154898813
0.54979567672126,0.803454941924429,0.494237779649485,0.256422889732294,0.29036540715606
0.898988683475181,0.907973978988593,0.799595040432876,0.9677201296136,0.798652530560503
0.742220383603126,0.528959244635189,0.846991224925235,0.58316234893366,0.0909412445907947
0.6062340461649,0.0242320961260702,0.321830792099048,0.965823382921478,0.875019160477677
0.936901927459985,0.0774935235094745,0.239786174141344,0.966394271994745,0.818228850985179
0.286572559271008,0.939886237581959,0.0928810230244579,0.0501319864031871,0.131265682721278
0.561232285341248,0.370394953206414,0.578566226430741,0.773687872354501,0.281008353544166
0.0785906303208321,0.208614661562024,0.621034397550419,0.357283166794003,0.613607576029608
0.233396737603471,0.223340303899022,0.838913975169795,0.379798907912971,0.348063708719565
0.488239608472213,0.856107359490125,0.398789675482726,0.281291201723947,0.375332067691488
0.423853887245059,0.995637260057265,0.139208614571877,0.0231874287653115,0.141842988232384
0.658179187215865,0.776847651955904,0.563706284538502,0.610932514701507,0.495579024864128
0.876094879815355,0.701535155327292,0.87135397219019,0.794927215719199,0.634592834365321
0.404120760736987,0.14401254945551,0.628151967741898,0.542092547407767,0.571148281655042
0.458569927373901,0.944064284529304,0.326173012428039,0.0782682584447749,0.203248397941934
0.59351098141633,0.960814949503401,0.327146968525038,0.394754400576359,0.304796872514999
0.324198333313689,0.783197471901076,0.227260053243902,0.215593755482258,0.159643595834495
0.479533073958009,0.418172916542972,0.348849820070411,0.784527144692582,0.424239722633502
0.595873851329088,0.310718892578734,0.409542162124459,0.922731425402687,0.34571551650879
0.905382225289941,0.697564691276057,0.870076017029294,0.853618345894937,0.82112105897977
0.726677112979814,0.442257211223477,0.299940449431047,0.746410236712852,0.34701369094546
0.381050651660189,0.143796011368977,0.212188917038432,0.928477058701126,0.853542930592084
0.846404520561919,0.859235051990254,0.709325441718156,0.982752526072733,0.873432682681596
0.32571224286221,0.366258187888889,0.732971924679012,0.536368098151542,0.157902960985666
0.705041748238727,0.662527314998442,0.5537663962281,0.901345577526291,0.673301141097909
0.920946461614221,0.993741639103973,0.787108067792184,0.994351692403997,0.733126982901013
0.122031163191423,0.165911095362389,0.721872891671294,0.200666280585195,0.683259740035282
0.485325207468122,0.846067774895346,0.24356100123224,0.391205972766289,0.194248752581188
0.674929088447243,0.254727290855953,0.0444526828333605,0.541287460222018,0.619634937407682
0.594536753138527,0.664004582067719,0.340346964581225,0.735089248465346,0.29990664232173
0.339726066449657,0.741158466524212,0.430987847054344,0.0908237352133612,0.193860453407979
0.992023398866877,0.134005809872178,0.542144121036671,0.99455790252202,0.376254375063581
0.99688104307279,0.788704082398908,0.994710288674547,0.922524484002862,0.776791888376465
0.057157380040735,0.231810144759947,0.297360769540235,0.430590962543568,0.908274321205681
0.914364305557683,0.577622387587326,0.903695598277057,0.747677978210508,0.261996314482531
0.22597419959493,0.545924208912766,0.19662462613894,0.136865787786782,0.989579555316595
0.337564493529499,0.607391927653225,0.028201132194644,0.0887971904050469,0.290731521468842
0.4804612044245,0.25945880371728,0.380742326697908,0.683580314701855,0.639268397790147
0.863282816717401,0.211700956657296,0.963934644681998,0.506665328540136,0.185829694702988
0.621616218006238,0.780822522152448,0.499447728261934,0.676119385714507,0.448989613068989
0.135924024740234,0.184694652009057,0.0417155885039924,0.290286128803707,0.992707221623277
0.781174601754174,0.362629817653215,0.801865312314408,0.657715676985998,0.651408495003125
0.372898236382753,0.0286714393587317,0.111082749086121,0.944356643852921,0.968115585128544
0.697219685418531,0.0292517605994362,0.314316649677603,0.947430427503578,0.865563017228851
0.799715366913006,0.670661233743886,0.611113443238846,0.984813019418129,0.681949672201881
0.8267496668268,0.547496917453827,0.837687906351982,0.679289303377065,0.594392694387352
0.586701377062127,0.27204552970943,0.352163505498687,0.71793217214651,0.668464241578477
0.613199998857453,0.141412571334513,0.606135037674329,0.476425244511911,0.567673644545721
0.717968852026388,0.491280367859872,0.758455138775956,0.607694031477022,0.258394418371608
0.289192614378408,0.071576662681764,0.761337107829445,0.233494685012506,0.514099376829108
0.919931192183867,0.0129167622944806,0.308342027364998,0.995767462763252,0.839044039166765
0.430845939088613,0.119969844614388,0.664158829659704,0.736410707510571,0.507431691075908
0.79334732145071,0.539723209250951,0.821879890421208,0.548308177817742,0.0215813915419858
0.687816785415635,0.632214370270958,0.712421266922742,0.671519764886489,0.595587749354308
0.602983136661351,0.174067735933932,0.875253165720758,0.527537578669886,0.469620836927788
0.908512588357553,0.338780532270903,0.849011811978845,0.710983055930989,0.427958785468945
0.0983340141829103,0.328858343098545,0.345585946759793,0.478204100453589,0.833630297362106
0.811568446690217,0.652713007497368,0.681379618399429,0.962033663951114,0.965376696985913
0.67211167817004,0.315341274108505,0.5969388809042,0.657952484050535,0.0260901387373451
0.541362341726199,0.720329066476552,0.517280412251729,0.414202946135117,0.4665351981821
0.125640866346657,0.840473097952781,0.00523263347957281,0.00735512803223877,0.0545185983937699
0.874511496163905,0.968743255158188,0.724874400267643,0.981459808288294,0.674164152442245
0.378330110106617,0.0990857603901532,0.461275180216097,0.978595775507285,0.751918680238305
0.440035798819736,0.917788494174602,0.402595973498213,0.0579500863358578,0.236287085659569
0.272476896643639,0.812026207189774,0.25027345134629,0.12137281857169,0.125587921385886
0.869494179263711,0.502069316484267,0.890508248205158,0.660503706727373,0.0852740526024718
0.427290989551693,0.349628888798179,0.334928787353585,0.418485051994071,0.660985985625302
0.960272056050599,0.323210890084738,0.956472371748296,0.643475567193554,0.0379658970923629
0.327974946470931,0.240847113163909,0.731128800698303,0.27739507727379,0.452020625671139
0.428963618120179,0.606353502225829,0.0580463032134909,0.185965718274615,0.0773491558793467
0.902144063962623,0.204587915999582,0.718741339534038,0.786856313538214,0.119319824414561
0.171522594522685,0.614219456649153,0.0599630367477504,0.147170427771993,0.0923191620095167
0.622010590741411,0.243120903061936,0.115296741825891,0.547642283715612,0.865785066242097
0.778943574056029,0.308581448596669,0.773497195684799,0.667598622404462,0.487382837833138
0.884015836985782,0.19486455063452,0.977036497607328,0.530845582670089,0.302609880716773
0.916835718322545,0.811532431602245,0.876865664110594,0.872851702521152,0.691041755402694
0.534582009306177,0.603591197490459,0.441404835745954,0.54390736954807,0.697139398223953
0.668286320054904,0.705733550334116,0.574815093411502,0.833885368893332,0.8869821234548
0.171625782968476,0.51363851208589,0.356966405439036,0.260754569086676,0.532938006421318
0.0657947864383459,0.00858965519000776,0.813016672740333,0.0401120017557669,0.574948816705728
0.953641469823197,0.257642387325177,0.668178192464756,0.939359202362634,0.0350845677603502
0.268951557809487,0.70808889446198,0.0983964798974523,0.196706146300844,0.0240655140660238
0.674025917425752,0.103902270871913,0.797321706931269,0.373624162248079,0.444108723459067
0.960435096407309,0.43466081933002,0.963804260678703,0.702547307195225,0.0580829265818466
0.126376986736432,0.245716265548253,0.191447083921258,0.553766581140595,0.937458320142468
0.886365195503458,0.198251923517091,0.969052613102716,0.493657601075867,0.0584379050123971
0.262553192209452,0.390836639184272,0.218647814510479,0.452191776631595,0.739673578325892
0.951970605412498,0.23005072682281,0.887377659992378,0.645957161810719,0.354682342469459
0.939938383875415,0.553443072043592,0.951629932916471,0.752072588784185,0.450496821926208
0.258965234505013,0.716972114198143,0.0695017585456344,0.125147712186141,0.238142411835724
0.035159288905561,0.792187125858618,0.147469598326909,0.0870101648555925,0.115736872685375
0.2969007010106,0.888410952436971,0.271851816804391,0.0467921588977079,0.193497770378599
0.732523585204035,0.87138844493893,0.636924168354645,0.536142187027362,0.433852789603407
0.473698046524078,0.419829171121819,0.646185859403163,0.622829191102437,0.784818974003429
0.442551956977695,0.686124886473408,0.243201705449024,0.513731719083891,0.00594369243481196
0.233500897185877,0.324046765890671,0.0707451893479771,0.345046505887108,0.901283437415259
0.0105155787896365,0.773319667001488,0.0131270662976706,0.0209196260405075,0.00171030047931708
0.0553833527956158,0.304161118721822,0.56804126867163,0.0667848412830772,0.892019083636114
0.576147380983457,0.407515271130251,0.288341012430984,0.807515757014147,0.393875091598602
0.653462066780776,0.835153458203422,0.532054842865418,0.581828189641337,0.43690902311937
0.56575674447231,0.654259669216117,0.336815210342699,0.684418881424486,0.663291078613838
0.524720804300159,0.942887696059188,0.293342060630129,0.176243904043684,0.238585110026179
0.609067260287702,0.140384122874821,0.205467357350293,0.639001168146566,0.874395768769318
0.638832950266078,0.868801447999431,0.399843612681998,0.822004815220671,0.418581851787167
0.0974842242430896,0.665464405872626,0.381183017526723,0.107203128245047,0.0974491594533902
0.863213525153697,0.0362882674380671,0.520997136631204,0.765552277349716,0.707496931689093
0.538882709341124,0.443033268180443,0.420062599374671,0.643625499477065,0.402086276706541
0.827838788740337,0.369700471084798,0.871106787041347,0.568369470234498,0.100674564222572
0.497949894284829,0.991657658159966,0.25776666015737,0.0697734526510452,0.200624070683261
0.645718146581203,0.633696906414116,0.669841411180179,0.449782386646817,0.762297545938054
0.769473289838061,0.742924341378966,0.631658097269932,0.947355505750249,0.834421292733168
0.286872744560242,0.034923500061268,0.673293330089668,0.178884744809147,0.654374039877439
0.0377334970980883,0.334518096671673,0.000499686590849535,0.00744636235912526,0.977054852730362
0.8747449205257,0.123365716688568,0.323403469082766,0.885368912439559,0.732882253796561
0.770345965865999,0.360123002348701,0.615804627019365,0.824534720882539,0.183787043410121
0.0879419178236276,0.0245867813646328,0.63473142657015,0.152954340744554,0.718948202877073
0.463094929233193,0.986749101517489,0.265548519228872,0.0337613227530466,0.218610655952943
0.869932668050751,0.855814845213899,0.800474675815481,0.863771473531616,0.65663010100252
0.0357892012689263,0.622657154948683,0.283272658127253,0.161142145585233,0.210309720685473
0.799119615927339,0.785925848846091,0.736124675699591,0.754211315742556,0.604575532692252
0.81401475565508,0.697951819078298,0.759369379873674,0.793698128072582,0.67748540834873
0.73238826659508,0.926869531074772,0.595836835118347,0.467615977486204,0.412775226490339
0.623959603020921,0.37261125081568,0.73578408819713,0.528486292667184,0.66524263782776
0.681318930815905,0.687677931244252,0.566904699327815,0.947177133060556,0.90174564634799
0.577590886736289,0.904284055664903,0.407810169310102,0.340052035806652,0.316885059437482
0.46341528557241,0.614235090004513,0.435835145449489,0.486155077815996,0.765753069048515
0.793483362300321,0.237995323928772,0.769101713947006,0.528199963421914,0.311613450146979
0.0091279330663383,0.486223200015957,0.23835340160846,0.258518230040928,0.750941868202062
0.0308666613418609,0.0332041761430446,0.288036105703993,0.987972549152556,0.922069456224563
0.448870160151273,0.649902212171583,0.490115740327523,0.271844984259142,0.183509390073596
0.20078045479022,0.980007683072472,0.121106135024979,0.0263209110415208,0.0646283202513587
0.106140361865982,0.0146037109952886,0.123771918918825,0.949374215587585,0.986199929233408
0.988886982668191,0.918915033602389,0.969610092626936,0.982137972149411,0.981780074507697
0.653608700493351,0.769731483218493,0.590270972029029,0.69228813171301,0.500114475173177
0.594721640693024,0.303417159215314,0.55059525860982,0.797152128558374,0.680041083396645
0.978251310763881,0.642699626419926,0.964650004839354,0.875813708274535,0.900558220077073
0.440648095216602,0.327035839756718,0.462668008458815,0.443772332371604,0.214645381289301
0.545908383326605,0.842171860014787,0.343243348768309,0.542024992212939,0.452592310582986
0.841319820145145,0.691980094445171,0.710344830697749,0.964659309840177,0.986931312741945
0.984367952216417,0.248070970497793,0.995401810609834,0.611584360591567,0.315409955073847
0.723552267998457,0.863929654384265,0.620643713784366,0.511380610779911,0.451710589491995
0.280840302351862,0.846413810009835,0.145152422757285,0.130812810787757,0.105677372164791
0.144506489625201,0.916245598316891,0.0283010981101646,0.0211550533012788,0.0130099674861412
0.305228562327102,0.883728353685001,0.178852833045642,0.115894138380636,0.0991583243303467
0.783336124848574,0.551876306271879,0.5631943919275,0.973546743111553,0.842702846537577
0.371303812600672,0.137325931427768,0.90093429358778,0.311368370069207,0.302001392614329
0.166471114614978,0.431903568416601,0.196511267621232,0.539211461127128,0.382370464940323
0.864690804155543,0.92168288162793,0.776756237186828,0.847638129228505,0.578732544701779
0.810486837290227,0.670065139274811,0.767625916855817,0.853907344633063,0.897988980199443
0.187240448780358,0.852594793454045,0.194824096343326,0.125327379040668,0.0256125383020844
0.524485914036632,0.930931540293386,0.306136355187066,0.168378441718426,0.246716836496489
0.225514052901417,0.0782009173708502,0.0350353333785518,0.69408647018731,0.987978955236031
0.278349538566545,0.876530437468318,0.207651618658268,0.108008437007067,0.121162573137553
0.197313137585297,0.458032413356705,0.411587627616553,0.332749359542677,0.861989222146804
0.598394913133234,0.844564779050415,0.390584524577635,0.686069654221421,0.45686636530445
0.116472832392901,0.25567902714829,0.624374683684412,0.13150118722521,0.560691131075146
0.413857753854245,0.137919521803269,0.762622363908355,0.403642119293015,0.332542710035341
0.841902500484139,0.335448083322262,0.687208846371508,0.799904918960612,0.200798597506946
0.986406835960224,0.966506397438934,0.960696323970879,0.989175675909256,0.90151550291921
0.981596811441705,0.270376821135869,0.974967646560212,0.674087969979151,0.642338802659651
0.19272662838921,0.362305998598458,0.393109168038293,0.457043612988662,0.832019031600794
0.828553931321949,0.489012900361558,0.844510857301041,0.734514054419406,0.889062177942833
0.921774207381532,0.470131440466503,0.947672306083306,0.678137552040619,0.0975436055741739
0.585968875791878,0.982858419039985,0.391853707325302,0.0360949224836186,0.285762797837378
0.101234056521207,0.64792757757823,0.34372560121557,0.0462924240800717,0.409632427705219
0.300492417765781,0.481913061783416,0.158197896628916,0.45603902219045,0.205452223162865
0.208163739647716,0.673060271627037,0.0881091678661952,0.167609289877088,0.0475205129769165
0.191849505063146,0.00315604530624114,0.114462084592154,0.993949525822976,0.983811903483002
0.9838900140021,0.852079417643836,0.966733926522676,0.953241435745199,0.937432963430183
0.665288559393957,0.386582072620513,0.550453721203119,0.655122449828086,0.0999757312529255
0.871875565033406,0.389026424003532,0.460508032200193,0.992716987626581,0.0429919072485063
0.100847502239048,0.637312650884269,0.107063372268699,0.197845452395779,0.0562970364990178
0.76779768220149,0.585808042000281,0.807256327386636,0.618569289246135,0.26410982964444
0.890205200528726,0.0384954217879567,0.303822513916979,0.993507466083325,0.843641501356615
0.90507038263604,0.965379215747816,0.795905138482334,0.965946499810781,0.685337398579577
0.750807605683804,0.53980540347402,0.68584699080887,0.813317219110829,0.891138638573466
0.0810878172051162,0.562585475825472,0.205973686684529,0.220608876772506,0.47454121246119
0.167541730683297,0.856236730149249,0.0532754504205113,0.0546796230964627,0.0215698796964716
0.131075203884393,0.0505288358253893,0.646991090693888,0.0621234737467097,0.726235965063097
0.219495428493246,0.288550233555725,0.0911325698676624,0.309183429759494,0.983656828087987
0.227557037491351,0.269585532980273,0.419105051202796,0.631191529105369,0.709824523684802
0.512417242396623,0.502369005902437,0.674487565308128,0.310315060957202,0.416610247310018
0.757169705815613,0.38502976539894,0.881706467321449,0.501600135375713,0.0335684208257589
0.669255110435188,0.521715075272368,0.754253471034814,0.435529897157251,0.105223930586362
0.780429410748184,0.735542110545794,0.626579578803498,0.972455003956362,0.949208276433637
0.246686475118622,0.514929833792849,0.322205193651312,0.254162802541477,0.718325207097223
0.827943017939106,0.999254162219586,0.592344421142855,0.816423295522225,0.525949571252568
0.113324378617108,0.0262380626227241,0.12649354474109,0.918215523045966,0.98367508672527
0.954130879370496,0.158186975022545,0.980738921979785,0.496159648131463,0.100399970688159
0.633443077094853,0.677074160106713,0.609187857007505,0.227279673185027,0.150336461752886
0.799348570406437,0.222944229870336,0.450985452681882,0.234006306178446,0.559600232372759
0.0373015005607158,0.0618033923965413,0.569145148268994,0.325337970026392,0.764492501475615
0.751074278494343,0.00029945737333037,0.399716515588998,0.925504118020318,0.868251343461452
0.0727557537611574,0.536130381486146,0.123830684618554,0.281276165455064,0.195856339560123
0.315153328236192,0.259116356115555,0.526901284068099,0.607731585263973,0.513221453671576
0.436696691904217,0.394286058814032,0.707194417450163,0.441773380107038,0.861047214391874
0.636301688151434,0.348299991426757,0.799677967495581,0.558261433969887,0.613046544109238
0.889234045520425,0.64520085733966,0.8957121825698,0.774535804482592,0.533610016078455
0.717927060788497,0.251270175067475,0.274824668529825,0.916794863254107,0.498165227327263
0.620290820021182,0.896080313628772,0.454680029652436,0.467974505076927,0.353478530276334
0.261619205819443,0.925552057131426,0.104359484347999,0.0613842964212533,0.0865219477273058
0.071222904836759,0.775139991746983,0.0670640424465189,0.0577915640255724,0.214015641220612
0.165421666577458,0.146598701569019,0.23101176108911,0.703708367367199,0.9188184714003
0.805968993110582,0.886264819506323,0.724450442156956,0.71039216112374,0.521621733816573
0.337466420372948,0.255881913384655,0.160811026530693,0.468592984844975,0.901954152534017
0.505772492848337,0.436204634228488,0.669602823954678,0.642910793262316,0.403921376419021
0.301486881216988,0.417913262353977,0.359842034787389,0.25534807468218,0.877338595077163
0.703922097105533,0.00440588322817348,0.956879362317165,0.088452964089302,0.210424054908799
0.754386407323182,0.781547710153973,0.672381358278384,0.702547204871736,0.499479001417058
0.965288813691586,0.964728099148488,0.902090258623081,0.992693871150125,0.941614099167055
0.0577369497623295,0.371961272699991,0.491130326800839,0.0546374177677306,0.811542836512672
0.155170757090673,0.388668029656401,0.0517312506266928,0.249409657350664,0.812931037129601
0.166888857027516,0.762774472968886,0.191445596731572,0.10045220334878,0.230661616049474
0.508382623782381,0.305603507178603,0.59621272640488,0.49267606696791,0.257715494284639
0.936412383802235,0.824204179371009,0.892920904013539,0.925281853739231,0.864084652712336
0.558105422416702,0.385019115725299,0.4114746563631,0.677435822809194,0.41253743195557
0.24136160989292,0.935364955774276,0.115420792050779,0.0484774776221917,0.131207256257767
0.641190476715565,0.943581778759835,0.405862415419082,0.625028450339093,0.385033596685389
0.179896976100281,0.668936915782979,0.290476382389546,0.433842617162632,0.00390999685623683
0.939670514548197,0.526833984506084,0.943929996046215,0.744992423171184,0.293150520097697
0.958532410673797,0.552515421848511,0.95372275094515,0.802811771414812,0.853235931630479
0.777997343568131,0.164911263418617,0.664644214925562,0.559281723272244,0.248931249923771
0.930524940835312,0.167734967573779,0.974085325033799,0.469292117451908,0.0493028627533931
0.455335271079093,0.853023567091441,0.311732019684637,0.15718799565163,0.193018747173483
0.269501158269122,0.733614002325339,0.398168442036859,0.0776980546998768,0.0731800909561571
0.685194070218131,0.758859066438163,0.587469547845678,0.77775070003347,0.585357895615743
0.561514689587057,0.625266429007752,0.461990156063978,0.701395159521109,0.442322101764148
0.676753553096205,0.278242554835742,0.0603168911868672,0.475562493928854,0.598764919821406
0.716265458380803,0.735026686132187,0.677342254444884,0.583527685151866,0.416275818861322
0.343171204440296,0.494937648443738,0.351311122359353,0.498118567381442,0.0679157248523552
0.744463281240314,0.303687458770582,0.527529023600097,0.895242468366107,0.423171733709751
0.903492257697508,0.193599008751335,0.930401386526775,0.536742168879978,0.319463509687921
0.0125424792058766,0.200395264575491,0.524871374953887,0.629242889315274,0.695803467038786
0.3389541876968,0.106070496578468,0.849534090335985,0.341073005133837,0.421695771656232
0.937768543604761,0.325922148273094,0.950853467642803,0.6482594688582,0.306925259967102
0.296316732652485,0.636157645581989,0.171970673638961,0.279801170717519,0.777643673616694
0.718534249346703,0.127571789635113,0.890446279195192,0.45618798550639,0.310751929442631
0.757710951613262,0.189455321495188,0.64342051198232,0.680361914138634,0.350744021212449
0.507316968403757,0.0974683626263868,0.916813601130938,0.286874577535581,0.154624557850184
0.68505955231376,0.119529557210626,0.548853012483602,0.75780380608345,0.580634537589503
0.618407651782036,0.806208218826214,0.515628083582338,0.388513126530262,0.405304216343211
0.327194923534989,0.545766547118546,0.666845728909492,0.387582536220535,0.15972999643418
0.563994036754593,0.739193788933335,0.627110081381154,0.371960243922256,0.144077560136793
0.579553344519809,0.307249380362919,0.455129309279785,0.841159068465389,0.706027064676164
0.142456624889746,0.193933083704906,0.610932978798608,0.698734471538111,0.500411478424212
0.558343798154965,0.691927493637195,0.545412836681709,0.546598928865209,0.441711423482047
0.814981483621523,0.664736954582622,0.753560206547217,0.882083913817967,0.953478397015715
0.384381876792759,0.961917897308012,0.184006230327956,0.0726535332450168,0.136837425554404
0.326821578200907,0.692791251902236,0.0816317826509772,0.170367747956296,0.160139694198733
0.630190408555791,0.384732962033013,0.317234848966254,0.534373950232186,0.705808479426196
0.382462664274499,0.755939676746493,0.288123036809916,0.279982713125498,0.218546584510477
0.0525110701564699,0.329444273695117,0.212250284513579,0.25632551467748,0.986105026473524
0.637171713868156,0.298759729455924,0.369283041928559,0.779889763918868,0.674406695441576
0.497285770718008,0.240169116557809,0.912383848556994,0.407525910087314,0.103394419682445
0.954127227887511,0.441813156561693,0.970205535860108,0.699399521858693,0.301393281115452
0.485535656567663,0.528426467062673,0.348519996132486,0.685201337165314,0.825840781937586
0.0921084163710475,0.0631499317532871,0.203287641099803,0.781204176749116,0.957587226032047
0.95960689894855,0.992287766450318,0.876359440155492,0.99663830724108,0.838076734886272
0.270333204884082,0.752842076733941,0.128222722116423,0.154890723686036,0.0848940302676056
0.712212867103517,0.449759016890312,0.687319579661584,0.713959656387784,0.8762310637685
0.901810541981831,0.911342392239021,0.816652241073158,0.92284140154357,0.686802905314835
0.682974321767688,0.953410501155304,0.459645406612617,0.720469723419327,0.428707065322669
0.659336586249992,0.763832409371389,0.56475370291514,0.685394201591033,0.524886706407415
0.712730785133317,0.407830497104442,0.684169516438665,0.626872174696551,0.173398152430309
0.469104558695108,0.517298606660916,0.573906741468005,0.443047251024482,0.176633775728988
0.295658867573366,0.253770140378037,0.722633001004406,0.454171746559579,0.423595537169604
0.704868418397382,0.292044987290865,0.580680756083624,0.789783342200692,0.436954814038472
0.973969805287197,0.975795541919069,0.926052681913885,0.992039602409668,0.894383028120501
0.432260596193373,0.298333314683987,0.336476121839804,0.793610469738078,0.565772169007687
0.767468224279583,0.864010170655092,0.64339436276483,0.867887933819631,0.583657001057873
0.702842559432611,0.664386975433445,0.68838222118818,0.686019597304482,0.660926992626628
0.983418705640361,0.725371348351473,0.974558015372041,0.889938378706074,0.816250462637981
0.271396970376372,0.419435907941079,0.44743654224493,0.240972326767056,0.447627817775356
0.873183076037094,0.0989626891387161,0.798766423549967,0.407228991895163,0.346031331078848
0.517201975919306,0.43820185304503,0.625025788934913,0.292601740656604,0.000419749616412446
0.902641436550766,0.732766989356605,0.832821081694764,0.904558565189633,0.772539325087564
0.566198035608977,0.303611785726389,0.77899893558134,0.420595419693479,0.191782466165023
0.322444665478542,0.251646561984671,0.569863931573712,0.442145304705972,0.418013568181777
0.791478285333142,0.861644228192745,0.693171598187698,0.760023105255878,0.519814386527287
0.793919465271756,0.177871694351779,0.174444914437716,0.921051277532431,0.725574498559581
0.96864240989089,0.125721877178876,0.991501048793329,0.482534624170447,0.156661494838772
0.938413146883249,0.9955859228794,0.827937440829953,0.993669810130459,0.717689777811756
0.714904089225456,0.157917276344961,0.460621163130867,0.821042239630575,0.639879629568895
0.20857558818534,0.85293909694883,0.303343522028525,0.0586582991256214,0.143368680990534
0.188085949281231,0.957801739481511,0.0886706784091272,0.0340681659931601,0.0578411377791781
0.998525370145217,0.0554077428823803,0.999867748296625,0.334359003652336,0.00167175495880656
0.112181959673762,0.337751732120523,0.134116393004717,0.431476420275941,0.905419164948398
0.291878395481035,0.779426933353534,0.392347668467478,0.15352636032277,0.13492884740117
0.499076005304232,0.815423024614574,0.354442668799134,0.400329552144823,0.369501544424566
0.503746713977307,0.823018427152419,0.361124009420136,0.417254189359866,0.422168169665383
0.564295171527192,0.438019162014825,0.712753062379576,0.590022998141079,0.160687732655788
0.674006457906216,0.361363825941226,0.359598897711704,0.848451767096334,0.249391600169474
0.728883177274838,0.54030745322234,0.714272654057882,0.606654327143426,0.700475202029338
0.785057029454038,0.986671940860106,0.505031962132334,0.991299947111125,0.570223056041868
0.0375446584075689,0.0363952849002089,0.918760553847929,0.125490856066288,0.486929139500717
0.733918925747275,0.87978326776647,0.633276329620317,0.486866280524666,0.467147571704118
0.767175429500639,0.0821711561002303,0.0816094435750884,0.851406439262917,0.925613531697309
0.0863039568066597,0.339604268461699,0.0384345162455186,0.227372580012941,0.954164697235683
0.277211890323088,0.481608582864283,0.389659115194743,0.790896817835334,0.0186413309711497
0.0192736354656518,0.0847452473535668,0.785172237229258,0.0729135789515879,0.577461745968321
0.113499413244426,0.463921449758345,0.622836963202922,0.33461076826882,0.16576188095496
0.991108729504049,0.622634890285553,0.988872931798625,0.847967482633337,0.669274574582232
0.448472421849146,0.453972492687171,0.015588175988545,0.104700519810898,0.42955274679116
0.102819672785699,0.225666565849679,0.0997379806500186,0.645329398376017,0.94188841493451
0.860866253031418,0.647732175450074,0.853330592661577,0.757991431983547,0.614629134506686
0.548586320364848,0.639742432598723,0.50430688616673,0.485055198518638,0.262762766535161
0.664963272865862,0.60184069085517,0.373730926823519,0.903099949648254,0.533725769346347
0.655134848086163,0.43891208714922,0.66177112826992,0.642490390697355,0.171402968495386
0.551189079415053,0.0279012677201536,0.565419069458172,0.35876820792732,0.712411866144976
0.434520950075239,0.559561713278526,0.253819968035163,0.663880574172745,0.149499374645529
0.0193241827655584,0.193368990934687,0.711473036161904,0.229249367565564,0.662453931261552
0.708725149743259,0.479770138423191,0.694038199308599,0.796893093807933,0.721227021102095
0.476924840593711,0.896313382050721,0.187267961833748,0.244273785153279,0.182434840622591
0.43159126280807,0.159345630934695,0.482975032284535,0.312886435326451,0.722514309774851
0.0338402506895363,0.389103561494267,0.00419954936628159,0.0425874511081343,0.892579319566721
0.157949551008642,0.0575104005110916,0.263993777094888,0.552635145536423,0.927833382069366
0.848457884043455,0.600928865402238,0.875716173082646,0.715097654287495,0.533760304591851
0.46494729956612,0.632214494253276,0.579539213852826,0.178806705886487,0.282738537265686
0.297877160599455,0.286221593647497,0.416900812615228,0.188182939197137,0.676803103036946
0.556251651607454,0.940051497804234,0.382827113231639,0.245510496066165,0.276628473453457
0.395220610778779,0.487666288128821,0.283782038648593,0.689639162448396,0.00613453882397152
0.702482463559136,0.642482027265942,0.654616516383372,0.728464273219175,0.892220145935426
0.102576842531562,0.292485673242481,0.556394249368268,0.345243849489727,0.552546812657965
0.452718998072669,0.238771379139507,0.387807118821517,0.843303304490317,0.715807145606959
0.145707408431917,0.121023998042801,0.723015053319692,0.245675669278265,0.478707166475942
0.501038703368977,0.941768690448953,0.299043550712492,0.19016192517983,0.252567247749539
0.890351675916463,0.0674815186357591,0.805618792539961,0.270631263062812,0.317145485401852
0.861269914545119,0.829876462375978,0.781720976915613,0.875127405384558,0.652753173751989
0.638610153691843,0.297448596887989,0.923634303125007,0.50150628682189,0.207790916174417
0.600845261709765,0.0596878345531877,0.692379925665399,0.482231727999656,0.596090871753404
0.832114530028775,0.502313530858373,0.748111632592746,0.87423602440992,0.98359137456282
0.740369633305818,0.769185129000107,0.675601042615401,0.748437028909466,0.664845052262535
0.61040410050191,0.241622296540299,0.696813929078169,0.375687044258991,0.0732158494938631
0.614270351827145,0.37226588014164,0.445318894629132,0.812675249690928,0.34415574328159
0.793782161781564,0.26856387310545,0.49900531116724,0.803546292793854,0.485158352908911
0.124034996377304,0.485512223589467,0.446400378056261,0.207687476653891,0.681394848128548
0.455900968052447,0.839773466199404,0.219263567180755,0.364959834719326,0.182226832635934
0.706206026487052,0.30441707445425,0.38011838999369,0.906064611479373,0.510253502550768
0.311089382041246,0.937033146648901,0.153429444978533,0.0685168218863465,0.118533000844764
0.787831051973626,0.368323312577559,0.915046821991165,0.586230311796938,0.348869103152538
0.811828362522647,0.927764455991564,0.657740660858685,0.912312095621877,0.551922647020547
0.342258835677058,0.173064633127069,0.817912990546884,0.400427667321967,0.498237299994798
0.117437117500231,0.139274400746217,0.283949162290846,0.823945704168405,0.886388818762498
0.942269174847752,0.918598805816146,0.887314102317475,0.95111771688063,0.780129162390949
0.883183197118342,0.0328439332370181,0.916679408754612,0.250497627217169,0.168881568039069
0.913321235682815,0.965092195285251,0.797617467545657,0.985324096881569,0.764892148872605
0.646076695760712,0.284568471164675,0.757487538407324,0.525957105150961,0.422288356377976
0.0195568113122135,0.745432013267418,0.0443640552235341,0.0442651713386037,0.145460606407141
0.327030723681673,0.41217051379499,0.139172129033821,0.396792924349101,0.787409632612253
0.0739773395471275,0.0268280644377228,0.98629622361331,0.174078286523456,0.167227917962009
0.238542640581727,0.171618995751487,0.0724686139283675,0.476295608301441,0.975048310618149
0.249934259802103,0.460242546832887,0.134826723557271,0.292103257078704,0.821613596490351
0.251331578707322,0.853074318059953,0.0329015526645194,0.0405164432382907,0.120603649324039
0.245912138838321,0.368694109522039,0.432748234722392,0.698293616459241,0.661811484518694
0.265802515204996,0.813902716181474,0.145497969965099,0.135252484613223,0.171323811257025
0.550546806072816,0.144952666858444,0.412078110687122,0.923328416112083,0.701166955317603
0.611308053368703,0.569346254254924,0.627368236542406,0.765141050592142,0.884365779435029
0.388215593760833,0.00573933075065725,0.789587468035996,0.0244684396660525,0.550492482405389
0.670501794433221,0.628425503469771,0.645872167020998,0.695069572872268,0.79464806386386
0.931655392516404,0.430268784664804,0.723101672328531,0.96015991616793,0.832820062147221
0.918593964073807,0.117932143999496,0.601194216685401,0.790291295736468,0.574723285768414
0.742144359974191,0.693039430334466,0.729524073578458,0.668968521271238,0.498907449567923
0.597657346865162,0.199151906039333,0.617299016317442,0.439891870806858,0.374207660235697
0.454181859269738,0.882280231016921,0.280891857976096,0.230997215337669,0.18692276100046
0.986342215444893,0.679988121177303,0.97133063986672,0.915880212630175,0.989791221945779
0.995887819677591,0.88608067840687,0.988567592575049,0.975185750298267,0.97333484198316
0.19066121452488,0.931132546189474,0.141996994577958,0.0398308451331957,0.101981342158979
0.414848505053669,0.94786942951032,0.253194302090083,0.0760328862430782,0.169704662199365
0.535913256928325,0.491936183272628,0.11457437897148,0.376497625179142,0.219600364303915
0.63987784460187,0.562260377191706,0.492104141316232,0.871150231045313,0.12299452201114
0.592858118470758,0.801347050146433,0.565949153588536,0.367992426322967,0.323444914160063
0.700453046476468,0.841099607961951,0.600677313011344,0.543286901113577,0.441220318345586
0.197710473788902,0.952844088868005,0.109727053436719,0.0361741209896789,0.063933042489225
0.192211760440841,0.357665612158598,0.0118037571968017,0.102682765715469,0.846824798354646
0.669457418378443,0.0555361372244079,0.801188878867637,0.240324528091947,0.396055679098936
0.343027424765751,0.380794688971946,0.557987899878372,0.482511736962422,0.719929064420285
0.57692978810519,0.508349483454367,0.544815513690314,0.799210564676436,0.115759034844814
0.108231871621683,0.0988523430714849,0.413830459626426,0.175392727083195,0.857272779830964
0.0305477746296674,0.338754489523126,0.0113219333899094,0.0808837005724869,0.986951065686299
0.587400939781219,0.431873505091062,0.579500701820194,0.740938231537737,0.972267432633089
0.825834597228095,0.921441141486866,0.736979791540534,0.773614765895146,0.514427072630497
0.476472835754976,0.938848094869172,0.259292065980311,0.165087454586972,0.244133533298736
0.344724316382781,0.620115408702986,0.0624939378380425,0.184991613313654,0.1023132125556
0.0302010881714523,0.514528214087477,0.426827203229407,0.316179841853025,0.0874523982929531
0.147400692338124,0.294830687373178,0.448974567156566,0.820565001890903,0.476033151295269
0.583111671265215,0.869358793395804,0.436830183452616,0.383653534187009,0.296187529311283
0.107819343451411,0.768294789973879,0.0576605870122501,0.0771338104176255,0.041382320370758
0.0869107118342072,0.639606888027629,0.260871500393641,0.23622392527223,0.174681973614497
0.89990319730714,0.577992325619562,0.889200707567758,0.78981972946762,0.761882809951203
0.656919718720019,0.924583615822485,0.439015358883413,0.742021891182086,0.360851637582527
0.311116700060666,0.848397643509088,0.163411859487767,0.145432684943114,0.100255475292215
0.0464155112858862,0.973837110417662,0.114140318305643,0.0125398060991249,0.0547312402923126
0.0320494365878403,0.0643350072496105,0.518810604496441,0.582778567119684,0.785865184530849
0.452690839301795,0.0461132821801584,0.0504111557822574,0.854253628397489,0.976291394181317
0.78323517460376,0.941558244318003,0.59956789662922,0.896686640402379,0.523732925154036
0.587347907945514,0.515539801650448,0.398916572324441,0.722433683319297,0.494932845613221
0.805153802037239,0.997738966398174,0.590653762210119,0.776794931835732,0.513659625576111
0.433227167231962,0.708367587503744,0.395137246255257,0.319759016711238,0.150160701508867
0.419206655351445,0.941581817605766,0.211159490421237,0.111658970368349,0.189671482745325
0.654952944023535,0.637724373635137,0.578540797026269,0.611577681557917,0.813094636570895
0.0792316019069403,0.501347108773189,0.112464182387612,0.286062978604239,0.435575710696867
0.070365832420066,0.199892044736771,0.868536962303537,0.334481681774554,0.627557089872425
0.547956170747057,0.327866703824839,0.897478024550926,0.471377145062995,0.234254254406551
0.263108976883814,0.521478697744897,0.346290730217986,0.406819405292991,0.572798450913979
0.308024582453072,0.0147874048852827,0.879624633519358,0.168447180138618,0.458967242186191
0.701476438902318,0.545313693030039,0.645001100375265,0.734655970516252,0.436374558048556
0.723844774067402,0.959726609085919,0.559482960373039,0.506365284516504,0.435747043316951
0.953557901317254,0.037733089615358,0.427819611453569,0.22297548699128,0.753522005485138
0.343403155915439,0.12234401438036,0.313151021441077,0.572961772351052,0.866500732576242
0.327865751460195,0.47099021289614,0.384381022493651,0.302129301173783,0.713742244901368
0.126969704870135,0.732830243156059,0.146299715801711,0.147257403588698,0.122804638027446
0.431832226458937,0.867515438731061,0.206536699740669,0.21867139902537,0.252813729021
0.553270031465217,0.672763402078999,0.465961879699399,0.650355397186051,0.349425787077053
0.974022949812934,0.997712856711587,0.893661638411377,0.99974300816848,0.967526356951566
0.77523749647662,0.842815414333018,0.655185958679539,0.841366096358828,0.612635331432102
0.0605775613803416,0.90129997881013,0.00724117333524127,0.00479743729500833,0.0589621860708576
0.797994920285419,0.676197235152358,0.77293611456365,0.706304034219293,0.412557778035989
0.927858703769743,0.707094818266341,0.886576257022133,0.899930566414652,0.946908029349288
0.97757279034704,0.285629533202155,0.952547121259477,0.661885252585745,0.0412317443115171
0.100332775618881,0.434303859510692,0.140536474277787,0.275264819690402,0.923023046256276
0.575169690186158,0.636931916436879,0.434980583661631,0.799147720192582,0.38252141335397
0.969546730164438,0.9034110706707,0.928352212946218,0.975058213059073,0.959651667828439
0.456497098552063,0.977092459943378,0.184503180389137,0.091754575199317,0.170616652263561
0.737056418554857,0.187610406166641,0.170440913778554,0.770073934847644,0.77965571792447
0.524402741342783,0.221453350357478,0.886137762161311,0.443184329143432,0.38723923030193
0.969867547508329,0.66833476521424,0.949347941846772,0.888784362722695,0.945576287253061
0.85776529693976,0.823891750449548,0.807211567754707,0.802497393092588,0.568705492274603
0.487673230702057,0.339030697505223,0.594217556769305,0.728932737765356,0.524007952451939
0.545952037675306,0.662798715318786,0.402643760415862,0.683821992988805,0.809873999533011
0.64329844317399,0.399840072641382,0.562402863486529,0.816977291233696,0.636193528567674
0.613691169302911,0.299411490705097,0.633022866057984,0.442665274474642,0.12514437889331
0.356072737369686,0.438721115322551,0.368997057217496,0.0965940431701771,0.965863426943542
0.254599860869348,0.0321394137863535,0.795934637386403,0.12903509558882,0.510217044997262
0.962323262123391,0.705901621462544,0.942007544094561,0.888128196307689,0.920769717457006
0.0512131401337683,0.822601919091539,0.0299176369411246,0.0354728485986558,0.0180960384604987
0.449651418719441,0.442679036088521,0.687797922908227,0.365415705034141,0.338883450982394
0.478574362583458,0.602184504648903,0.286088534354484,0.41754195088758,0.931805994623573
0.460934416623786,0.968254002305912,0.330372670569286,0.0152505039075851,0.230337997578317
0.656392261153087,0.317107603623299,0.483888520238277,0.75005190489368,0.594122761714971
0.282728641061112,0.234862248849822,0.679164447665681,0.339893356235561,0.497227542364271
0.753369159065187,0.5648463415273,0.672507092064392,0.865831278594831,0.852026912529254
0.154858966358006,0.407340016070521,0.113467959468954,0.383206382046963,0.768917836336186
0.267381187062711,0.458497602288844,0.0622103463356736,0.189456602444431,0.822185245720902
0.792529614642262,0.775482524855761,0.675473866050053,0.910683522788573,0.710438504262129
0.433672011597082,0.737629611830926,0.308280926090967,0.466073532539992,0.126357837609248
0.196960720699281,0.202833763760282,0.599782535217432,0.256793398534501,0.612029565294506
0.944099518004805,0.667422265541973,0.932467342240382,0.828659740884711,0.67560542470892
0.165474491892383,0.330073707009433,0.479426072318218,0.453434007482838,0.713778396398993
0.289049814920872,0.115497676102677,0.217516073019555,0.667557593186493,0.924948451953242
0.13548290845938,0.0114239726972301,0.618032462383604,0.0420464626076277,0.769243839808041
0.942084863316268,0.910166990041034,0.881491986437399,0.951302324692358,0.784089082299033
0.662367522716522,0.467143984307768,0.637848127854389,0.781592593650616,0.495575344626559
0.870337017811835,0.854744090378517,0.768191059735464,0.948926100543673,0.786922924075043
0.711178553756326,0.529394492768915,0.684641728004779,0.731299979821113,0.301200637681177
0.106641510035843,0.343864815746201,0.05096246997747,0.313583176228338,0.865084114688216
0.361991616198793,0.324749470193638,0.00140474233989779,0.0331792195961414,0.597532914980548
0.80116565618664,0.0397639692237135,0.833259566811092,0.262489350643193,0.329519496968715
0.218610924901441,0.0735696711635683,0.492816337188071,0.696607050467307,0.765896535041975
0.362867265241221,0.0192524538433645,0.517233982878939,0.541842585952409,0.784600876650074
0.188529985025525,0.683873980509816,0.397906484554151,0.149519465038299,0.107741731364513
0.285832949681208,0.387151644710684,0.362263730576029,0.828778079904559,0.199944842170225
0.719599296804518,0.455497281771386,0.228675693249499,0.801896732249031,0.171155569929397
0.747512799687684,0.716572580015054,0.743279854440993,0.689422452619102,0.552870748535497
0.723162813810632,0.922456639324082,0.531697222941279,0.909950085368913,0.496666444203584
0.684469738043845,0.189120780356461,0.98367573114272,0.464886314583123,0.083870431088144
0.332641902612522,0.201297874649754,0.448149331629613,0.457820596815823,0.707383648637915
0.966283175395802,0.710149216611171,0.923581208980156,0.93597968580866,0.997468604735332
0.913603551452979,0.0395101676404011,0.425972452958264,0.993613503662357,0.747939965833211
0.529834281187505,0.630888624262298,0.325910284749364,0.646576771257474,0.831336530303815
0.956641198135912,0.768946634576423,0.936999917260327,0.882217852244173,0.745096208673203
0.310643125092611,0.105011740612099,0.751755296139556,0.323270602729902,0.573462499160087
0.913435185560957,0.348259913473157,0.931481576777436,0.662587363277241,0.291353163222084
0.714214263018221,0.869344058242859,0.614282988037404,0.524486808349107,0.442347605741816
0.0833965388592333,0.880819044687087,0.122903660535387,0.0528049713664631,0.0743554514774587
0.567633205791935,0.958720341586741,0.281072583658128,0.260425427220815,0.297687218495412
0.372575384331867,0.542033702338813,0.302874933931127,0.441273945068445,0.82418719373527
0.265289604663849,0.945830286043929,0.156798777589961,0.0596939855915598,0.0954718400316779
0.4772483271081,0.399627578066429,0.528821228982626,0.755718737538084,0.580942731903633
0.900005466071889,0.981967010506196,0.738985583729631,0.998330211430403,0.816194514831295
0.908290977822617,0.393346879485762,0.863147626729048,0.729941230687303,0.243833969725529
0.170756035950035,0.182937925477745,0.514710123091856,0.47120925009037,0.683359392074635
0.362812297185883,0.557951572205639,0.539072206127199,0.521694909020627,0.645726292772451
0.872302025789395,0.125253096368397,0.888544792421438,0.461601346076695,0.199990241642809
0.151086586993188,0.55095780393458,0.173995495278301,0.361672957033675,0.244171228812775
0.304499520221725,0.870369474898325,0.22252284956139,0.148147608883392,0.1263243102876
0.321883457247168,0.0243797383445781,0.120199862466906,0.891453570200179,0.972176722571021
0.344462336041033,0.658939452230697,0.347743720429289,0.571326819574877,0.296657289640279
0.00270050973631442,0.965346871264046,0.0125436703818562,0.00285422779131084,0.00606950858491473
0.806085607502609,0.653836511221016,0.783100710294872,0.702419828063092,0.334305370779475
0.330488601932302,0.79742654322763,0.144548955152539,0.203049674930782,0.134513093071291
0.145977574167773,0.40786227825447,0.314935134065126,0.375189414711785,0.718943962157937
0.496659342898056,0.197823759372113,0.887614576367524,0.504988767538659,0.458320191391977
0.155307591892779,0.474894002458313,0.367026462029889,0.270032340545477,0.951765402598539
0.711013223044574,0.94186959110084,0.508584438445769,0.720766324625553,0.410485282394802
0.509892428293824,0.622231083601946,0.30037332185095,0.678652731042768,0.23723161619273
0.0827115497086197,0.241802588367136,0.0496090927976508,0.451387645378423,0.963295953319175
0.757694701198488,0.312295645504491,0.809802018124115,0.588499043925284,0.24933351171785
0.5199340574909,0.975268140755361,0.211764016671608,0.151527817809274,0.211087492789375
0.686745950486511,0.799905591964489,0.53646367642256,0.810526805668962,0.538545443880139
0.516610961873084,0.94708759963396,0.289416206283564,0.226772198744741,0.249966669973219
0.496144424891099,0.413924692635192,0.495747392179815,0.349103992760054,0.850096555455821
0.277781326090917,0.124748342699604,0.502486359244391,0.58159078334201,0.743517771799816
0.0706499929074198,0.976345294882776,0.151984195541264,0.00978498157854992,0.0752784593205433
0.209041611058637,0.239324296446284,0.924502158853043,0.444575326927608,0.330295186984586
0.103186483960599,0.900973910553148,0.0393970789965967,0.0283126802270617,0.0202206494577695
0.648420036071911,0.95902332427795,0.42079986543328,0.513024975047165,0.36334752154653
0.474875445710495,0.273253783088876,0.416544756150387,0.763066261844373,0.643333091604291
0.624281563330442,0.144485975120915,0.321937851874517,0.849916906136744,0.732380500325235
0.896538536064327,0.163793807936599,0.801597970534247,0.532211410350862,0.253832578338915
0.2148765954189,0.067247618251713,0.703579870282231,0.144663737928745,0.616603232949274
0.282487392658368,0.585813881509239,0.247571532261358,0.417065803353273,0.105452675401466
0.137772906338796,0.62541983652045,0.285688958104802,0.337402526389292,0.0217744494148064
0.77081988635473,0.898137424403103,0.62621373649689,0.911729127230287,0.576558118540561
0.888654433889315,0.0563253865984734,0.0604292846044706,0.863394521245463,0.938723444385687
0.159408935811371,0.19400635708007,0.925352975195019,0.441601366456245,0.194505436258623
0.833559889812022,0.619164672301849,0.762585051803661,0.889660814291802,0.974914395279484
0.133618173422292,0.46267823773087,0.299818127691634,0.367486959641619,0.633597064617788
0.37369070854038,0.137647034978727,0.458508025326642,0.89739432275567,0.703427001746604
0.331395785324275,0.224991453549592,0.133631335858583,0.766164916916359,0.811168139887741
0.658172185299918,0.573203992535127,0.654951568624626,0.691392338373111,0.693673327594297
0.283244495512918,0.0132791317009833,0.977006277464688,0.131022426404327,0.210167918849038
0.814642935991287,0.308785684726899,0.926420175763852,0.558822798401012,0.313726306863828
0.00908157601952553,0.990188828815008,0.0158687053541405,0.00174164536542031,0.0128520601720084
0.78454359062016,0.882542250183178,0.687436123379894,0.696869307467109,0.506675357552012
0.694366615498438,0.180507593526272,0.92981718200646,0.463078817401252,0.209532546490664
0.412118606735021,0.402341809502104,0.400931031870325,0.262543860227896,0.810080937546445
0.699764010496438,0.77935431318474,0.570489836068598,0.904631893740305,0.670001713762758
0.0387026881799102,0.885602574824588,0.00744962633475543,0.00622293795959464,0.0132799377606716
0.325378160458058,0.875777474575443,0.220866111785056,0.0772748787776957,0.134770738513907
0.581242121523246,0.867985158605734,0.510884495554657,0.183213830712754,0.288176122092409
0.663543467177078,0.29525775249931,0.719342341495652,0.60938327909416,0.456219612475252
0.337630831170827,0.719089525664458,0.265606422397322,0.357749528270799,0.269069457339356
0.796635784907266,0.547405757097295,0.781182840917561,0.701659039904055,0.344131117890356
0.849386150715873,0.878255177551182,0.762663076901618,0.747715313994593,0.53953104026732
0.687828633468598,0.87145296743256,0.562018958682605,0.564912314978238,0.439389930834295
0.491051922785118,0.851852277090074,0.355708225995995,0.176233012293812,0.302889500017045
0.246662905672565,0.760806831269292,0.0505064386423353,0.0999464905650387,0.0272503909945954
0.46845598728396,0.288908512011403,0.225017855964381,0.790644493135311,0.722942819964373
0.298985202331096,0.932458778290311,0.152107071428996,0.0646679301772398,0.120002630486852
0.367403920274228,0.132670895283809,0.718704031799187,0.409280307523564,0.476508590189042
0.935839456273243,0.553613278636476,0.933877555555,0.772483102834349,0.540833049715729
0.454164606053382,0.989679841411998,0.182272747727746,0.0517964752044738,0.186171171284514
0.251482214545831,0.447456198598957,0.230783147200427,0.580777635221063,0.103572896361584
0.522390347439796,0.144639373145765,0.332068160285446,0.747976100851287,0.802808881999226
0.786988275125623,0.150521563395159,0.620132829206541,0.884709168279418,0.573572496563429
0.956884811166674,0.0267304930312093,0.848102725412941,0.27927342188788,0.27019149865373
0.874620049260557,0.655829296010779,0.845964547492081,0.818845309906339,0.765479233959923
0.727086208760738,0.254456049849978,0.587253545362601,0.535215319631883,0.235964547231561
0.898763872450218,0.725927527964814,0.824199828495914,0.916180107059559,0.881357549602399
0.314395390683785,0.805770005652448,0.256552243035229,0.115190988117101,0.361144501337549
0.350113706896082,0.462543503235793,0.239125523426716,0.409610833871394,0.622418144688709
0.836324149742723,0.906215038528899,0.705127428732003,0.947127253664983,0.659077512362273
0.251587342238054,0.0696642035909463,0.343263567696243,0.81745549252815,0.858598750695819
0.988359997048974,0.700346976198489,0.985337365730607,0.879645606936837,0.816208730422659
0.467278938740492,0.445312431053026,0.190731404853114,0.585003561036368,0.499938546534395
0.457630204269662,0.310229975526454,0.300176769991677,0.814916264886792,0.556669281882932
0.0605953473132104,0.33218440177734,0.558508181822136,0.590385875305354,0.741456002200721
0.111811365699396,0.726683091925224,0.083931038042874,0.153823397661062,0.00425353631726466
0.707446865038946,0.0338659940462094,0.910521659757473,0.211708736315244,0.277581314294366
0.249081027228385,0.790917404607171,0.141834800783003,0.146113333962359,0.0820549726777244
0.204531401395798,0.496190417878097,0.0227589797911722,0.122147290398503,0.22257356022601
0.142034904798493,0.479597939847736,0.11784594252425,0.328832761973848,0.472591808269499
0.470752449473366,0.123017720732605,0.304879766707221,0.649338342591618,0.858068289031507
0.767797112697735,0.272155554470373,0.23815195359095,0.655778764482616,0.555729725252604
0.150868566939607,0.375835868617287,0.139565563506555,0.372096676384369,0.917191653134068
0.624666369752958,0.557759974297369,0.258935454133531,0.770791750194505,0.0947652490285691
0.817570245359093,0.0399732040532399,0.97335309801309,0.293251127080453,0.127521098329453
0.0175395694095641,0.997656859777635,0.00935317708102396,0.000484744956787001,0.015013395837741
0.464462488191202,0.606746511621168,0.308561573026691,0.661138397758124,0.412353712803451
0.337629981804639,0.239984913234366,0.407844609215805,0.353807121167926,0.818002631276613
0.360147698083892,0.772631489991909,0.356672222405296,0.161670919342498,0.176114369445713
0.994950867258012,0.560837202036055,0.995590676655137,0.818572568909074,0.658737936784746
0.717341195326298,0.382833168871002,0.746868653784624,0.671395814663878,0.839277185063111
0.455556828761473,0.557621399551863,0.799426221435824,0.500117837798885,0.593514523963677
0.00891571049578488,0.744059322023531,0.00772552130278503,0.0103594007968052,0.11844914915855
0.360597325721756,0.565115842822706,0.491091385098419,0.128145369230517,0.7856014946301
0.434379448648542,0.818988442624686,0.345142476915297,0.0941256109543639,0.242758734995732
0.816848792601377,0.0264798339048866,0.790016721684079,0.336050088533403,0.453844230476534
0.047372687375173,0.876839972886955,0.108548370820199,0.0428627934892259,0.0572110539942514
0.674957480980083,0.213086434203433,0.763599700523215,0.467539999517932,0.360779360955348
0.301896655932069,0.185982582246652,0.814822147935731,0.23242358150926,0.239410846872488
0.52703249361366,0.900244572811062,0.249517253675422,0.417934114980283,0.2135864427255
0.554444579640403,0.483904191496549,0.175053860675499,0.552687231331978,0.0477444571151864
0.0827098824083805,0.188853374769678,0.630714838921721,0.312357185538089,0.58080145061831
0.4934650240466,0.776279193320079,0.178633383684265,0.333832049485551,0.587731479288777
0.135457386728376,0.539854933129391,0.11979210230486,0.300478756351499,0.158885473298142
0.715236098039895,0.814336090843426,0.618338724498366,0.583514625870998,0.514960317086661
0.0267769345082343,0.0173735094431322,0.333308888839394,0.716827793344553,0.941328284534393
0.701930463779718,0.0495795150345657,0.530239238532826,0.554280109037968,0.694987131020753
0.923206170788035,0.581042822130257,0.858084484378253,0.871093747671289,0.835800142987864
0.669841760303825,0.443590392969782,0.662445461685455,0.714422782480262,0.235852119134506
0.495131825562567,0.173783514270326,0.704259006426184,0.492422615935173,0.471007089741761
0.121433902066201,0.737173638277454,0.0742316443015168,0.102265349222623,0.097085179266287
0.310472124489024,0.0552545266400557,0.804196175277217,0.107419909854916,0.398118310346035
0.109515537973493,0.262036816537147,0.354946106145991,0.829624428874403,0.777069246716565
0.462769123958424,0.468647191155469,0.588524120127506,0.453450658962984,0.537906058802037
0.00131928571499884,0.647254507726757,0.134945208683768,0.0906984955516126,0.391480553924339
0.839027196634561,0.900042980530998,0.713870429061472,0.920807481200633,0.606060375372181
0.0233103847131133,0.0580077320628334,0.180296513298986,0.888057394734277,0.978099931409815
0.419782446697354,0.631757951428881,0.286784858068239,0.28534304106788,0.710886751447106
0.282030808739364,0.266778961202363,0.611145774126544,0.309750288395536,0.59634529511095
0.335688552819192,0.527923181914957,0.15588156555549,0.511072629733959,0.246713426866336
0.438568560406566,0.526582261692965,0.36955645514645,0.530262889543378,0.658397575636627
0.523648402653635,0.975861493818229,0.299728136422686,0.133048974429502,0.231278473482234
0.643839036114514,0.82889074619743,0.557673574130564,0.397686845185323,0.379262749076588
0.55224433587864,0.217984562186757,0.123384254327424,0.661782760913751,0.850320474623004
0.357554169604555,0.340463174536126,0.476965890751436,0.779127965754618,0.428118695359444
0.57046034024097,0.774331172200618,0.499052646203544,0.336060987208661,0.394951297639636
0.708648985950276,0.197048329311656,0.906357472111762,0.476123125544722,0.264200273988536
0.265077498508617,0.252175359782996,0.70009563271721,0.30990269575473,0.795433116640197
0.244915600400418,0.438595521874959,0.422502714128289,0.520025075692471,0.777587946300628
0.514939718646929,0.278857043856988,0.358498916084121,0.615304330644376,0.460075349110411
0.0685518819373101,0.659807616757462,0.0501712709705122,0.105260869179326,0.0994698402064387
0.951197541086003,0.906079014617717,0.889805627341633,0.9730611124296,0.907055677467724
0.424289104761556,0.595894033933291,0.283636107754986,0.58390155617681,0.246045778127154
0.796522225253284,0.182990720641101,0.0319061509497808,0.405420113150747,0.864880302076926
0.956694185733795,0.421391167357797,0.908012149682854,0.795731050145895,0.882913160108728
0.289049125974998,0.2960937237076,0.313709862630273,0.45986255215029,0.783105401700595
0.891438892344013,0.0969683509028982,0.989280510601395,0.418254589207169,0.0886061551573221
0.402193092973903,0.918262867984595,0.21222187469039,0.0927027024669018,0.230226231884444
0.265237128129229,0.713012273336062,0.0810049507318736,0.136684306635767,0.231484157004161
0.533948242431507,0.200537903379882,0.545415157641595,0.733762293598414,0.325363032723544
0.46730083739385,0.891643009003019,0.330392878236968,0.156848877915345,0.230989121511811
0.647232493385673,0.755053542408859,0.602189563499049,0.559329562241657,0.512799698539311
0.370582518167794,0.137392982869642,0.436743816732443,0.460621103704673,0.789368812955217
0.910272759618238,0.829009522421984,0.821302145332095,0.964105090338136,0.932449472107692
0.413129039574414,0.219548394408775,0.48467716852691,0.829165158791003,0.643338232039241
0.629000856541097,0.237565247545717,0.685467042130742,0.646576539190185,0.286329970083898
0.963459470542148,0.900207864615368,0.928248565412506,0.953578519822269,0.828361636638874
0.869381672469899,0.996198736975202,0.696135408531539,0.946128671946387,0.579310481931316
0.680487854406238,0.360187784564914,0.192135410558739,0.75540676523333,0.174794275400927
0.00982296839356422,0.929157181148184,0.0469100220146799,0.0141865513939141,0.0125616115692537
0.103148453403264,0.518104938062606,0.134236524972492,0.299620596649741,0.445442376862047
0.331546679139137,0.605378389096586,0.239174060632391,0.499324545124144,0.242406639881665
0.543409367324784,0.795803051645635,0.411882599493346,0.293052769016539,0.369539077073568
0.998263260582462,0.916292164969491,0.994771408148494,0.979086003642865,0.927066560281673
0.692709811031818,0.876747200585669,0.540179428769283,0.671987360118386,0.457398976228433
0.0701019740663469,0.400687488930998,0.0645245824240472,0.265581923588569,0.882814808835974
0.349928663577884,0.926393679721514,0.157501716258951,0.0911513233415383,0.186379513615975
0.133508834289387,0.740764645015588,0.357908229601949,0.0725653186655334,0.0409054666815791
0.438756128773093,0.711022392933955,0.317158301160668,0.477582116546724,0.110114840470487
0.803570331074297,0.91336594169843,0.656568074367925,0.921286739355779,0.598291860689642
0.53894797922112,0.165760102594504,0.586392678858077,0.553844048885336,0.616945226647658
0.510547966463491,0.961021407187218,0.386355918009387,0.0184776848325404,0.234816548734671
0.989215889247134,0.583269218244823,0.979568132462118,0.881201286353755,0.997837121627526
0.837958669522777,0.0882826152082998,0.947593975975837,0.363866463686554,0.0943019490514416
0.306081975577399,0.121462700335542,0.348499046462688,0.663571243927726,0.843488731392426
0.335338739212602,0.56140610636794,0.26487731908545,0.486280496748266,0.315906623349292
0.217885040678084,0.969596624694532,0.132741556649312,0.0342391418922852,0.0425925918098073
0.214015187229961,0.308486042747973,0.0907353959561094,0.435433401338856,0.869935801165411
0.0213899037335068,0.533427233138354,0.0299271509152698,0.0969623774338205,0.701382309693145
0.106902089901268,0.985289499658393,0.197731526747301,0.0101119948349017,0.0440211179375183
0.277134770294651,0.00342553001246415,0.315466153542592,0.850130219563128,0.925514788861619
0.683667043689638,0.29643013360328,0.647271137859845,0.661890341565807,0.732110397744691
0.669535614317283,0.515218425338389,0.543251854019776,0.856726763985197,0.0549009488022421
0.720423663966358,0.582016007887432,0.722756781732509,0.718016387499302,0.845536518405424
0.107563726603985,0.428953039081534,0.582801133178825,0.170742523541165,0.720823935786029
0.951708030654117,0.993591184756951,0.86114604594131,0.995501405287929,0.784081049525412
0.547640805365518,0.00700137912645005,0.263726342866856,0.935277217097677,0.917843934235862
0.10168556519784,0.515395035647089,0.0237953074335458,0.0841718619560243,0.579337518283864
0.48932510567829,0.881853093014797,0.221039386340657,0.302623255353151,0.190355460828869
0.869159743422642,0.895570072490955,0.723907566316182,0.990461309217157,0.871086298342561
0.668205327121541,0.632733704318525,0.578154847909312,0.729519363793476,0.503876523784129
0.776492528151721,0.954449813609244,0.604781793412557,0.771382947048584,0.498481908842223
0.751127878669649,0.155995594948763,0.927567711858436,0.479566377031746,0.326009914308088
0.362123155267909,0.378659257810796,0.494161994908111,0.437131814953345,0.371089561289409
0.485808295663446,0.0924239309097175,0.387918494217103,0.795061462531168,0.815651990211336
0.07219841144979,0.544424969615648,0.124785027212987,0.300569317070521,0.1961936551088
0.727147099561989,0.783879310678458,0.755149377231685,0.494479312862513,0.332834521919722
0.803388415835798,0.870594896870898,0.71658372718876,0.737977845780135,0.558203679887811
0.531867762561888,0.548653525620466,0.35593965669463,0.466692447034389,0.682718699477846
0.445154564920813,0.42595906907809,0.580386989032663,0.793123367082377,0.581427069701022
0.696386568248272,0.51352025163942,0.516288431298475,0.933785786572595,0.863737554027466
0.0483379825018346,0.745217035728274,0.158251934597557,0.0695995692479192,0.16231991184759
0.237496630754322,0.879779101378517,0.261326944161588,0.0670155970170753,0.130746317707235
0.381425119470805,0.895120248460444,0.344076422449066,0.0594874650847389,0.160267063212814
0.0659747822210193,0.23794091338641,0.554814544422262,0.148937118068778,0.627026095608016
